seed,data,criterion,geom_threshold,warm_start,method,K,silhouette,dunn,ari_true,runtime
3,Atom,silhouette,0.0,oct,True,2.0,0.3113250570039431,0.3710709993544942,1.0,0.0
3,Atom,silhouette,0.0,oct,ICOT_local,8.0,0.5180205227727694,0.02519985349749375,-10.0,3261.160878171
3,Atom,silhouette,0.0,oct,OCT,3.0,0.419062566050365,0.04084998229244631,-10.0,0.373011683
3,Atom,silhouette,0.0,oct,kmeans_plus,10.0,0.6148322988862748,0.03860457872213804,-10.0,4.186270583
3,Atom,silhouette,0.0,oct,hclust,10.0,0.5926597646210817,0.07451135618031461,-10.0,2.287820726
3,Atom,silhouette,0.0,oct,gmm,9.0,0.5698121181314744,0.04986713898384981,-10.0,0.241945146
3,Atom,silhouette,0.0,oct,dbscan,0.8,-0.011975894186420841,0.015198613375968707,-10.0,0.730684902
