seed,data,criterion,geom_threshold,warm_start,method,K,silhouette,dunn,ari_true,runtime
5,Atom,silhouette,0.9,oct,True,2.0,0.3113250570039431,0.3710709993544942,1.0,0.0
5,Atom,silhouette,0.9,oct,ICOT_local,8.0,0.5160279321318711,0.02253057057304733,-10.0,598.336992886
5,Atom,silhouette,0.9,oct,OCT,3.0,0.42774536064571633,0.04103251008604398,-10.0,0.374381057
5,Atom,silhouette,0.9,oct,kmeans_plus,10.0,0.6146437693885778,0.0228683150851142,-10.0,4.414681818
5,Atom,silhouette,0.9,oct,hclust,10.0,0.5926597646210817,0.07451135618031461,-10.0,2.246860825
5,Atom,silhouette,0.9,oct,gmm,7.0,0.5619257980729764,0.03102359648778941,-10.0,0.233517699
5,Atom,silhouette,0.9,oct,dbscan,0.8,-0.011975894186420841,0.015198613375968707,-10.0,0.76702546
