seed,data,criterion,geom_threshold,warm_start,method,K,silhouette,dunn,ari_true,runtime
1,Atom,silhouette,0.0,none,True,2.0,0.31132505700394303,0.3710709993544942,1.0,0.0
1,Atom,silhouette,0.0,none,ICOT_local,8.0,0.5205759496873819,0.027796894536585393,-10.0,4682.599569644
1,Atom,silhouette,0.0,none,OCT,10.0,0.4641432275520275,0.02647814548346923,-10.0,0.627660766
1,Atom,silhouette,0.0,none,kmeans_plus,10.0,0.613691066135672,0.03063032596027594,-10.0,2.177934765
1,Atom,silhouette,0.0,none,hclust,10.0,0.5926597646210818,0.07451135618031461,-10.0,2.114939384
1,Atom,silhouette,0.0,none,gmm,8.0,0.567081024472932,0.047197047286333504,-10.0,0.246317145
1,Atom,silhouette,0.0,none,dbscan,0.8,-0.011975894186420841,0.015198613375968707,-10.0,0.664849285
