seed,data,criterion,geom_threshold,warm_start,method,K,silhouette,dunn,ari_true,runtime
1,Atom,silhouette,0.99,oct,True,2.0,0.31132505700394303,0.3710709993544942,1.0,0.0
1,Atom,silhouette,0.99,oct,ICOT_local,6.0,0.49658392963071657,0.05210535639408698,-10.0,130.051468651
1,Atom,silhouette,0.99,oct,OCT,3.0,0.4390291190249846,0.032130460379548025,-10.0,0.333493768
1,Atom,silhouette,0.99,oct,kmeans_plus,10.0,0.613691066135672,0.03063032596027594,-10.0,4.784222518
1,Atom,silhouette,0.99,oct,hclust,10.0,0.5926597646210818,0.07451135618031461,-10.0,2.296428306
1,Atom,silhouette,0.99,oct,gmm,8.0,0.567081024472932,0.047197047286333504,-10.0,0.226725846
1,Atom,silhouette,0.99,oct,dbscan,0.8,-0.011975894186420841,0.015198613375968707,-10.0,0.603433762
