seed,data,criterion,geom_threshold,warm_start,method,K,silhouette,dunn,ari_true,runtime
4,Atom,silhouette,0.99,oct,True,2.0,0.31132505700394303,0.3710709993544942,1.0,0.0
4,Atom,silhouette,0.99,oct,ICOT_local,8.0,0.5099158603831586,0.028002332914058268,-10.0,114.830018822
4,Atom,silhouette,0.99,oct,OCT,3.0,0.44029295983620587,0.03199038493081798,-10.0,0.339327669
4,Atom,silhouette,0.99,oct,kmeans_plus,10.0,0.6149744175991904,0.03860457872213804,-10.0,3.400958594
4,Atom,silhouette,0.99,oct,hclust,10.0,0.5926597646210818,0.07451135618031461,-10.0,1.972894105
4,Atom,silhouette,0.99,oct,gmm,10.0,0.5694215242504312,0.032372070845271925,-10.0,0.247818628
4,Atom,silhouette,0.99,oct,dbscan,0.8,-0.011975894186420841,0.015198613375968707,-10.0,0.554103499
