seed,data,criterion,geom_threshold,warm_start,method,K,silhouette,dunn,ari_true,runtime
4,Atom,dunnindex,0.0,oct,True,2.0,0.3113250570039431,0.3710709993544942,1.0,0.0
4,Atom,dunnindex,0.0,oct,ICOT_local,2.0,0.25782315050171845,0.13687273124837038,1.251580080731178e-5,9898.701397481
4,Atom,dunnindex,0.0,oct,OCT,3.0,0.440292959836206,0.03199038493081798,-10.0,0.413033128
4,Atom,dunnindex,0.0,oct,kmeans_plus,3.0,0.44619406296827285,0.05214210295495597,-10.0,4.567586801
4,Atom,dunnindex,0.0,oct,hclust,9.0,0.5762832094519829,0.0972301957730685,-10.0,2.264047473
4,Atom,dunnindex,0.0,oct,gmm,3.0,0.41938313665665006,0.048092931105570474,-10.0,0.259425048
4,Atom,dunnindex,0.0,oct,dbscan,1.0,-0.05972494349353041,0.01762149317622028,-10.0,1.243170262
