seed,data,criterion,geom_threshold,warm_start,method,K,silhouette,dunn,ari_true,runtime
5,Atom,silhouette,0.99,none,True,2.0,0.3113250570039431,0.3710709993544942,1.0,0.0
5,Atom,silhouette,0.99,none,ICOT_local,8.0,0.5148360707263797,0.027796894536585393,-10.0,706.174932062
5,Atom,silhouette,0.99,none,OCT,10.0,0.4703757239513118,0.016383448996803857,-10.0,0.636619041
5,Atom,silhouette,0.99,none,kmeans_plus,10.0,0.6146437693885778,0.0228683150851142,-10.0,2.667366134
5,Atom,silhouette,0.99,none,hclust,10.0,0.5926597646210817,0.07451135618031461,-10.0,2.606733598
5,Atom,silhouette,0.99,none,gmm,7.0,0.5619257980729764,0.03102359648778941,-10.0,0.260442465
5,Atom,silhouette,0.99,none,dbscan,0.8,-0.011975894186420841,0.015198613375968707,-10.0,1.56787941
