seed,data,criterion,geom_threshold,warm_start,method,K,silhouette,dunn,ari_true,runtime
4,Atom,silhouette,0.0,oct,True,2.0,0.3113250570039431,0.3710709993544942,1.0,0.0
4,Atom,silhouette,0.0,oct,ICOT_local,7.0,0.5200589700671386,0.027796894536585393,-10.0,2618.777756593
4,Atom,silhouette,0.0,oct,OCT,3.0,0.440292959836206,0.03199038493081798,-10.0,0.372762456
4,Atom,silhouette,0.0,oct,kmeans_plus,10.0,0.6149744175991904,0.03860457872213804,-10.0,4.072278506
4,Atom,silhouette,0.0,oct,hclust,10.0,0.5926597646210817,0.07451135618031461,-10.0,2.224397234
4,Atom,silhouette,0.0,oct,gmm,10.0,0.569421524250431,0.032372070845271925,-10.0,0.226593319
4,Atom,silhouette,0.0,oct,dbscan,0.8,-0.011975894186420841,0.015198613375968707,-10.0,0.713004411
