seed,data,criterion,geom_threshold,warm_start,method,K,silhouette,dunn,ari_true,runtime
4,Atom,dunnindex,0.99,oct,True,2.0,0.3113250570039431,0.3710709993544942,1.0,0.0
4,Atom,dunnindex,0.99,oct,ICOT_local,2.0,0.25782315050171845,0.13687273124837038,1.251580080731178e-5,176.002356778
4,Atom,dunnindex,0.99,oct,OCT,3.0,0.440292959836206,0.03199038493081798,-10.0,0.41475632
4,Atom,dunnindex,0.99,oct,kmeans_plus,3.0,0.44619406296827285,0.05214210295495597,-10.0,4.410734879
4,Atom,dunnindex,0.99,oct,hclust,9.0,0.5762832094519829,0.0972301957730685,-10.0,2.287358814
4,Atom,dunnindex,0.99,oct,gmm,3.0,0.41938313665665006,0.048092931105570474,-10.0,0.262979409
4,Atom,dunnindex,0.99,oct,dbscan,1.0,-0.05972494349353041,0.01762149317622028,-10.0,1.156916992
