seed,data,criterion,geom_threshold,warm_start,method,K,silhouette,dunn,ari_true,runtime
3,Atom,dunnindex,0.9,oct,True,2.0,0.3113250570039431,0.3710709993544942,1.0,0.0
3,Atom,dunnindex,0.9,oct,ICOT_local,2.0,0.25782315050171845,0.13687273124837038,1.251580080731178e-5,1717.3593134
3,Atom,dunnindex,0.9,oct,OCT,3.0,0.419062566050365,0.04084998229244631,-10.0,0.377848568
3,Atom,dunnindex,0.9,oct,kmeans_plus,3.0,0.44619406296827285,0.05214210295495597,-10.0,4.235025285
3,Atom,dunnindex,0.9,oct,hclust,9.0,0.5762832094519829,0.0972301957730685,-10.0,2.340601956
3,Atom,dunnindex,0.9,oct,gmm,9.0,0.5698121181314744,0.04986713898384981,-10.0,0.250269129
3,Atom,dunnindex,0.9,oct,dbscan,1.0,-0.05972494349353041,0.01762149317622028,-10.0,1.07369862
