seed,data,criterion,geom_threshold,warm_start,method,K,silhouette,dunn,ari_true,runtime
2,Atom,dunnindex,0.99,oct,True,2.0,0.3113250570039431,0.3710709993544942,1.0,0.0
2,Atom,dunnindex,0.99,oct,ICOT_local,2.0,0.25782315050171845,0.13687273124837038,1.251580080731178e-5,202.488048877
2,Atom,dunnindex,0.99,oct,OCT,3.0,0.4402159767883916,0.02672138424620949,-10.0,0.388479183
2,Atom,dunnindex,0.99,oct,kmeans_plus,3.0,0.44619406296827285,0.05214210295495597,-10.0,4.391510929
2,Atom,dunnindex,0.99,oct,hclust,9.0,0.5762832094519829,0.0972301957730685,-10.0,2.354082201
2,Atom,dunnindex,0.99,oct,gmm,3.0,0.4193251139058258,0.053743048679818384,-10.0,0.253574053
2,Atom,dunnindex,0.99,oct,dbscan,1.0,-0.05972494349353041,0.01762149317622028,-10.0,1.220806663
