seed,data,criterion,geom_threshold,warm_start,method,K,silhouette,dunn,ari_true,runtime
3,Atom,silhouette,0.9,none,True,2.0,0.3113250570039431,0.3710709993544942,1.0,0.0
3,Atom,silhouette,0.9,none,ICOT_local,8.0,0.5174068286985968,0.028002332914058268,-10.0,1379.172590449
3,Atom,silhouette,0.9,none,OCT,10.0,0.4827711545709399,0.026813962083352468,-10.0,0.605683151
3,Atom,silhouette,0.9,none,kmeans_plus,10.0,0.6148322988862748,0.03860457872213804,-10.0,2.517262303
3,Atom,silhouette,0.9,none,hclust,10.0,0.5926597646210817,0.07451135618031461,-10.0,2.32289759
3,Atom,silhouette,0.9,none,gmm,9.0,0.5698121181314744,0.04986713898384981,-10.0,0.226821066
3,Atom,silhouette,0.9,none,dbscan,0.8,-0.011975894186420841,0.015198613375968707,-10.0,0.824053578
