seed,data,criterion,geom_threshold,warm_start,method,K,silhouette,dunn,ari_true,runtime
2,Atom,silhouette,0.99,oct,True,2.0,0.3113250570039431,0.3710709993544942,1.0,0.0
2,Atom,silhouette,0.99,oct,ICOT_local,7.0,0.4977996307536421,0.03171491155476913,-10.0,114.787747022
2,Atom,silhouette,0.99,oct,OCT,3.0,0.4402159767883916,0.02672138424620949,-10.0,0.392087486
2,Atom,silhouette,0.99,oct,kmeans_plus,10.0,0.6133128878641685,0.03110482806822117,-10.0,4.424904878
2,Atom,silhouette,0.99,oct,hclust,10.0,0.5926597646210817,0.07451135618031461,-10.0,2.269838908
2,Atom,silhouette,0.99,oct,gmm,7.0,0.5542860641332228,0.026344373553400996,-10.0,0.233089621
2,Atom,silhouette,0.99,oct,dbscan,0.8,-0.011975894186420841,0.015198613375968707,-10.0,0.654603497
