seed,data,criterion,geom_threshold,warm_start,method,K,silhouette,dunn,ari_true,runtime
5,Atom,silhouette,0.99,oct,True,2.0,0.3113250570039431,0.3710709993544942,1.0,0.0
5,Atom,silhouette,0.99,oct,ICOT_local,7.0,0.49777838906160105,0.02963305385154108,-10.0,86.109373844
5,Atom,silhouette,0.99,oct,OCT,3.0,0.42774536064571633,0.04103251008604398,-10.0,0.373466943
5,Atom,silhouette,0.99,oct,kmeans_plus,10.0,0.6146437693885778,0.0228683150851142,-10.0,4.419783665
5,Atom,silhouette,0.99,oct,hclust,10.0,0.5926597646210817,0.07451135618031461,-10.0,2.271180247
5,Atom,silhouette,0.99,oct,gmm,7.0,0.5619257980729764,0.03102359648778941,-10.0,0.253112785
5,Atom,silhouette,0.99,oct,dbscan,0.8,-0.011975894186420841,0.015198613375968707,-10.0,0.760509529
