seed,data,criterion,geom_threshold,warm_start,method,K,silhouette,dunn,ari_true,runtime
5,Atom,dunnindex,0.0,oct,True,2.0,0.3113250570039431,0.3710709993544942,1.0,0.0
5,Atom,dunnindex,0.0,oct,ICOT_local,2.0,0.25782315050171845,0.13687273124837038,1.251580080731178e-5,9208.024865444
5,Atom,dunnindex,0.0,oct,OCT,3.0,0.42774536064571633,0.04103251008604398,-10.0,0.370647942
5,Atom,dunnindex,0.0,oct,kmeans_plus,3.0,0.44619406296827285,0.05214210295495597,-10.0,7.649418677
5,Atom,dunnindex,0.0,oct,hclust,9.0,0.5762832094519829,0.0972301957730685,-10.0,2.312930655
5,Atom,dunnindex,0.0,oct,gmm,3.0,0.364440818053443,0.039719709588322764,-10.0,0.271814157
5,Atom,dunnindex,0.0,oct,dbscan,1.0,-0.05972494349353041,0.01762149317622028,-10.0,1.212530632
