seed,data,criterion,geom_threshold,warm_start,method,K,silhouette,dunn,ari_true,runtime
5,Atom,dunnindex,0.0,none,True,2.0,0.31132505700394303,0.3710709993544942,1.0,0.0
5,Atom,dunnindex,0.0,none,ICOT_local,2.0,0.25782315050171845,0.13687273124837038,1.251580080731178e-5,5113.396325281
5,Atom,dunnindex,0.0,none,OCT,3.0,0.4415340023140969,0.05362820324984161,-10.0,0.50142448
5,Atom,dunnindex,0.0,none,kmeans_plus,3.0,0.4461940629682728,0.05214210295495597,-10.0,2.311372987
5,Atom,dunnindex,0.0,none,hclust,9.0,0.5762832094519831,0.0972301957730685,-10.0,2.576304711
5,Atom,dunnindex,0.0,none,gmm,3.0,0.364440818053443,0.039719709588322764,-10.0,0.298297175
5,Atom,dunnindex,0.0,none,dbscan,1.0,-0.05972494349353042,0.01762149317622028,-10.0,1.228172677
