seed,data,criterion,geom_threshold,warm_start,method,K,silhouette,dunn,ari_true,runtime
1,Atom,silhouette,0.0,oct,True,2.0,0.3113250570039431,0.3710709993544942,1.0,0.0
1,Atom,silhouette,0.0,oct,ICOT_local,8.0,0.520702692682089,0.027796894536585393,-10.0,2649.368121059
1,Atom,silhouette,0.0,oct,OCT,3.0,0.43902911902498476,0.032130460379548025,-10.0,0.400294737
1,Atom,silhouette,0.0,oct,kmeans_plus,10.0,0.6136910661356721,0.03063032596027594,-10.0,4.144993664
1,Atom,silhouette,0.0,oct,hclust,10.0,0.5926597646210817,0.07451135618031461,-10.0,2.237839066
1,Atom,silhouette,0.0,oct,gmm,8.0,0.567081024472932,0.047197047286333504,-10.0,0.23484129
1,Atom,silhouette,0.0,oct,dbscan,0.8,-0.011975894186420841,0.015198613375968707,-10.0,0.757188754
