seed,data,criterion,geom_threshold,warm_start,method,K,silhouette,dunn,ari_true,runtime
4,Atom,silhouette,0.0,none,True,2.0,0.31132505700394303,0.3710709993544942,1.0,0.0
4,Atom,silhouette,0.0,none,ICOT_local,8.0,0.5205022191983018,0.027796894536585393,-10.0,4595.418229728
4,Atom,silhouette,0.0,none,OCT,10.0,0.4894497795332885,0.026440867151592298,-10.0,0.57300177
4,Atom,silhouette,0.0,none,kmeans_plus,10.0,0.6149744175991904,0.03860457872213804,-10.0,2.147571938
4,Atom,silhouette,0.0,none,hclust,10.0,0.5926597646210818,0.07451135618031461,-10.0,1.312318563
4,Atom,silhouette,0.0,none,gmm,10.0,0.5694215242504312,0.032372070845271925,-10.0,0.231817628
4,Atom,silhouette,0.0,none,dbscan,0.8,-0.011975894186420841,0.015198613375968707,-10.0,0.650871073
