seed,data,criterion,geom_threshold,warm_start,method,K,silhouette,dunn,ari_true,runtime
4,Atom,silhouette,0.99,none,True,2.0,0.3113250570039431,0.3710709993544942,1.0,0.0
4,Atom,silhouette,0.99,none,ICOT_local,8.0,0.5152646711796638,0.027796894536585393,-10.0,678.627981359
4,Atom,silhouette,0.99,none,OCT,10.0,0.48944977953328833,0.026440867151592298,-10.0,0.606794097
4,Atom,silhouette,0.99,none,kmeans_plus,10.0,0.6149744175991904,0.03860457872213804,-10.0,2.64228786
4,Atom,silhouette,0.99,none,hclust,10.0,0.5926597646210817,0.07451135618031461,-10.0,2.085288273
4,Atom,silhouette,0.99,none,gmm,10.0,0.569421524250431,0.032372070845271925,-10.0,0.239291388
4,Atom,silhouette,0.99,none,dbscan,0.8,-0.011975894186420841,0.015198613375968707,-10.0,0.937545004
