seed,data,criterion,geom_threshold,warm_start,method,K,silhouette,dunn,ari_true,runtime
4,Atom,dunnindex,0.9,none,True,2.0,0.3113250570039431,0.3710709993544942,1.0,0.0
4,Atom,dunnindex,0.9,none,ICOT_local,2.0,0.25782315050171845,0.13687273124837038,1.251580080731178e-5,2606.362919564
4,Atom,dunnindex,0.9,none,OCT,3.0,0.44257694614625775,0.05362820324984161,-10.0,0.404063169
4,Atom,dunnindex,0.9,none,kmeans_plus,3.0,0.44619406296827285,0.05214210295495597,-10.0,2.694948219
4,Atom,dunnindex,0.9,none,hclust,9.0,0.5762832094519829,0.0972301957730685,-10.0,2.790647277
4,Atom,dunnindex,0.9,none,gmm,3.0,0.41938313665665006,0.048092931105570474,-10.0,0.278386998
4,Atom,dunnindex,0.9,none,dbscan,1.0,-0.05972494349353041,0.01762149317622028,-10.0,1.444073203
