seed,data,criterion,geom_threshold,warm_start,method,K,silhouette,dunn,ari_true,runtime
3,Chainlink,silhouette,0.0,oct,True,2.0,0.15763478498426092,0.26492048403569285,1.0,0.0
3,Chainlink,silhouette,0.0,oct,ICOT_local,4.0,0.3958098560170546,0.017660445833587245,-10.0,4518.306124074
3,Chainlink,silhouette,0.0,oct,OCT,2.0,0.28004572511115955,0.012841423912998366,0.0902934155805982,0.161764012
3,Chainlink,silhouette,0.0,oct,kmeans_plus,10.0,0.5005161454134772,0.030278447885216504,-10.0,4.79304502
3,Chainlink,silhouette,0.0,oct,hclust,10.0,0.4957143380455367,0.037347862999815074,-10.0,2.391646839
3,Chainlink,silhouette,0.0,oct,gmm,10.0,0.41172391709587774,0.008218948336061179,-10.0,0.259899151
3,Chainlink,silhouette,0.0,oct,dbscan,0.1,0.16840106299247,0.027391540377160826,-10.0,0.613533148
