seed,data,criterion,geom_threshold,warm_start,method,K,silhouette,dunn,ari_true,runtime
3,Chainlink,dunnindex,0.9,oct,True,2.0,0.15763478498426092,0.26492048403569285,1.0,0.0
3,Chainlink,dunnindex,0.9,oct,ICOT_local,2.0,0.06402613085951449,0.031390205403615014,0.0,1284.874643492
3,Chainlink,dunnindex,0.9,oct,OCT,2.0,0.28004572511115955,0.012841423912998366,0.0902934155805982,0.152004588
3,Chainlink,dunnindex,0.9,oct,kmeans_plus,10.0,0.5005161454134772,0.030278447885216504,-10.0,4.919806158
3,Chainlink,dunnindex,0.9,oct,hclust,9.0,0.4765744153896272,0.037347862999815074,-10.0,2.623602985
3,Chainlink,dunnindex,0.9,oct,gmm,6.0,0.3621089778127158,0.016179409786071814,-10.0,0.297549018
3,Chainlink,dunnindex,0.9,oct,dbscan,0.4,0.15763478498426092,0.26492048403569285,-10.0,0.683534705
