seed,data,criterion,geom_threshold,warm_start,method,K,silhouette,dunn,ari_true,runtime
3,Chainlink,dunnindex,0.99,oct,True,2.0,0.15763478498426092,0.26492048403569285,1.0,0.0
3,Chainlink,dunnindex,0.99,oct,ICOT_local,2.0,0.05950222417896836,0.031165956225968797,8.008072008455255e-6,470.089508272
3,Chainlink,dunnindex,0.99,oct,OCT,2.0,0.28004572511115955,0.012841423912998366,0.0902934155805982,0.143736499
3,Chainlink,dunnindex,0.99,oct,kmeans_plus,10.0,0.5005161454134772,0.030278447885216504,-10.0,4.243780146
3,Chainlink,dunnindex,0.99,oct,hclust,9.0,0.4765744153896272,0.037347862999815074,-10.0,2.199629193
3,Chainlink,dunnindex,0.99,oct,gmm,6.0,0.3621089778127158,0.016179409786071814,-10.0,0.276769761
3,Chainlink,dunnindex,0.99,oct,dbscan,0.4,0.15763478498426092,0.26492048403569285,-10.0,0.628459695
