seed,data,criterion,geom_threshold,warm_start,method,K,silhouette,dunn,ari_true,runtime
1,Chainlink,silhouette,0.0,oct,True,2.0,0.15763478498426092,0.26492048403569285,1.0,0.0
1,Chainlink,silhouette,0.0,oct,ICOT_local,6.0,0.3984548587630958,0.01727913074930622,-10.0,4381.4427281
1,Chainlink,silhouette,0.0,oct,OCT,2.0,0.281334077877444,0.012841423912998366,0.10407941218003056,0.203664205
1,Chainlink,silhouette,0.0,oct,kmeans_plus,10.0,0.50127463339641,0.02538549008529749,-10.0,4.937229657
1,Chainlink,silhouette,0.0,oct,hclust,10.0,0.4957143380455367,0.037347862999815074,-10.0,2.402455036
1,Chainlink,silhouette,0.0,oct,gmm,9.0,0.40673321359096937,0.008027930613522406,-10.0,0.25480595
1,Chainlink,silhouette,0.0,oct,dbscan,0.1,0.16840106299247,0.027391540377160826,-10.0,0.568229336
