seed,data,criterion,geom_threshold,warm_start,method,K,silhouette,dunn,ari_true,runtime
2,Chainlink,silhouette,0.0,none,True,2.0,0.15763478498426092,0.26492048403569285,1.0,0.0
2,Chainlink,silhouette,0.0,none,ICOT_local,4.0,0.39096115944027243,0.017660426862203767,-10.0,5532.623223712
2,Chainlink,silhouette,0.0,none,OCT,10.0,0.3148611289983287,0.01575290653323766,-10.0,0.710034067
2,Chainlink,silhouette,0.0,none,kmeans_plus,10.0,0.5005345863985721,0.030138681098672935,-10.0,3.25758827
2,Chainlink,silhouette,0.0,none,hclust,10.0,0.4957143380455367,0.037347862999815074,-10.0,2.813079867
2,Chainlink,silhouette,0.0,none,gmm,9.0,0.4070551493991747,0.008218948336061179,-10.0,0.265417152
2,Chainlink,silhouette,0.0,none,dbscan,0.1,0.16840106299247,0.027391540377160826,-10.0,0.60000004
