seed,data,criterion,geom_threshold,warm_start,method,K,silhouette,dunn,ari_true,runtime
4,Chainlink,silhouette,0.9,oct,True,2.0,0.15763478498426092,0.26492048403569285,1.0,0.0
4,Chainlink,silhouette,0.9,oct,ICOT_local,4.0,0.3962473824736179,0.008814990315384583,-10.0,737.193364546
4,Chainlink,silhouette,0.9,oct,OCT,2.0,0.280139119399002,0.012841423912998366,0.09272782327563994,0.177523824
4,Chainlink,silhouette,0.9,oct,kmeans_plus,10.0,0.50127463339641,0.02538549008529749,-10.0,6.094180201
4,Chainlink,silhouette,0.9,oct,hclust,10.0,0.4957143380455367,0.037347862999815074,-10.0,2.361983408
4,Chainlink,silhouette,0.9,oct,gmm,10.0,0.402021271061969,0.012550583332063055,-10.0,0.250309951
4,Chainlink,silhouette,0.9,oct,dbscan,0.1,0.16840106299247,0.027391540377160826,-10.0,0.628772371
