seed,data,criterion,geom_threshold,warm_start,method,K,silhouette,dunn,ari_true,runtime
4,Chainlink,dunnindex,0.9,none,True,2.0,0.15763478498426092,0.26492048403569285,1.0,0.0
4,Chainlink,dunnindex,0.9,none,ICOT_local,2.0,0.0045523983920802424,0.031682285512243336,0.0,6086.108911989
4,Chainlink,dunnindex,0.9,none,OCT,8.0,0.32270733977333393,0.01076091743046717,-10.0,0.767220042
4,Chainlink,dunnindex,0.9,none,kmeans_plus,8.0,0.4972373511964458,0.030232560132560406,-10.0,3.16891421
4,Chainlink,dunnindex,0.9,none,hclust,9.0,0.4765744153896272,0.037347862999815074,-10.0,2.563766824
4,Chainlink,dunnindex,0.9,none,gmm,7.0,0.38069999193562476,0.018931137550817427,-10.0,0.295975099
4,Chainlink,dunnindex,0.9,none,dbscan,0.4,0.15763478498426092,0.26492048403569285,-10.0,0.691653693
