seed,data,criterion,geom_threshold,warm_start,method,K,silhouette,dunn,ari_true,runtime
1,Chainlink,silhouette,0.99,none,True,2.0,0.15763478498426092,0.26492048403569285,1.0,0.0
1,Chainlink,silhouette,0.99,none,ICOT_local,4.0,0.39476918735741956,0.0168260490166948,-10.0,1299.699004354
1,Chainlink,silhouette,0.99,none,OCT,10.0,0.3164763376776944,0.015319231216855163,-10.0,0.696914656
1,Chainlink,silhouette,0.99,none,kmeans_plus,10.0,0.50127463339641,0.02538549008529749,-10.0,3.300830414
1,Chainlink,silhouette,0.99,none,hclust,10.0,0.4957143380455367,0.037347862999815074,-10.0,2.801031413
1,Chainlink,silhouette,0.99,none,gmm,9.0,0.40673321359096937,0.008027930613522406,-10.0,0.253450352
1,Chainlink,silhouette,0.99,none,dbscan,0.1,0.16840106299247,0.027391540377160826,-10.0,0.841681841
