seed,data,criterion,geom_threshold,warm_start,method,K,silhouette,dunn,ari_true,runtime
4,Chainlink,silhouette,0.0,oct,True,2.0,0.15763478498426092,0.26492048403569285,1.0,0.0
4,Chainlink,silhouette,0.0,oct,ICOT_local,6.0,0.397526950927128,0.022971745227427964,-10.0,4283.327882304
4,Chainlink,silhouette,0.0,oct,OCT,2.0,0.280139119399002,0.012841423912998366,0.09272782327563994,0.166358336
4,Chainlink,silhouette,0.0,oct,kmeans_plus,10.0,0.50127463339641,0.02538549008529749,-10.0,4.825502966
4,Chainlink,silhouette,0.0,oct,hclust,10.0,0.4957143380455367,0.037347862999815074,-10.0,2.397264385
4,Chainlink,silhouette,0.0,oct,gmm,10.0,0.402021271061969,0.012550583332063055,-10.0,0.262208396
4,Chainlink,silhouette,0.0,oct,dbscan,0.1,0.16840106299247,0.027391540377160826,-10.0,0.686294456
