seed,data,criterion,geom_threshold,warm_start,method,K,silhouette,dunn,ari_true,runtime
5,Chainlink,dunnindex,0.99,none,True,2.0,0.15763478498426092,0.26492048403569285,1.0,0.0
5,Chainlink,dunnindex,0.99,none,ICOT_local,2.0,0.0045523983920802424,0.031682285512243336,0.0,6343.166195962
5,Chainlink,dunnindex,0.99,none,OCT,10.0,0.3306788168701537,0.009612842953066978,-10.0,1.273287535
5,Chainlink,dunnindex,0.99,none,kmeans_plus,10.0,0.5008042092805474,0.030763942711283587,-10.0,3.26010202
5,Chainlink,dunnindex,0.99,none,hclust,9.0,0.4765744153896272,0.037347862999815074,-10.0,2.777238608
5,Chainlink,dunnindex,0.99,none,gmm,8.0,0.4188542922588715,0.011488183507627897,-10.0,0.612652407
5,Chainlink,dunnindex,0.99,none,dbscan,0.4,0.15763478498426092,0.26492048403569285,-10.0,1.077333022
