seed,data,criterion,geom_threshold,warm_start,method,K,silhouette,dunn,ari_true,runtime
3,Chainlink,silhouette,0.9,oct,True,2.0,0.15763478498426092,0.26492048403569285,1.0,0.0
3,Chainlink,silhouette,0.9,oct,ICOT_local,4.0,0.39566672593033714,0.017660426862203767,-10.0,635.579349709
3,Chainlink,silhouette,0.9,oct,OCT,2.0,0.28004572511115955,0.012841423912998366,0.0902934155805982,0.162590484
3,Chainlink,silhouette,0.9,oct,kmeans_plus,10.0,0.5005161454134772,0.030278447885216504,-10.0,4.660173618
3,Chainlink,silhouette,0.9,oct,hclust,10.0,0.4957143380455367,0.037347862999815074,-10.0,2.363732346
3,Chainlink,silhouette,0.9,oct,gmm,10.0,0.41172391709587774,0.008218948336061179,-10.0,0.255277194
3,Chainlink,silhouette,0.9,oct,dbscan,0.1,0.16840106299247,0.027391540377160826,-10.0,0.548365033
