seed,data,criterion,geom_threshold,warm_start,method,K,silhouette,dunn,ari_true,runtime
2,Chainlink,dunnindex,0.9,oct,True,2.0,0.15763478498426092,0.26492048403569285,1.0,0.0
2,Chainlink,dunnindex,0.9,oct,ICOT_local,4.0,0.3723012007550422,0.031962996568274234,-10.0,1358.755080559
2,Chainlink,dunnindex,0.9,oct,OCT,2.0,0.28024032790733927,0.012841423912998366,0.09272782327563994,0.165795013
2,Chainlink,dunnindex,0.9,oct,kmeans_plus,8.0,0.49737657070846253,0.03023251389486855,-10.0,4.953875612
2,Chainlink,dunnindex,0.9,oct,hclust,9.0,0.4765744153896272,0.037347862999815074,-10.0,2.320671183
2,Chainlink,dunnindex,0.9,oct,gmm,7.0,0.31621515964409663,0.016896546374941975,-10.0,0.317765345
2,Chainlink,dunnindex,0.9,oct,dbscan,0.4,0.15763478498426092,0.26492048403569285,-10.0,0.636562773
