seed,data,criterion,geom_threshold,warm_start,method,K,silhouette,dunn,ari_true,runtime
2,Chainlink,silhouette,0.9,oct,True,2.0,0.15763478498426092,0.26492048403569285,1.0,0.0
2,Chainlink,silhouette,0.9,oct,ICOT_local,6.0,0.397526950927128,0.022971745227427964,-10.0,715.938544505
2,Chainlink,silhouette,0.9,oct,OCT,2.0,0.28024032790733927,0.012841423912998366,0.09272782327563994,0.162326581
2,Chainlink,silhouette,0.9,oct,kmeans_plus,10.0,0.5005345863985721,0.030138681098672935,-10.0,4.887248587
2,Chainlink,silhouette,0.9,oct,hclust,10.0,0.4957143380455367,0.037347862999815074,-10.0,2.547350812
2,Chainlink,silhouette,0.9,oct,gmm,9.0,0.4070551493991747,0.008218948336061179,-10.0,0.25623471
2,Chainlink,silhouette,0.9,oct,dbscan,0.1,0.16840106299247,0.027391540377160826,-10.0,0.652401071
