seed,data,criterion,geom_threshold,warm_start,method,K,silhouette,dunn,ari_true,runtime
4,Chainlink,dunnindex,0.99,oct,True,2.0,0.15763478498426092,0.26492048403569285,1.0,0.0
4,Chainlink,dunnindex,0.99,oct,ICOT_local,2.0,0.06402613085951449,0.031390205403615014,0.0,895.361254892
4,Chainlink,dunnindex,0.99,oct,OCT,2.0,0.280139119399002,0.012841423912998366,0.09272782327563994,0.168503444
4,Chainlink,dunnindex,0.99,oct,kmeans_plus,8.0,0.4972373511964458,0.030232560132560406,-10.0,4.815481474
4,Chainlink,dunnindex,0.99,oct,hclust,9.0,0.4765744153896272,0.037347862999815074,-10.0,2.615177031
4,Chainlink,dunnindex,0.99,oct,gmm,7.0,0.38069999193562476,0.018931137550817427,-10.0,0.29301271
4,Chainlink,dunnindex,0.99,oct,dbscan,0.4,0.15763478498426092,0.26492048403569285,-10.0,0.698552458
