seed,data,criterion,geom_threshold,warm_start,method,K,silhouette,dunn,ari_true,runtime
5,Chainlink,silhouette,0.9,oct,True,2.0,0.15763478498426092,0.26492048403569285,1.0,0.0
5,Chainlink,silhouette,0.9,oct,ICOT_local,6.0,0.397526950927128,0.022971745227427964,-10.0,583.094802307
5,Chainlink,silhouette,0.9,oct,OCT,2.0,0.28024032790733927,0.012841423912998366,0.09272782327563994,0.148049307
5,Chainlink,silhouette,0.9,oct,kmeans_plus,10.0,0.5008042092805474,0.030763942711283587,-10.0,4.619368292
5,Chainlink,silhouette,0.9,oct,hclust,10.0,0.4957143380455367,0.037347862999815074,-10.0,2.488621942
5,Chainlink,silhouette,0.9,oct,gmm,8.0,0.4188542922588715,0.011488183507627897,-10.0,0.242360917
5,Chainlink,silhouette,0.9,oct,dbscan,0.1,0.16840106299247,0.027391540377160826,-10.0,0.618943144
