seed,data,criterion,geom_threshold,warm_start,method,K,silhouette,dunn,ari_true,runtime
4,Chainlink,dunnindex,0.0,none,True,2.0,0.15763478498426092,0.26492048403569285,1.0,0.0
4,Chainlink,dunnindex,0.0,none,ICOT_local,2.0,0.0045523983920802424,0.031682285512243336,0.0,10470.050687527
4,Chainlink,dunnindex,0.0,none,OCT,8.0,0.32270733977333393,0.01076091743046717,-10.0,0.766535648
4,Chainlink,dunnindex,0.0,none,kmeans_plus,8.0,0.4972373511964458,0.030232560132560406,-10.0,3.076529044
4,Chainlink,dunnindex,0.0,none,hclust,9.0,0.4765744153896272,0.037347862999815074,-10.0,2.732307616
4,Chainlink,dunnindex,0.0,none,gmm,7.0,0.38069999193562476,0.018931137550817427,-10.0,0.292802995
4,Chainlink,dunnindex,0.0,none,dbscan,0.4,0.15763478498426092,0.26492048403569285,-10.0,0.756502295
