seed,data,criterion,geom_threshold,warm_start,method,K,silhouette,dunn,ari_true,runtime
3,Chainlink,silhouette,0.99,oct,True,2.0,0.15763478498426092,0.26492048403569285,1.0,0.0
3,Chainlink,silhouette,0.99,oct,ICOT_local,4.0,0.39476918735741956,0.0168260490166948,-10.0,281.734679624
3,Chainlink,silhouette,0.99,oct,OCT,2.0,0.28004572511115955,0.012841423912998366,0.0902934155805982,0.150161331
3,Chainlink,silhouette,0.99,oct,kmeans_plus,10.0,0.5005161454134772,0.030278447885216504,-10.0,4.622450246
3,Chainlink,silhouette,0.99,oct,hclust,10.0,0.4957143380455367,0.037347862999815074,-10.0,2.415982505
3,Chainlink,silhouette,0.99,oct,gmm,10.0,0.41172391709587774,0.008218948336061179,-10.0,0.261213066
3,Chainlink,silhouette,0.99,oct,dbscan,0.1,0.16840106299247,0.027391540377160826,-10.0,0.614947171
