seed,data,criterion,geom_threshold,warm_start,method,K,silhouette,dunn,ari_true,runtime
4,Chainlink,dunnindex,0.9,oct,True,2.0,0.15763478498426092,0.26492048403569285,1.0,0.0
4,Chainlink,dunnindex,0.9,oct,ICOT_local,2.0,0.06402613085951449,0.031390205403615014,0.0,1625.065844208
4,Chainlink,dunnindex,0.9,oct,OCT,2.0,0.280139119399002,0.012841423912998366,0.09272782327563994,0.153262749
4,Chainlink,dunnindex,0.9,oct,kmeans_plus,8.0,0.4972373511964458,0.030232560132560406,-10.0,4.470404336
4,Chainlink,dunnindex,0.9,oct,hclust,9.0,0.4765744153896272,0.037347862999815074,-10.0,2.475928694
4,Chainlink,dunnindex,0.9,oct,gmm,7.0,0.38069999193562476,0.018931137550817427,-10.0,0.279582305
4,Chainlink,dunnindex,0.9,oct,dbscan,0.4,0.15763478498426092,0.26492048403569285,-10.0,0.643484203
