seed,data,criterion,geom_threshold,warm_start,method,K,silhouette,dunn,ari_true,runtime
5,Chainlink,dunnindex,0.0,oct,True,2.0,0.15763478498426092,0.26492048403569285,1.0,0.0
5,Chainlink,dunnindex,0.0,oct,ICOT_local,2.0,0.0045523983920802424,0.031682285512243336,0.0,9021.599874887
5,Chainlink,dunnindex,0.0,oct,OCT,2.0,0.28024032790733927,0.012841423912998366,0.09272782327563994,0.162536086
5,Chainlink,dunnindex,0.0,oct,kmeans_plus,10.0,0.5008042092805474,0.030763942711283587,-10.0,5.310012976
5,Chainlink,dunnindex,0.0,oct,hclust,9.0,0.4765744153896272,0.037347862999815074,-10.0,2.668684357
5,Chainlink,dunnindex,0.0,oct,gmm,8.0,0.4188542922588715,0.011488183507627897,-10.0,0.297205717
5,Chainlink,dunnindex,0.0,oct,dbscan,0.4,0.15763478498426092,0.26492048403569285,-10.0,0.68500641
