seed,data,criterion,geom_threshold,warm_start,method,K,silhouette,dunn,ari_true,runtime
1,Chainlink,silhouette,0.99,oct,True,2.0,0.15763478498426092,0.26492048403569285,1.0,0.0
1,Chainlink,silhouette,0.99,oct,ICOT_local,6.0,0.3976793906041715,0.017660445833587245,-10.0,142.703098418
1,Chainlink,silhouette,0.99,oct,OCT,2.0,0.28133407787744397,0.012841423912998366,0.10407941218003056,0.169398884
1,Chainlink,silhouette,0.99,oct,kmeans_plus,10.0,0.50127463339641,0.02538549008529749,-10.0,4.027121472
1,Chainlink,silhouette,0.99,oct,hclust,10.0,0.4957143380455367,0.037347862999815074,-10.0,2.132782158
1,Chainlink,silhouette,0.99,oct,gmm,9.0,0.40673321359096937,0.008027930613522406,-10.0,0.245819602
1,Chainlink,silhouette,0.99,oct,dbscan,0.1,0.16840106299247,0.027391540377160826,-10.0,0.532502688
