seed,data,criterion,geom_threshold,warm_start,method,K,silhouette,dunn,ari_true,runtime
5,Chainlink,silhouette,0.0,none,True,2.0,0.15763478498426092,0.26492048403569285,1.0,0.0
5,Chainlink,silhouette,0.0,none,ICOT_local,4.0,0.39096115944027243,0.017660426862203767,-10.0,6015.712165514
5,Chainlink,silhouette,0.0,none,OCT,10.0,0.3306788168701537,0.009612842953066978,-10.0,0.702825569
5,Chainlink,silhouette,0.0,none,kmeans_plus,10.0,0.5008042092805474,0.030763942711283587,-10.0,3.217131179
5,Chainlink,silhouette,0.0,none,hclust,10.0,0.4957143380455367,0.037347862999815074,-10.0,3.018989209
5,Chainlink,silhouette,0.0,none,gmm,8.0,0.4188542922588715,0.011488183507627897,-10.0,0.300281184
5,Chainlink,silhouette,0.0,none,dbscan,0.1,0.16840106299247,0.027391540377160826,-10.0,0.730500076
