seed,data,criterion,geom_threshold,warm_start,method,K,silhouette,dunn,ari_true,runtime
1,Chainlink,dunnindex,0.99,oct,True,2.0,0.15763478498426092,0.26492048403569285,1.0,0.0
1,Chainlink,dunnindex,0.99,oct,ICOT_local,2.0,0.0045523983920802424,0.031682285512243336,0.0,459.409926726
1,Chainlink,dunnindex,0.99,oct,OCT,2.0,0.281334077877444,0.012841423912998366,0.10407941218003056,0.216060028
1,Chainlink,dunnindex,0.99,oct,kmeans_plus,8.0,0.49685601160086246,0.030232560132560406,-10.0,5.052597393
1,Chainlink,dunnindex,0.99,oct,hclust,9.0,0.4765744153896272,0.037347862999815074,-10.0,2.670782355
1,Chainlink,dunnindex,0.99,oct,gmm,6.0,0.3194169016140766,0.016896546374941975,-10.0,0.292594437
1,Chainlink,dunnindex,0.99,oct,dbscan,0.4,0.15763478498426092,0.26492048403569285,-10.0,0.684221359
