seed,data,criterion,geom_threshold,warm_start,method,K,silhouette,dunn,ari_true,runtime
4,Chainlink,silhouette,0.99,oct,True,2.0,0.15763478498426092,0.26492048403569285,1.0,0.0
4,Chainlink,silhouette,0.99,oct,ICOT_local,4.0,0.3953323160289277,0.017660445833587245,-10.0,389.466616842
4,Chainlink,silhouette,0.99,oct,OCT,2.0,0.280139119399002,0.012841423912998366,0.09272782327563994,0.169982325
4,Chainlink,silhouette,0.99,oct,kmeans_plus,10.0,0.50127463339641,0.02538549008529749,-10.0,4.830670734
4,Chainlink,silhouette,0.99,oct,hclust,10.0,0.4957143380455367,0.037347862999815074,-10.0,2.418227912
4,Chainlink,silhouette,0.99,oct,gmm,10.0,0.402021271061969,0.012550583332063055,-10.0,0.259323493
4,Chainlink,silhouette,0.99,oct,dbscan,0.1,0.16840106299247,0.027391540377160826,-10.0,0.673900153
