seed,data,criterion,geom_threshold,warm_start,method,K,silhouette,dunn,ari_true,runtime
2,Chainlink,dunnindex,0.0,none,True,2.0,0.15763478498426092,0.26492048403569285,1.0,0.0
2,Chainlink,dunnindex,0.0,none,ICOT_local,2.0,0.0045523983920802424,0.031682285512243336,0.0,8946.62189928
2,Chainlink,dunnindex,0.0,none,OCT,8.0,0.3868898929628355,0.005509032056401557,-10.0,0.595325226
2,Chainlink,dunnindex,0.0,none,kmeans_plus,8.0,0.49737657070846253,0.03023251389486855,-10.0,3.280517035
2,Chainlink,dunnindex,0.0,none,hclust,9.0,0.4765744153896272,0.037347862999815074,-10.0,2.530890014
2,Chainlink,dunnindex,0.0,none,gmm,7.0,0.31621515964409663,0.016896546374941975,-10.0,0.296440237
2,Chainlink,dunnindex,0.0,none,dbscan,0.4,0.15763478498426092,0.26492048403569285,-10.0,0.760937523
