seed,data,criterion,geom_threshold,warm_start,method,K,silhouette,dunn,ari_true,runtime
5,Chainlink,silhouette,0.99,none,True,2.0,0.15763478498426092,0.26492048403569285,1.0,0.0
5,Chainlink,silhouette,0.99,none,ICOT_local,4.0,0.39476918735741956,0.0168260490166948,-10.0,1313.760016133
5,Chainlink,silhouette,0.99,none,OCT,10.0,0.3306788168701537,0.009612842953066978,-10.0,0.708747357
5,Chainlink,silhouette,0.99,none,kmeans_plus,10.0,0.5008042092805474,0.030763942711283587,-10.0,3.188738954
5,Chainlink,silhouette,0.99,none,hclust,10.0,0.4957143380455367,0.037347862999815074,-10.0,3.028576213
5,Chainlink,silhouette,0.99,none,gmm,8.0,0.4188542922588715,0.011488183507627897,-10.0,0.266596369
5,Chainlink,silhouette,0.99,none,dbscan,0.1,0.16840106299247,0.027391540377160826,-10.0,0.663369664
