seed,data,criterion,geom_threshold,warm_start,method,K,silhouette,dunn,ari_true,runtime
2,EngyTime,dunnindex,0.99,oct,True,2.0,0.3980326690666044,0.00025852433131516773,1.0,0.0
2,EngyTime,dunnindex,0.99,oct,ICOT_local,2.0,0.39451104899698364,0.0640383583898727,0.0,72818.560079697
2,EngyTime,dunnindex,0.99,oct,OCT,2.0,0.4100267113963686,0.0012378007417276336,0.8185920494575781,1.47796442
2,EngyTime,dunnindex,0.99,oct,kmeans_plus,9.0,0.3299212638356217,0.004450681269089438,-10.0,24.119117261
2,EngyTime,dunnindex,0.99,oct,hclust,2.0,0.3732246065433146,0.01377078273472417,0.0012525376594728524,15.075696142
2,EngyTime,dunnindex,0.99,oct,gmm,5.0,0.36289344918089833,0.005070687952923778,-10.0,1.78260771
2,EngyTime,dunnindex,0.99,oct,dbscan,0.3,0.16050865500025896,0.010487179189725322,-10.0,2.709033142
