seed,data,criterion,geom_threshold,warm_start,method,K,silhouette,dunn,ari_true,runtime
1,EngyTime,silhouette,0.99,oct,True,2.0,0.39803266906660445,0.00025852433131516773,1.0,0.0
1,EngyTime,silhouette,0.99,oct,ICOT_local,2.0,0.5726643055635993,0.05867434691501183,0.0,4298.968453783
1,EngyTime,silhouette,0.99,oct,OCT,2.0,0.393257268271363,0.0027049891938870237,0.7681341610247199,0.881623557
1,EngyTime,silhouette,0.99,oct,kmeans_plus,3.0,0.4378670996929366,0.002508424660185718,-10.0,21.009093441
1,EngyTime,silhouette,0.99,oct,hclust,3.0,0.3790901309229524,0.005659890180429381,-10.0,16.183524334
1,EngyTime,silhouette,0.99,oct,gmm,3.0,0.43334764897803596,0.0019143963377128072,-10.0,0.876236787
1,EngyTime,silhouette,0.99,oct,dbscan,0.3,0.16050865500025896,0.010487179189725322,-10.0,1.809389723
