seed,data,criterion,geom_threshold,warm_start,method,K,silhouette,dunn,ari_true,runtime
4,EngyTime,dunnindex,0.99,oct,True,2.0,0.3980326690666044,0.00025852433131516773,1.0,0.0
4,EngyTime,dunnindex,0.99,oct,ICOT_local,2.0,0.39451104899698364,0.0640383583898727,0.0,96690.4061743
4,EngyTime,dunnindex,0.99,oct,OCT,2.0,0.3932572682713629,0.0027049891938870237,0.7681341610247199,1.030358582
4,EngyTime,dunnindex,0.99,oct,kmeans_plus,9.0,0.3299212638356217,0.004450681269089438,-10.0,25.177023868
4,EngyTime,dunnindex,0.99,oct,hclust,2.0,0.3732246065433146,0.01377078273472417,0.0012525376594728524,15.524975578
4,EngyTime,dunnindex,0.99,oct,gmm,5.0,0.36285836748320666,0.005070687952923778,-10.0,1.8084567
4,EngyTime,dunnindex,0.99,oct,dbscan,0.3,0.16050865500025896,0.010487179189725322,-10.0,2.74071688
