seed,data,criterion,geom_threshold,warm_start,method,K,silhouette,dunn,ari_true,runtime
5,EngyTime,silhouette,0.99,oct,True,2.0,0.3980326690666044,0.00025852433131516773,1.0,0.0
5,EngyTime,silhouette,0.99,oct,ICOT_local,2.0,0.5726643055635992,0.05867434691501183,0.0,3684.226702686
5,EngyTime,silhouette,0.99,oct,OCT,2.0,0.39365363776848933,0.0027863771989402545,0.7681342048822998,1.133301691
5,EngyTime,silhouette,0.99,oct,kmeans_plus,3.0,0.4378670996929366,0.002508424660185718,-10.0,21.388320079
5,EngyTime,silhouette,0.99,oct,hclust,3.0,0.3790901309229524,0.005659890180429381,-10.0,17.1253903
5,EngyTime,silhouette,0.99,oct,gmm,3.0,0.4333476489780359,0.0019143963377128072,-10.0,1.059768044
5,EngyTime,silhouette,0.99,oct,dbscan,0.3,0.16050865500025896,0.010487179189725322,-10.0,2.282470337
