seed,data,criterion,geom_threshold,warm_start,method,K,silhouette,dunn,ari_true,runtime
1,EngyTime,dunnindex,0.99,oct,True,2.0,0.3980326690666044,0.00025852433131516773,1.0,0.0
1,EngyTime,dunnindex,0.99,oct,ICOT_local,2.0,0.39451104899698364,0.0640383583898727,0.0,70971.817838744
1,EngyTime,dunnindex,0.99,oct,OCT,2.0,0.3932572682713629,0.0027049891938870237,0.7681341610247199,1.125969885
1,EngyTime,dunnindex,0.99,oct,kmeans_plus,7.0,0.3401399423507815,0.004579593329539787,-10.0,27.769578078
1,EngyTime,dunnindex,0.99,oct,hclust,2.0,0.3732246065433146,0.01377078273472417,0.0012525376594728524,19.041567936
1,EngyTime,dunnindex,0.99,oct,gmm,10.0,0.3036976396235998,0.00332816888468344,-10.0,2.030535615
1,EngyTime,dunnindex,0.99,oct,dbscan,0.3,0.16050865500025896,0.010487179189725322,-10.0,3.09464457
