seed,data,criterion,geom_threshold,warm_start,method,K,silhouette,dunn,ari_true,runtime
5,EngyTime,dunnindex,0.99,oct,True,2.0,0.3980326690666044,0.00025852433131516773,1.0,0.0
5,EngyTime,dunnindex,0.99,oct,ICOT_local,2.0,0.39451104899698364,0.0640383583898727,0.0,71898.956464719
5,EngyTime,dunnindex,0.99,oct,OCT,2.0,0.39365363776848933,0.0027863771989402545,0.7681342048822998,1.131052459
5,EngyTime,dunnindex,0.99,oct,kmeans_plus,9.0,0.3299212638356217,0.004450681269089438,-10.0,26.436915324
5,EngyTime,dunnindex,0.99,oct,hclust,2.0,0.3732246065433146,0.01377078273472417,0.0012525376594728524,19.256477783
5,EngyTime,dunnindex,0.99,oct,gmm,8.0,0.2783099776090874,0.004526313716901218,-10.0,2.132998189
5,EngyTime,dunnindex,0.99,oct,dbscan,0.3,0.16050865500025896,0.010487179189725322,-10.0,2.971243542
