seed,data,criterion,geom_threshold,warm_start,method,K,silhouette,dunn,ari_true,runtime
4,EngyTime,silhouette,0.99,oct,True,2.0,0.3980326690666044,0.00025852433131516773,1.0,0.0
4,EngyTime,silhouette,0.99,oct,ICOT_local,2.0,0.5726643055635992,0.05867434691501183,0.0,3650.14065966
4,EngyTime,silhouette,0.99,oct,OCT,2.0,0.3932572682713629,0.0027049891938870237,0.7681341610247199,1.143237873
4,EngyTime,silhouette,0.99,oct,kmeans_plus,3.0,0.4378670996929366,0.002508424660185718,-10.0,22.012927132
4,EngyTime,silhouette,0.99,oct,hclust,3.0,0.3790901309229524,0.005659890180429381,-10.0,16.829363414
4,EngyTime,silhouette,0.99,oct,gmm,3.0,0.4333029529534914,0.0019143963377128072,-10.0,1.055631629
4,EngyTime,silhouette,0.99,oct,dbscan,0.3,0.16050865500025896,0.010487179189725322,-10.0,2.278397183
