seed,data,criterion,geom_threshold,warm_start,method,K,silhouette,dunn,ari_true,runtime
3,EngyTime,silhouette,0.9,oct,True,2.0,0.39803266906660445,0.00025852433131516773,1.0,0.0
3,EngyTime,silhouette,0.9,oct,ICOT_local,2.0,0.5726643055635993,0.05867434691501183,0.0,29971.986806354
3,EngyTime,silhouette,0.9,oct,OCT,2.0,0.40999921935111194,0.002631049609119735,0.8212455706491611,1.44493092
3,EngyTime,silhouette,0.9,oct,kmeans_plus,3.0,0.4378670996929366,0.002508424660185718,-10.0,22.271403697
3,EngyTime,silhouette,0.9,oct,hclust,3.0,0.3790901309229524,0.005659890180429381,-10.0,22.17728639
3,EngyTime,silhouette,0.9,oct,gmm,3.0,0.43334764897803596,0.0019143963377128072,-10.0,0.981016
3,EngyTime,silhouette,0.9,oct,dbscan,0.3,0.16050865500025896,0.010487179189725322,-10.0,2.114804122
