seed,data,criterion,geom_threshold,warm_start,method,K,silhouette,dunn,ari_true,runtime
3,EngyTime,dunnindex,0.99,oct,True,2.0,0.3980326690666044,0.00025852433131516773,1.0,0.0
3,EngyTime,dunnindex,0.99,oct,ICOT_local,2.0,0.39451104899698364,0.0640383583898727,0.0,57730.166913359
3,EngyTime,dunnindex,0.99,oct,OCT,2.0,0.409999219351112,0.002631049609119735,0.8212455706491611,1.594208459
3,EngyTime,dunnindex,0.99,oct,kmeans_plus,9.0,0.3299212638356217,0.004450681269089438,-10.0,28.564233068
3,EngyTime,dunnindex,0.99,oct,hclust,2.0,0.3732246065433146,0.01377078273472417,0.0012525376594728524,16.994161077
3,EngyTime,dunnindex,0.99,oct,gmm,7.0,0.34295777760835433,0.004087413110966413,-10.0,1.940797292
3,EngyTime,dunnindex,0.99,oct,dbscan,0.3,0.16050865500025896,0.010487179189725322,-10.0,3.070337292
