seed,data,criterion,geom_threshold,warm_start,method,K,silhouette,dunn,ari_true,runtime
3,Hepta,silhouette,0.9,oct,True,7.0,0.7017012208742637,1.0761834076521397,1.0,0.0
3,Hepta,silhouette,0.9,oct,ICOT_local,4.0,0.4550718071196788,0.34253336531800727,-10.0,21.790581421
3,Hepta,silhouette,0.9,oct,OCT,7.0,0.29186638803569903,0.04636663251177715,0.3783087648575198,0.097817906
3,Hepta,silhouette,0.9,oct,kmeans_plus,7.0,0.7017012208742637,1.0761834076521397,1.0,2.335062399
3,Hepta,silhouette,0.9,oct,hclust,7.0,0.7017012208742637,1.0761834076521397,1.0,0.541091382
3,Hepta,silhouette,0.9,oct,gmm,7.0,0.5836451677030557,0.09651795720719102,0.8206613525741673,0.178597515
3,Hepta,silhouette,0.9,oct,dbscan,1.0,0.7017012208742637,1.0761834076521397,-10.0,0.379269951
