seed,data,criterion,geom_threshold,warm_start,method,K,silhouette,dunn,ari_true,runtime
5,Hepta,silhouette,0.99,none,True,7.0,0.7017012208742637,1.0761834076521397,1.0,0.0
5,Hepta,silhouette,0.99,none,ICOT_local,4.0,0.4550718071196788,0.34253336531800727,-10.0,20.977901615
5,Hepta,silhouette,0.99,none,OCT,7.0,0.3765701115028053,0.027441712311285647,0.4927594520347346,0.067593841
5,Hepta,silhouette,0.99,none,kmeans_plus,7.0,0.7017012208742637,1.0761834076521397,1.0,0.509188771
5,Hepta,silhouette,0.99,none,hclust,7.0,0.7017012208742637,1.0761834076521397,1.0,0.425640185
5,Hepta,silhouette,0.99,none,gmm,10.0,0.5921435843943889,0.14500613456908357,-10.0,0.180263049
5,Hepta,silhouette,0.99,none,dbscan,1.0,0.7017012208742637,1.0761834076521397,-10.0,0.353698046
