seed,data,criterion,geom_threshold,warm_start,method,K,silhouette,dunn,ari_true,runtime
3,Hepta,silhouette,0.99,oct,True,7.0,0.7017012208742637,1.0761834076521397,1.0,0.0
3,Hepta,silhouette,0.99,oct,ICOT_local,4.0,0.4550718071196788,0.34253336531800727,-10.0,17.458650657
3,Hepta,silhouette,0.99,oct,OCT,7.0,0.29186638803569903,0.04636663251177715,0.3783087648575198,0.09787166
3,Hepta,silhouette,0.99,oct,kmeans_plus,7.0,0.7017012208742637,1.0761834076521397,1.0,2.795670519
3,Hepta,silhouette,0.99,oct,hclust,7.0,0.7017012208742637,1.0761834076521397,1.0,0.474046205
3,Hepta,silhouette,0.99,oct,gmm,7.0,0.5836451677030557,0.09651795720719102,0.8206613525741673,0.177131735
3,Hepta,silhouette,0.99,oct,dbscan,1.0,0.7017012208742637,1.0761834076521397,-10.0,0.367023826
