seed,data,criterion,geom_threshold,warm_start,method,K,silhouette,dunn,ari_true,runtime
1,Hepta,silhouette,0.9,oct,True,7.0,0.7017012208742637,1.0761834076521397,1.0,0.0
1,Hepta,silhouette,0.9,oct,ICOT_local,4.0,0.4491792676816866,0.3574752234387749,-10.0,14.483089523
1,Hepta,silhouette,0.9,oct,OCT,2.0,0.2996842259435863,0.3451639957007795,-10.0,0.076529658
1,Hepta,silhouette,0.9,oct,kmeans_plus,7.0,0.7017012208742637,1.0761834076521397,1.0,2.107184652
1,Hepta,silhouette,0.9,oct,hclust,7.0,0.7017012208742637,1.0761834076521397,1.0,0.308924262
1,Hepta,silhouette,0.9,oct,gmm,7.0,0.7017012208742637,1.0761834076521397,1.0,0.155526532
1,Hepta,silhouette,0.9,oct,dbscan,1.0,0.7017012208742637,1.0761834076521397,-10.0,0.329591576
