seed,data,criterion,geom_threshold,warm_start,method,K,silhouette,dunn,ari_true,runtime
1,Hepta,dunnindex,0.0,oct,True,7.0,0.7017012208742637,1.0761834076521397,1.0,0.0
1,Hepta,dunnindex,0.0,oct,ICOT_local,4.0,0.4491792676816866,0.3574752234387749,-10.0,95.033105609
1,Hepta,dunnindex,0.0,oct,OCT,2.0,0.2996842259435863,0.3451639957007795,-10.0,0.064728219
1,Hepta,dunnindex,0.0,oct,kmeans_plus,7.0,0.7017012208742637,1.0761834076521397,1.0,2.391113585
1,Hepta,dunnindex,0.0,oct,hclust,7.0,0.7017012208742637,1.0761834076521397,1.0,0.508188294
1,Hepta,dunnindex,0.0,oct,gmm,7.0,0.7017012208742637,1.0761834076521397,1.0,0.180246738
1,Hepta,dunnindex,0.0,oct,dbscan,1.0,0.7017012208742637,1.0761834076521397,-10.0,0.410053475
