seed,data,criterion,geom_threshold,warm_start,method,K,silhouette,dunn,ari_true,runtime
4,Hepta,silhouette,0.0,oct,True,7.0,0.7017012208742637,1.0761834076521397,1.0,0.0
4,Hepta,silhouette,0.0,oct,ICOT_local,4.0,0.44714611500098295,0.3497940922375584,-10.0,69.306999944
4,Hepta,silhouette,0.0,oct,OCT,2.0,0.29915208239002494,0.3485437276985378,-10.0,0.07934121
4,Hepta,silhouette,0.0,oct,kmeans_plus,7.0,0.7017012208742637,1.0761834076521397,1.0,2.228538582
4,Hepta,silhouette,0.0,oct,hclust,7.0,0.7017012208742637,1.0761834076521397,1.0,0.506018916
4,Hepta,silhouette,0.0,oct,gmm,9.0,0.5892599416816287,0.1622665737471999,-10.0,0.177124286
4,Hepta,silhouette,0.0,oct,dbscan,1.0,0.7017012208742637,1.0761834076521397,-10.0,0.366901251
