seed,data,criterion,geom_threshold,warm_start,method,K,silhouette,dunn,ari_true,runtime
3,Hepta,dunnindex,0.9,oct,True,7.0,0.7017012208742637,1.0761834076521397,1.0,0.0
3,Hepta,dunnindex,0.9,oct,ICOT_local,4.0,0.4491792676816866,0.3574752234387749,-10.0,38.5625085
3,Hepta,dunnindex,0.9,oct,OCT,7.0,0.29186638803569903,0.04636663251177715,0.3783087648575198,0.088332514
3,Hepta,dunnindex,0.9,oct,kmeans_plus,7.0,0.7017012208742637,1.0761834076521397,1.0,2.321620784
3,Hepta,dunnindex,0.9,oct,hclust,7.0,0.7017012208742637,1.0761834076521397,1.0,0.669112068
3,Hepta,dunnindex,0.9,oct,gmm,2.0,0.09891455491247489,0.27461073520537177,-10.0,0.186041452
3,Hepta,dunnindex,0.9,oct,dbscan,1.0,0.7017012208742637,1.0761834076521397,-10.0,0.388557354
