seed,data,criterion,geom_threshold,warm_start,method,K,silhouette,dunn,ari_true,runtime
2,Hepta,dunnindex,0.9,none,True,7.0,0.7017012208742637,1.0761834076521397,1.0,0.0
2,Hepta,dunnindex,0.9,none,ICOT_local,4.0,0.4491792676816866,0.3574752234387749,-10.0,36.307367017
2,Hepta,dunnindex,0.9,none,OCT,7.0,0.37298862514585834,0.027441712311285647,0.49051335436759486,0.138864607
2,Hepta,dunnindex,0.9,none,kmeans_plus,7.0,0.7017012208742637,1.0761834076521397,1.0,0.460169534
2,Hepta,dunnindex,0.9,none,hclust,7.0,0.7017012208742637,1.0761834076521397,1.0,0.586783421
2,Hepta,dunnindex,0.9,none,gmm,5.0,0.5393297745506375,0.3519748405369068,-10.0,0.168139242
2,Hepta,dunnindex,0.9,none,dbscan,1.0,0.7017012208742637,1.0761834076521397,-10.0,0.380521205
