seed,data,criterion,geom_threshold,warm_start,method,K,silhouette,dunn,ari_true,runtime
4,Hepta,dunnindex,0.99,oct,True,7.0,0.7017012208742637,1.0761834076521397,1.0,0.0
4,Hepta,dunnindex,0.99,oct,ICOT_local,4.0,0.4339914468635349,0.35457513285928655,-10.0,11.777527115
4,Hepta,dunnindex,0.99,oct,OCT,2.0,0.29915208239002494,0.3485437276985378,-10.0,0.070742526
4,Hepta,dunnindex,0.99,oct,kmeans_plus,7.0,0.7017012208742637,1.0761834076521397,1.0,2.343536512
4,Hepta,dunnindex,0.99,oct,hclust,7.0,0.7017012208742637,1.0761834076521397,1.0,0.617536712
4,Hepta,dunnindex,0.99,oct,gmm,4.0,0.4264281928075905,0.35457513285928655,-10.0,0.180787436
4,Hepta,dunnindex,0.99,oct,dbscan,1.0,0.7017012208742637,1.0761834076521397,-10.0,0.379382906
