seed,data,criterion,geom_threshold,warm_start,method,K,silhouette,dunn,ari_true,runtime
2,Hepta,silhouette,0.9,oct,True,7.0,0.7017012208742637,1.0761834076521397,1.0,0.0
2,Hepta,silhouette,0.9,oct,ICOT_local,4.0,0.4550718071196788,0.34253336531800727,-10.0,12.352803205
2,Hepta,silhouette,0.9,oct,OCT,7.0,0.37298862514585834,0.027441712311285647,0.49051335436759486,0.064647902
2,Hepta,silhouette,0.9,oct,kmeans_plus,7.0,0.7017012208742637,1.0761834076521397,1.0,4.050490987
2,Hepta,silhouette,0.9,oct,hclust,7.0,0.7017012208742637,1.0761834076521397,1.0,0.638452935
2,Hepta,silhouette,0.9,oct,gmm,7.0,0.5718525002285686,0.10656111106823811,0.8189701558111179,0.174526718
2,Hepta,silhouette,0.9,oct,dbscan,1.0,0.7017012208742637,1.0761834076521397,-10.0,0.338392616
