seed,data,criterion,geom_threshold,warm_start,method,K,silhouette,dunn,ari_true,runtime
2,Hepta,silhouette,0.99,none,True,7.0,0.7017012208742637,1.0761834076521397,1.0,0.0
2,Hepta,silhouette,0.99,none,ICOT_local,4.0,0.4550718071196788,0.34253336531800727,-10.0,19.689465366
2,Hepta,silhouette,0.99,none,OCT,7.0,0.37298862514585834,0.027441712311285647,0.49051335436759486,0.143682938
2,Hepta,silhouette,0.99,none,kmeans_plus,7.0,0.7017012208742637,1.0761834076521397,1.0,0.463977225
2,Hepta,silhouette,0.99,none,hclust,7.0,0.7017012208742637,1.0761834076521397,1.0,0.708296094
2,Hepta,silhouette,0.99,none,gmm,7.0,0.5718525002285686,0.10656111106823811,0.8189701558111179,0.159537532
2,Hepta,silhouette,0.99,none,dbscan,1.0,0.7017012208742637,1.0761834076521397,-10.0,0.387367974
