seed,data,criterion,geom_threshold,warm_start,method,K,silhouette,dunn,ari_true,runtime
4,Hepta,silhouette,0.99,oct,True,7.0,0.7017012208742637,1.0761834076521397,1.0,0.0
4,Hepta,silhouette,0.99,oct,ICOT_local,4.0,0.44714611500098295,0.3497940922375584,-10.0,10.359395823
4,Hepta,silhouette,0.99,oct,OCT,2.0,0.29915208239002494,0.3485437276985378,-10.0,0.080591184
4,Hepta,silhouette,0.99,oct,kmeans_plus,7.0,0.7017012208742637,1.0761834076521397,1.0,2.202040836
4,Hepta,silhouette,0.99,oct,hclust,7.0,0.7017012208742637,1.0761834076521397,1.0,0.561769728
4,Hepta,silhouette,0.99,oct,gmm,9.0,0.5892599416816287,0.1622665737471999,-10.0,0.175803034
4,Hepta,silhouette,0.99,oct,dbscan,1.0,0.7017012208742637,1.0761834076521397,-10.0,0.28881653
