seed,data,criterion,geom_threshold,warm_start,method,K,silhouette,dunn,ari_true,runtime
3,Hepta,dunnindex,0.0,none,True,7.0,0.7017012208742637,1.0761834076521397,1.0,0.0
3,Hepta,dunnindex,0.0,none,ICOT_local,4.0,0.4491792676816866,0.3574752234387749,-10.0,110.233414984
3,Hepta,dunnindex,0.0,none,OCT,7.0,0.37297545602465615,0.027441712311285647,0.4924256910758499,0.060541621
3,Hepta,dunnindex,0.0,none,kmeans_plus,7.0,0.7017012208742637,1.0761834076521397,1.0,0.543325766
3,Hepta,dunnindex,0.0,none,hclust,7.0,0.7017012208742637,1.0761834076521397,1.0,0.517957557
3,Hepta,dunnindex,0.0,none,gmm,2.0,0.09891455491247489,0.27461073520537177,-10.0,0.171605946
3,Hepta,dunnindex,0.0,none,dbscan,1.0,0.7017012208742637,1.0761834076521397,-10.0,0.487052733
