seed,data,criterion,geom_threshold,warm_start,method,K,silhouette,dunn,ari_true,runtime
5,Hepta,silhouette,0.0,oct,True,7.0,0.7017012208742637,1.0761834076521397,1.0,0.0
5,Hepta,silhouette,0.0,oct,ICOT_local,4.0,0.4522441874626679,0.3542102027243474,-10.0,59.918366716
5,Hepta,silhouette,0.0,oct,OCT,7.0,0.39435845732660296,0.042154453933565,0.40443206206047444,0.090015621
5,Hepta,silhouette,0.0,oct,kmeans_plus,7.0,0.7017012208742637,1.0761834076521397,1.0,2.36417077
5,Hepta,silhouette,0.0,oct,hclust,7.0,0.7017012208742637,1.0761834076521397,1.0,0.352545769
5,Hepta,silhouette,0.0,oct,gmm,10.0,0.5921435843943889,0.14500613456908357,-10.0,0.156380835
5,Hepta,silhouette,0.0,oct,dbscan,1.0,0.7017012208742637,1.0761834076521397,-10.0,0.330650774
