seed,data,criterion,geom_threshold,warm_start,method,K,silhouette,dunn,ari_true,runtime
2,Hepta,dunnindex,0.9,oct,True,7.0,0.7017012208742637,1.0761834076521397,1.0,0.0
2,Hepta,dunnindex,0.9,oct,ICOT_local,4.0,0.4491792676816866,0.3574752234387749,-10.0,16.921702435
2,Hepta,dunnindex,0.9,oct,OCT,7.0,0.37298862514585834,0.027441712311285647,0.49051335436759486,0.071988447
2,Hepta,dunnindex,0.9,oct,kmeans_plus,7.0,0.7017012208742637,1.0761834076521397,1.0,2.19875267
2,Hepta,dunnindex,0.9,oct,hclust,7.0,0.7017012208742637,1.0761834076521397,1.0,0.662694846
2,Hepta,dunnindex,0.9,oct,gmm,5.0,0.5393297745506375,0.3519748405369068,-10.0,0.164621344
2,Hepta,dunnindex,0.9,oct,dbscan,1.0,0.7017012208742637,1.0761834076521397,-10.0,0.324036169
