seed,data,criterion,geom_threshold,warm_start,method,K,silhouette,dunn,ari_true,runtime
4,Hepta,dunnindex,0.9,oct,True,7.0,0.7017012208742637,1.0761834076521397,1.0,0.0
4,Hepta,dunnindex,0.9,oct,ICOT_local,4.0,0.4491792676816866,0.3574752234387749,-10.0,21.521116141
4,Hepta,dunnindex,0.9,oct,OCT,2.0,0.29915208239002494,0.3485437276985378,-10.0,0.076445561
4,Hepta,dunnindex,0.9,oct,kmeans_plus,7.0,0.7017012208742637,1.0761834076521397,1.0,2.101997175
4,Hepta,dunnindex,0.9,oct,hclust,7.0,0.7017012208742637,1.0761834076521397,1.0,0.473899649
4,Hepta,dunnindex,0.9,oct,gmm,4.0,0.4264281928075905,0.35457513285928655,-10.0,0.176203852
4,Hepta,dunnindex,0.9,oct,dbscan,1.0,0.7017012208742637,1.0761834076521397,-10.0,0.359660687
