seed,data,criterion,geom_threshold,warm_start,method,K,silhouette,dunn,ari_true,runtime
1,Hepta,dunnindex,0.99,none,True,7.0,0.7017012208742637,1.0761834076521397,1.0,0.0
1,Hepta,dunnindex,0.99,none,ICOT_local,4.0,0.4491792676816866,0.3574752234387749,-10.0,29.233601556
1,Hepta,dunnindex,0.99,none,OCT,7.0,0.37297545602465615,0.027441712311285647,0.4924256910758499,0.142208594
1,Hepta,dunnindex,0.99,none,kmeans_plus,7.0,0.7017012208742637,1.0761834076521397,1.0,0.503252088
1,Hepta,dunnindex,0.99,none,hclust,7.0,0.7017012208742637,1.0761834076521397,1.0,0.577709631
1,Hepta,dunnindex,0.99,none,gmm,7.0,0.7017012208742637,1.0761834076521397,1.0,0.17957261
1,Hepta,dunnindex,0.99,none,dbscan,1.0,0.7017012208742637,1.0761834076521397,-10.0,0.4273621
