seed,data,criterion,geom_threshold,warm_start,method,K,silhouette,dunn,ari_true,runtime
1,Hepta,silhouette,0.0,oct,True,7.0,0.7017012208742637,1.0761834076521397,1.0,0.0
1,Hepta,silhouette,0.0,oct,ICOT_local,4.0,0.4550718071196788,0.34253336531800727,-10.0,57.218974072
1,Hepta,silhouette,0.0,oct,OCT,2.0,0.2996842259435863,0.3451639957007795,-10.0,0.075807865
1,Hepta,silhouette,0.0,oct,kmeans_plus,7.0,0.7017012208742637,1.0761834076521397,1.0,2.831240152
1,Hepta,silhouette,0.0,oct,hclust,7.0,0.7017012208742637,1.0761834076521397,1.0,0.598735435
1,Hepta,silhouette,0.0,oct,gmm,7.0,0.7017012208742637,1.0761834076521397,1.0,0.176747927
1,Hepta,silhouette,0.0,oct,dbscan,1.0,0.7017012208742637,1.0761834076521397,-10.0,0.336169956
