seed,data,criterion,geom_threshold,warm_start,method,K,silhouette,dunn,ari_true,runtime
1,Hepta,silhouette,0.99,none,True,7.0,0.7017012208742637,1.0761834076521397,1.0,0.0
1,Hepta,silhouette,0.99,none,ICOT_local,4.0,0.4550718071196788,0.34253336531800727,-10.0,20.845002433
1,Hepta,silhouette,0.99,none,OCT,7.0,0.37297545602465615,0.027441712311285647,0.4924256910758499,0.066626083
1,Hepta,silhouette,0.99,none,kmeans_plus,7.0,0.7017012208742637,1.0761834076521397,1.0,0.492205504
1,Hepta,silhouette,0.99,none,hclust,7.0,0.7017012208742637,1.0761834076521397,1.0,0.531982056
1,Hepta,silhouette,0.99,none,gmm,7.0,0.7017012208742637,1.0761834076521397,1.0,0.175230759
1,Hepta,silhouette,0.99,none,dbscan,1.0,0.7017012208742637,1.0761834076521397,-10.0,0.463161504
