seed,data,criterion,geom_threshold,warm_start,method,K,silhouette,dunn,ari_true,runtime
5,Hepta,silhouette,0.9,oct,True,7.0,0.7017012208742637,1.0761834076521397,1.0,0.0
5,Hepta,silhouette,0.9,oct,ICOT_local,4.0,0.4522441874626679,0.3542102027243474,-10.0,13.579094619
5,Hepta,silhouette,0.9,oct,OCT,7.0,0.39435845732660296,0.042154453933565,0.40443206206047444,0.090097692
5,Hepta,silhouette,0.9,oct,kmeans_plus,7.0,0.7017012208742637,1.0761834076521397,1.0,2.300870907
5,Hepta,silhouette,0.9,oct,hclust,7.0,0.7017012208742637,1.0761834076521397,1.0,0.34121067
5,Hepta,silhouette,0.9,oct,gmm,10.0,0.5921435843943889,0.14500613456908357,-10.0,0.167151166
5,Hepta,silhouette,0.9,oct,dbscan,1.0,0.7017012208742637,1.0761834076521397,-10.0,0.301867597
