seed,data,criterion,geom_threshold,warm_start,method,K,silhouette,dunn,ari_true,runtime
3,Hepta,silhouette,0.0,oct,True,7.0,0.7017012208742637,1.0761834076521397,1.0,0.0
3,Hepta,silhouette,0.0,oct,ICOT_local,7.0,0.26058576993260985,0.027406728119135967,0.3740033814862309,78.247950589
3,Hepta,silhouette,0.0,oct,OCT,7.0,0.29186638803569903,0.04636663251177715,0.3783087648575198,0.091449026
3,Hepta,silhouette,0.0,oct,kmeans_plus,7.0,0.7017012208742637,1.0761834076521397,1.0,2.24434189
3,Hepta,silhouette,0.0,oct,hclust,7.0,0.7017012208742637,1.0761834076521397,1.0,0.232566013
3,Hepta,silhouette,0.0,oct,gmm,7.0,0.5836451677030557,0.09651795720719102,0.8206613525741673,0.169000261
3,Hepta,silhouette,0.0,oct,dbscan,1.0,0.7017012208742637,1.0761834076521397,-10.0,0.397566967
