seed,data,criterion,geom_threshold,warm_start,method,K,silhouette,dunn,ari_true,runtime
4,Hepta,silhouette,0.9,oct,True,7.0,0.7017012208742637,1.0761834076521397,1.0,0.0
4,Hepta,silhouette,0.9,oct,ICOT_local,4.0,0.44714611500098295,0.3497940922375584,-10.0,14.877217662
4,Hepta,silhouette,0.9,oct,OCT,2.0,0.29915208239002494,0.3485437276985378,-10.0,0.071989841
4,Hepta,silhouette,0.9,oct,kmeans_plus,7.0,0.7017012208742637,1.0761834076521397,1.0,2.327653216
4,Hepta,silhouette,0.9,oct,hclust,7.0,0.7017012208742637,1.0761834076521397,1.0,0.502668429
4,Hepta,silhouette,0.9,oct,gmm,9.0,0.5892599416816287,0.1622665737471999,-10.0,0.179807461
4,Hepta,silhouette,0.9,oct,dbscan,1.0,0.7017012208742637,1.0761834076521397,-10.0,0.306336132
