seed,data,criterion,geom_threshold,warm_start,method,K,silhouette,dunn,ari_true,runtime
5,Hepta,dunnindex,0.99,none,True,7.0,0.7017012208742637,1.0761834076521397,1.0,0.0
5,Hepta,dunnindex,0.99,none,ICOT_local,4.0,0.4491792676816866,0.3574752234387749,-10.0,29.260301277
5,Hepta,dunnindex,0.99,none,OCT,7.0,0.3765701115028053,0.027441712311285647,0.4927594520347346,0.069381593
5,Hepta,dunnindex,0.99,none,kmeans_plus,7.0,0.7017012208742637,1.0761834076521397,1.0,0.463726651
5,Hepta,dunnindex,0.99,none,hclust,7.0,0.7017012208742637,1.0761834076521397,1.0,0.586335456
5,Hepta,dunnindex,0.99,none,gmm,4.0,0.4522441874626679,0.3542102027243474,-10.0,0.184005282
5,Hepta,dunnindex,0.99,none,dbscan,1.0,0.7017012208742637,1.0761834076521397,-10.0,0.353947994
