seed,data,criterion,geom_threshold,warm_start,method,K,silhouette,dunn,ari_true,runtime
1,Hepta,dunnindex,0.99,oct,True,7.0,0.7017012208742637,1.0761834076521397,1.0,0.0
1,Hepta,dunnindex,0.99,oct,ICOT_local,4.0,0.4491792676816866,0.3574752234387749,-10.0,14.587606676
1,Hepta,dunnindex,0.99,oct,OCT,2.0,0.2996842259435863,0.3451639957007795,-10.0,0.073478313
1,Hepta,dunnindex,0.99,oct,kmeans_plus,7.0,0.7017012208742637,1.0761834076521397,1.0,2.370699329
1,Hepta,dunnindex,0.99,oct,hclust,7.0,0.7017012208742637,1.0761834076521397,1.0,0.515708815
1,Hepta,dunnindex,0.99,oct,gmm,7.0,0.7017012208742637,1.0761834076521397,1.0,0.179437889
1,Hepta,dunnindex,0.99,oct,dbscan,1.0,0.7017012208742637,1.0761834076521397,-10.0,0.409337334
