seed,data,criterion,geom_threshold,warm_start,method,K,silhouette,dunn,ari_true,runtime
1,Lsun,silhouette,0.99,oct,True,3.0,0.4393619698491053,0.11705239553975084,1.0,0.0
1,Lsun,silhouette,0.99,oct,ICOT_local,6.0,0.5436024864147908,0.024816631873686778,-10.0,20.010570355
1,Lsun,silhouette,0.99,oct,OCT,6.0,0.5436024864147908,0.024816631873686778,-10.0,0.132614757
1,Lsun,silhouette,0.99,oct,kmeans_plus,4.0,0.5677560543758627,0.03348063351927147,-10.0,2.665352046
1,Lsun,silhouette,0.99,oct,hclust,4.0,0.5538263372540496,0.057498749732389484,-10.0,0.939053861
1,Lsun,silhouette,0.99,oct,gmm,6.0,0.5384883422905458,0.01964980293526817,-10.0,0.186474953
1,Lsun,silhouette,0.99,oct,dbscan,0.4,0.4393619698491053,0.11705239553975084,-10.0,0.436394962
