seed,data,criterion,geom_threshold,warm_start,method,K,silhouette,dunn,ari_true,runtime
4,Lsun,silhouette,0.99,oct,True,3.0,0.4393619698491053,0.11705239553975084,1.0,0.0
4,Lsun,silhouette,0.99,oct,ICOT_local,6.0,0.5457508534949301,0.04140904027127282,-10.0,20.6533949
4,Lsun,silhouette,0.99,oct,OCT,6.0,0.5436024864147908,0.024816631873686778,-10.0,0.121639717
4,Lsun,silhouette,0.99,oct,kmeans_plus,4.0,0.5677560543758627,0.03348063351927147,-10.0,2.711112268
4,Lsun,silhouette,0.99,oct,hclust,4.0,0.5538263372540496,0.057498749732389484,-10.0,1.211348473
4,Lsun,silhouette,0.99,oct,gmm,6.0,0.5375369330143183,0.01964980293526817,-10.0,0.205378815
4,Lsun,silhouette,0.99,oct,dbscan,0.4,0.4393619698491053,0.11705239553975084,-10.0,0.576866481
