seed,data,criterion,geom_threshold,warm_start,method,K,silhouette,dunn,ari_true,runtime
4,Lsun,dunnindex,0.0,oct,True,3.0,0.4393619698491053,0.11705239553975084,1.0,0.0
4,Lsun,dunnindex,0.0,oct,ICOT_local,3.0,0.4393619698491053,0.11705239553975084,1.0,553.104590653
4,Lsun,dunnindex,0.0,oct,OCT,6.0,0.5436024864147908,0.024816631873686778,-10.0,0.109885368
4,Lsun,dunnindex,0.0,oct,kmeans_plus,5.0,0.5378229028671915,0.055973938452984,-10.0,2.886920693
4,Lsun,dunnindex,0.0,oct,hclust,10.0,0.388729887157816,0.0705328095456078,-10.0,1.264145147
4,Lsun,dunnindex,0.0,oct,gmm,3.0,0.4393619698491053,0.11705239553975084,1.0,0.211696809
4,Lsun,dunnindex,0.0,oct,dbscan,0.4,0.4393619698491053,0.11705239553975084,-10.0,0.482862993
