seed,data,criterion,geom_threshold,warm_start,method,K,silhouette,dunn,ari_true,runtime
5,Lsun,dunnindex,0.0,oct,True,3.0,0.4393619698491053,0.11705239553975084,1.0,0.0
5,Lsun,dunnindex,0.0,oct,ICOT_local,3.0,0.4393619698491053,0.11705239553975084,1.0,567.055142018
5,Lsun,dunnindex,0.0,oct,OCT,6.0,0.5435889501921383,0.024816631873686778,-10.0,0.134227699
5,Lsun,dunnindex,0.0,oct,kmeans_plus,5.0,0.5378229028671915,0.055973938452984,-10.0,2.690618272
5,Lsun,dunnindex,0.0,oct,hclust,10.0,0.388729887157816,0.0705328095456078,-10.0,1.124188185
5,Lsun,dunnindex,0.0,oct,gmm,3.0,0.4393619698491053,0.11705239553975084,1.0,0.192794792
5,Lsun,dunnindex,0.0,oct,dbscan,0.4,0.4393619698491053,0.11705239553975084,-10.0,0.427346052
