seed,data,criterion,geom_threshold,warm_start,method,K,silhouette,dunn,ari_true,runtime
3,Lsun,dunnindex,0.99,none,True,3.0,0.4393619698491053,0.11705239553975084,1.0,0.0
3,Lsun,dunnindex,0.99,none,ICOT_local,3.0,0.4393619698491053,0.11705239553975084,1.0,230.082328256
3,Lsun,dunnindex,0.99,none,OCT,9.0,0.4439851579169922,0.027984257938608273,-10.0,0.263167228
3,Lsun,dunnindex,0.99,none,kmeans_plus,9.0,0.42479444075965345,0.06465723828049964,-10.0,0.944250305
3,Lsun,dunnindex,0.99,none,hclust,10.0,0.388729887157816,0.0705328095456078,-10.0,1.196816835
3,Lsun,dunnindex,0.99,none,gmm,3.0,0.4393619698491053,0.11705239553975084,1.0,0.196963528
3,Lsun,dunnindex,0.99,none,dbscan,0.4,0.4393619698491053,0.11705239553975084,-10.0,0.502449398
