seed,data,criterion,geom_threshold,warm_start,method,K,silhouette,dunn,ari_true,runtime
5,Lsun,silhouette,0.9,oct,True,3.0,0.4393619698491053,0.11705239553975084,1.0,0.0
5,Lsun,silhouette,0.9,oct,ICOT_local,6.0,0.5457508534949301,0.04140904027127282,-10.0,32.549400322
5,Lsun,silhouette,0.9,oct,OCT,6.0,0.5435889501921383,0.024816631873686778,-10.0,0.12466201
5,Lsun,silhouette,0.9,oct,kmeans_plus,4.0,0.5677560543758627,0.03348063351927147,-10.0,2.664083541
5,Lsun,silhouette,0.9,oct,hclust,4.0,0.5538263372540496,0.057498749732389484,-10.0,1.306908118
5,Lsun,silhouette,0.9,oct,gmm,6.0,0.5369696674816495,0.01964980293526817,-10.0,0.198606454
5,Lsun,silhouette,0.9,oct,dbscan,0.4,0.4393619698491053,0.11705239553975084,-10.0,0.442402473
