seed,data,criterion,geom_threshold,warm_start,method,K,silhouette,dunn,ari_true,runtime
2,Lsun,dunnindex,0.0,oct,True,3.0,0.4393619698491053,0.11705239553975084,1.0,0.0
2,Lsun,dunnindex,0.0,oct,ICOT_local,3.0,0.4393619698491053,0.11705239553975084,1.0,561.834442668
2,Lsun,dunnindex,0.0,oct,OCT,6.0,0.49566267960820215,0.03320254275642122,-10.0,0.131103395
2,Lsun,dunnindex,0.0,oct,kmeans_plus,8.0,0.45264948045180764,0.05866854215310349,-10.0,3.616901232
2,Lsun,dunnindex,0.0,oct,hclust,10.0,0.388729887157816,0.0705328095456078,-10.0,1.004491006
2,Lsun,dunnindex,0.0,oct,gmm,3.0,0.4393619698491053,0.11705239553975084,1.0,0.193664017
2,Lsun,dunnindex,0.0,oct,dbscan,0.4,0.4393619698491053,0.11705239553975084,-10.0,0.493636603
