seed,data,criterion,geom_threshold,warm_start,method,K,silhouette,dunn,ari_true,runtime
1,Lsun,dunnindex,0.0,oct,True,3.0,0.4393619698491053,0.11705239553975084,1.0,0.0
1,Lsun,dunnindex,0.0,oct,ICOT_local,6.0,0.481987816631123,0.06816464844313684,-10.0,585.397152035
1,Lsun,dunnindex,0.0,oct,OCT,6.0,0.5436024864147908,0.024816631873686778,-10.0,0.134215952
1,Lsun,dunnindex,0.0,oct,kmeans_plus,9.0,0.4250771651525562,0.06691627392753746,-10.0,2.987386308
1,Lsun,dunnindex,0.0,oct,hclust,10.0,0.388729887157816,0.0705328095456078,-10.0,1.086140417
1,Lsun,dunnindex,0.0,oct,gmm,3.0,0.4393619698491053,0.11705239553975084,1.0,0.178123278
1,Lsun,dunnindex,0.0,oct,dbscan,0.4,0.4393619698491053,0.11705239553975084,-10.0,0.397759459
