seed,data,criterion,geom_threshold,warm_start,method,K,silhouette,dunn,ari_true,runtime
1,Lsun,dunnindex,0.99,oct,True,3.0,0.4393619698491053,0.11705239553975084,1.0,0.0
1,Lsun,dunnindex,0.99,oct,ICOT_local,7.0,0.49561558204570794,0.06712222378095872,-10.0,122.409181695
1,Lsun,dunnindex,0.99,oct,OCT,6.0,0.5436024864147908,0.024816631873686778,-10.0,0.131230497
1,Lsun,dunnindex,0.99,oct,kmeans_plus,9.0,0.4250771651525562,0.06691627392753746,-10.0,2.99729934
1,Lsun,dunnindex,0.99,oct,hclust,10.0,0.388729887157816,0.0705328095456078,-10.0,1.140338164
1,Lsun,dunnindex,0.99,oct,gmm,3.0,0.4393619698491053,0.11705239553975084,1.0,0.197831321
1,Lsun,dunnindex,0.99,oct,dbscan,0.4,0.4393619698491053,0.11705239553975084,-10.0,0.478859983
