seed,data,criterion,geom_threshold,warm_start,method,K,silhouette,dunn,ari_true,runtime
4,Lsun,dunnindex,0.9,oct,True,3.0,0.4393619698491053,0.11705239553975084,1.0,0.0
4,Lsun,dunnindex,0.9,oct,ICOT_local,3.0,0.4393619698491053,0.11705239553975084,1.0,94.193108843
4,Lsun,dunnindex,0.9,oct,OCT,6.0,0.5436024864147908,0.024816631873686778,-10.0,0.109645055
4,Lsun,dunnindex,0.9,oct,kmeans_plus,5.0,0.5378229028671915,0.055973938452984,-10.0,2.866834392
4,Lsun,dunnindex,0.9,oct,hclust,10.0,0.388729887157816,0.0705328095456078,-10.0,1.013909715
4,Lsun,dunnindex,0.9,oct,gmm,3.0,0.4393619698491053,0.11705239553975084,1.0,0.193541915
4,Lsun,dunnindex,0.9,oct,dbscan,0.4,0.4393619698491053,0.11705239553975084,-10.0,0.617523563
