seed,data,criterion,geom_threshold,warm_start,method,K,silhouette,dunn,ari_true,runtime
3,Lsun,dunnindex,0.9,oct,True,3.0,0.4393619698491053,0.11705239553975084,1.0,0.0
3,Lsun,dunnindex,0.9,oct,ICOT_local,3.0,0.4393619698491053,0.11705239553975084,1.0,123.300655516
3,Lsun,dunnindex,0.9,oct,OCT,6.0,0.5435889501921383,0.024816631873686778,-10.0,0.138211234
3,Lsun,dunnindex,0.9,oct,kmeans_plus,9.0,0.42479444075965345,0.06465723828049964,-10.0,2.749696926
3,Lsun,dunnindex,0.9,oct,hclust,10.0,0.388729887157816,0.0705328095456078,-10.0,1.135982959
3,Lsun,dunnindex,0.9,oct,gmm,3.0,0.4393619698491053,0.11705239553975084,1.0,0.228377973
3,Lsun,dunnindex,0.9,oct,dbscan,0.4,0.4393619698491053,0.11705239553975084,-10.0,0.458067539
