seed,data,criterion,geom_threshold,warm_start,method,K,silhouette,dunn,ari_true,runtime
5,Lsun,silhouette,0.99,oct,True,3.0,0.4393619698491053,0.11705239553975084,1.0,0.0
5,Lsun,silhouette,0.99,oct,ICOT_local,6.0,0.5456351375919042,0.04441109060418303,-10.0,21.699988006
5,Lsun,silhouette,0.99,oct,OCT,6.0,0.5435889501921383,0.024816631873686778,-10.0,0.120886661
5,Lsun,silhouette,0.99,oct,kmeans_plus,4.0,0.5677560543758627,0.03348063351927147,-10.0,2.762601641
5,Lsun,silhouette,0.99,oct,hclust,4.0,0.5538263372540496,0.057498749732389484,-10.0,1.224881993
5,Lsun,silhouette,0.99,oct,gmm,6.0,0.5369696674816495,0.01964980293526817,-10.0,0.217062273
5,Lsun,silhouette,0.99,oct,dbscan,0.4,0.4393619698491053,0.11705239553975084,-10.0,0.417618631
