seed,data,criterion,geom_threshold,warm_start,method,K,silhouette,dunn,ari_true,runtime
4,Lsun,dunnindex,0.99,none,True,3.0,0.4393619698491053,0.11705239553975084,1.0,0.0
4,Lsun,dunnindex,0.99,none,ICOT_local,3.0,0.4393619698491053,0.11705239553975084,1.0,220.766068162
4,Lsun,dunnindex,0.99,none,OCT,5.0,0.5378229028671915,0.055973938452984,-10.0,0.180265347
4,Lsun,dunnindex,0.99,none,kmeans_plus,5.0,0.5378229028671915,0.055973938452984,-10.0,1.027588536
4,Lsun,dunnindex,0.99,none,hclust,10.0,0.388729887157816,0.0705328095456078,-10.0,1.168957113
4,Lsun,dunnindex,0.99,none,gmm,3.0,0.4393619698491053,0.11705239553975084,1.0,0.198325749
4,Lsun,dunnindex,0.99,none,dbscan,0.4,0.4393619698491053,0.11705239553975084,-10.0,0.527968173
