seed,data,criterion,geom_threshold,warm_start,method,K,silhouette,dunn,ari_true,runtime
2,Lsun,dunnindex,0.0,none,True,3.0,0.4393619698491053,0.11705239553975084,1.0,0.0
2,Lsun,dunnindex,0.0,none,ICOT_local,3.0,0.4393619698491053,0.11705239553975084,1.0,567.113106567
2,Lsun,dunnindex,0.0,none,OCT,8.0,0.4297253537091976,0.006170155557849488,-10.0,0.208453189
2,Lsun,dunnindex,0.0,none,kmeans_plus,8.0,0.45264948045180764,0.05866854215310349,-10.0,0.903820656
2,Lsun,dunnindex,0.0,none,hclust,10.0,0.388729887157816,0.0705328095456078,-10.0,1.14986539
2,Lsun,dunnindex,0.0,none,gmm,3.0,0.4393619698491053,0.11705239553975084,1.0,0.194310269
2,Lsun,dunnindex,0.0,none,dbscan,0.4,0.4393619698491053,0.11705239553975084,-10.0,0.534697461
