seed,data,criterion,geom_threshold,warm_start,method,K,silhouette,dunn,ari_true,runtime
2,Lsun,silhouette,0.99,oct,True,3.0,0.4393619698491053,0.11705239553975084,1.0,0.0
2,Lsun,silhouette,0.99,oct,ICOT_local,4.0,0.5682252929878685,0.04038393275373525,-10.0,23.120313554
2,Lsun,silhouette,0.99,oct,OCT,6.0,0.49566267960820215,0.03320254275642122,-10.0,0.117239617
2,Lsun,silhouette,0.99,oct,kmeans_plus,4.0,0.5677560543758627,0.03348063351927147,-10.0,2.517748507
2,Lsun,silhouette,0.99,oct,hclust,4.0,0.5538263372540496,0.057498749732389484,-10.0,0.883499407
2,Lsun,silhouette,0.99,oct,gmm,6.0,0.5369696674816495,0.01964980293526817,-10.0,0.20439607
2,Lsun,silhouette,0.99,oct,dbscan,0.4,0.4393619698491053,0.11705239553975084,-10.0,0.431747485
