seed,data,criterion,geom_threshold,warm_start,method,K,silhouette,dunn,ari_true,runtime
4,Lsun,dunnindex,0.0,none,True,3.0,0.4393619698491053,0.11705239553975084,1.0,0.0
4,Lsun,dunnindex,0.0,none,ICOT_local,3.0,0.4393619698491053,0.11705239553975084,1.0,793.825590053
4,Lsun,dunnindex,0.0,none,OCT,5.0,0.5378229028671915,0.055973938452984,-10.0,0.202445907
4,Lsun,dunnindex,0.0,none,kmeans_plus,5.0,0.5378229028671915,0.055973938452984,-10.0,0.926352347
4,Lsun,dunnindex,0.0,none,hclust,10.0,0.388729887157816,0.0705328095456078,-10.0,0.965461554
4,Lsun,dunnindex,0.0,none,gmm,3.0,0.4393619698491053,0.11705239553975084,1.0,0.211149028
4,Lsun,dunnindex,0.0,none,dbscan,0.4,0.4393619698491053,0.11705239553975084,-10.0,0.459106334
