seed,data,criterion,geom_threshold,warm_start,method,K,silhouette,dunn,ari_true,runtime
4,Lsun,dunnindex,0.99,oct,True,3.0,0.4393619698491053,0.11705239553975084,1.0,0.0
4,Lsun,dunnindex,0.99,oct,ICOT_local,7.0,0.49561558204570794,0.06712222378095872,-10.0,108.67547309
4,Lsun,dunnindex,0.99,oct,OCT,6.0,0.5436024864147908,0.024816631873686778,-10.0,0.111953206
4,Lsun,dunnindex,0.99,oct,kmeans_plus,5.0,0.5378229028671915,0.055973938452984,-10.0,2.73215428
4,Lsun,dunnindex,0.99,oct,hclust,10.0,0.388729887157816,0.0705328095456078,-10.0,1.096700105
4,Lsun,dunnindex,0.99,oct,gmm,3.0,0.4393619698491053,0.11705239553975084,1.0,0.211543099
4,Lsun,dunnindex,0.99,oct,dbscan,0.4,0.4393619698491053,0.11705239553975084,-10.0,0.48360463
