seed,data,criterion,geom_threshold,warm_start,method,K,silhouette,dunn,ari_true,runtime
3,Lsun,dunnindex,0.99,oct,True,3.0,0.4393619698491053,0.11705239553975084,1.0,0.0
3,Lsun,dunnindex,0.99,oct,ICOT_local,7.0,0.49561558204570794,0.06712222378095872,-10.0,109.480380618
3,Lsun,dunnindex,0.99,oct,OCT,6.0,0.5435889501921382,0.024816631873686778,-10.0,0.116400507
3,Lsun,dunnindex,0.99,oct,kmeans_plus,9.0,0.4247944407596536,0.06465723828049964,-10.0,2.085856907
3,Lsun,dunnindex,0.99,oct,hclust,10.0,0.388729887157816,0.0705328095456078,-10.0,1.171836363
3,Lsun,dunnindex,0.99,oct,gmm,3.0,0.4393619698491053,0.11705239553975084,1.0,0.219065456
3,Lsun,dunnindex,0.99,oct,dbscan,0.4,0.4393619698491053,0.11705239553975084,-10.0,0.378714693
