seed,data,criterion,geom_threshold,warm_start,method,K,silhouette,dunn,ari_true,runtime
4,Lsun,silhouette,0.9,none,True,3.0,0.4393619698491053,0.11705239553975084,1.0,0.0
4,Lsun,silhouette,0.9,none,ICOT_local,4.0,0.5675574156727285,0.031808053860220786,-10.0,114.687612968
4,Lsun,silhouette,0.9,none,OCT,4.0,0.5680427435043047,0.04038393275373525,-10.0,0.169194966
4,Lsun,silhouette,0.9,none,kmeans_plus,4.0,0.5677560543758627,0.03348063351927147,-10.0,1.011897772
4,Lsun,silhouette,0.9,none,hclust,4.0,0.5538263372540496,0.057498749732389484,-10.0,1.372211477
4,Lsun,silhouette,0.9,none,gmm,6.0,0.5375369330143183,0.01964980293526817,-10.0,0.179134388
4,Lsun,silhouette,0.9,none,dbscan,0.4,0.4393619698491053,0.11705239553975084,-10.0,0.423908188
