seed,data,criterion,geom_threshold,warm_start,method,K,silhouette,dunn,ari_true,runtime
4,Target,dunnindex,0.99,oct,True,6.0,0.29520828013791023,0.25329913298274587,1.0,0.0
4,Target,dunnindex,0.99,oct,ICOT_local,5.0,0.5070454045474697,0.54970578533082,-10.0,99.804751506
4,Target,dunnindex,0.99,oct,OCT,2.0,0.4035964127559235,0.006542138441645714,-10.0,0.106905913
4,Target,dunnindex,0.99,oct,kmeans_plus,7.0,0.5891930529287043,0.02876102963518904,-10.0,3.7872153
4,Target,dunnindex,0.99,oct,hclust,5.0,0.5070454045474697,0.54970578533082,-10.0,2.100570124
4,Target,dunnindex,0.99,oct,gmm,2.0,0.4154577982311347,0.02005392161744479,-10.0,0.246598769
4,Target,dunnindex,0.99,oct,dbscan,0.4,0.27378431592522884,0.1168989585578307,-10.0,0.70722138
