seed,data,criterion,geom_threshold,warm_start,method,K,silhouette,dunn,ari_true,runtime
3,Target,silhouette,0.0,oct,True,6.0,0.29520828013791023,0.25329913298274587,1.0,0.0
3,Target,silhouette,0.0,oct,ICOT_local,2.0,0.6293258938554152,0.3617041171316212,-10.0,1447.214428162
3,Target,silhouette,0.0,oct,OCT,2.0,0.41326105480317876,0.01592511320952578,-10.0,0.077934699
3,Target,silhouette,0.0,oct,kmeans_plus,7.0,0.5891930529287043,0.02876102963518904,-10.0,3.873811341
3,Target,silhouette,0.0,oct,hclust,2.0,0.6187945806979066,0.26631728961233314,-10.0,2.025785575
3,Target,silhouette,0.0,oct,gmm,5.0,0.5374945015632305,0.010131752642392905,-10.0,0.229423182
3,Target,silhouette,0.0,oct,dbscan,0.2,0.4160897939249258,0.031862524354839106,-10.0,0.701333532
