seed,data,criterion,geom_threshold,warm_start,method,K,silhouette,dunn,ari_true,runtime
5,Target,dunnindex,0.9,oct,True,6.0,0.29520828013791023,0.25329913298274587,1.0,0.0
5,Target,dunnindex,0.9,oct,ICOT_local,5.0,0.5070454045474697,0.54970578533082,-10.0,690.078366418
5,Target,dunnindex,0.9,oct,OCT,2.0,0.41326105480317876,0.01592511320952578,-10.0,0.098912581
5,Target,dunnindex,0.9,oct,kmeans_plus,7.0,0.5891930529287043,0.02876102963518904,-10.0,4.064803772
5,Target,dunnindex,0.9,oct,hclust,5.0,0.5070454045474697,0.54970578533082,-10.0,2.135863543
5,Target,dunnindex,0.9,oct,gmm,2.0,0.6345429365291497,0.2536922770389607,-10.0,0.249279986
5,Target,dunnindex,0.9,oct,dbscan,0.4,0.27378431592522884,0.1168989585578307,-10.0,0.725724608
