seed,data,criterion,geom_threshold,warm_start,method,K,silhouette,dunn,ari_true,runtime
5,Target,silhouette,0.0,oct,True,6.0,0.29520828013791023,0.25329913298274587,1.0,0.0
5,Target,silhouette,0.0,oct,ICOT_local,2.0,0.6293258938554152,0.3617041171316212,-10.0,1488.153964058
5,Target,silhouette,0.0,oct,OCT,2.0,0.41326105480317876,0.01592511320952578,-10.0,0.099232222
5,Target,silhouette,0.0,oct,kmeans_plus,9.0,0.5934930991289754,0.026778835711248998,-10.0,3.937353018
5,Target,silhouette,0.0,oct,hclust,2.0,0.6187945806979066,0.26631728961233314,-10.0,2.060001999
5,Target,silhouette,0.0,oct,gmm,2.0,0.6345429365291497,0.2536922770389607,-10.0,0.245380744
5,Target,silhouette,0.0,oct,dbscan,0.2,0.4160897939249258,0.031862524354839106,-10.0,0.687425877
