seed,data,criterion,geom_threshold,warm_start,method,K,silhouette,dunn,ari_true,runtime
5,Target,silhouette,0.99,oct,True,6.0,0.2952082801379103,0.25329913298274587,1.0,0.0
5,Target,silhouette,0.99,oct,ICOT_local,2.0,0.6293258938554152,0.3617041171316212,-10.0,85.97930517
5,Target,silhouette,0.99,oct,OCT,2.0,0.41326105480317876,0.01592511320952578,-10.0,0.084141462
5,Target,silhouette,0.99,oct,kmeans_plus,9.0,0.5934930991289754,0.026778835711248998,-10.0,3.023832247
5,Target,silhouette,0.99,oct,hclust,2.0,0.6187945806979065,0.26631728961233314,-10.0,2.046765577
5,Target,silhouette,0.99,oct,gmm,2.0,0.6345429365291497,0.2536922770389607,-10.0,0.243031407
5,Target,silhouette,0.99,oct,dbscan,0.2,0.4160897939249259,0.031862524354839106,-10.0,0.532671629
