seed,data,criterion,geom_threshold,warm_start,method,K,silhouette,dunn,ari_true,runtime
1,Target,silhouette,0.0,none,True,6.0,0.29520828013791023,0.25329913298274587,1.0,0.0
1,Target,silhouette,0.0,none,ICOT_local,2.0,0.6293258938554152,0.3617041171316212,-10.0,1372.988998474
1,Target,silhouette,0.0,none,OCT,9.0,0.5024924710203637,0.01775181889390813,-10.0,0.379942184
1,Target,silhouette,0.0,none,kmeans_plus,9.0,0.5928690898803927,0.026778835711248998,-10.0,2.079493567
1,Target,silhouette,0.0,none,hclust,2.0,0.6187945806979066,0.26631728961233314,-10.0,1.876724741
1,Target,silhouette,0.0,none,gmm,8.0,0.5450745856821219,0.009739430501920542,-10.0,0.232065127
1,Target,silhouette,0.0,none,dbscan,0.2,0.4160897939249258,0.031862524354839106,-10.0,0.699765059
