seed,data,criterion,geom_threshold,warm_start,method,K,silhouette,dunn,ari_true,runtime
1,Target,silhouette,0.0,oct,True,6.0,0.2952082801379103,0.25329913298274587,1.0,0.0
1,Target,silhouette,0.0,oct,ICOT_local,2.0,0.6293258938554152,0.3617041171316212,-10.0,1184.894151086
1,Target,silhouette,0.0,oct,OCT,2.0,0.4218366086718335,0.007198208027258129,-10.0,0.158197049
1,Target,silhouette,0.0,oct,kmeans_plus,9.0,0.5928690898803926,0.026778835711248998,-10.0,2.902589652
1,Target,silhouette,0.0,oct,hclust,2.0,0.6187945806979065,0.26631728961233314,-10.0,1.892085206
1,Target,silhouette,0.0,oct,gmm,8.0,0.5450745856821219,0.009739430501920542,-10.0,0.252848745
1,Target,silhouette,0.0,oct,dbscan,0.2,0.4160897939249259,0.031862524354839106,-10.0,0.473776078
