seed,data,criterion,geom_threshold,warm_start,method,K,silhouette,dunn,ari_true,runtime
3,Target,dunnindex,0.9,oct,True,6.0,0.2952082801379103,0.25329913298274587,1.0,0.0
3,Target,dunnindex,0.9,oct,ICOT_local,5.0,0.5070454045474697,0.54970578533082,-10.0,324.239247144
3,Target,dunnindex,0.9,oct,OCT,2.0,0.41326105480317876,0.01592511320952578,-10.0,0.071896907
3,Target,dunnindex,0.9,oct,kmeans_plus,7.0,0.5891930529287043,0.02876102963518904,-10.0,3.225859675
3,Target,dunnindex,0.9,oct,hclust,5.0,0.5070454045474697,0.54970578533082,-10.0,1.985122886
3,Target,dunnindex,0.9,oct,gmm,4.0,0.4860447479973028,0.018885909722034102,-10.0,0.289276515
3,Target,dunnindex,0.9,oct,dbscan,0.4,0.27378431592522884,0.1168989585578307,-10.0,0.622625632
