seed,data,criterion,geom_threshold,warm_start,method,K,silhouette,dunn,ari_true,runtime
3,Target,dunnindex,0.99,oct,True,6.0,0.29520828013791023,0.25329913298274587,1.0,0.0
3,Target,dunnindex,0.99,oct,ICOT_local,5.0,0.5070454045474697,0.54970578533082,-10.0,48.280693994
3,Target,dunnindex,0.99,oct,OCT,2.0,0.41326105480317876,0.01592511320952578,-10.0,0.076919489
3,Target,dunnindex,0.99,oct,kmeans_plus,7.0,0.5891930529287043,0.02876102963518904,-10.0,3.542132857
3,Target,dunnindex,0.99,oct,hclust,5.0,0.5070454045474697,0.54970578533082,-10.0,1.719094246
3,Target,dunnindex,0.99,oct,gmm,4.0,0.4860447479973028,0.018885909722034102,-10.0,0.228038048
3,Target,dunnindex,0.99,oct,dbscan,0.4,0.27378431592522884,0.1168989585578307,-10.0,0.605658294
