seed,data,criterion,geom_threshold,warm_start,method,K,silhouette,dunn,ari_true,runtime
2,Target,silhouette,0.99,none,True,6.0,0.29520828013791023,0.25329913298274587,1.0,0.0
2,Target,silhouette,0.99,none,ICOT_local,2.0,0.6293258938554152,0.3617041171316212,-10.0,486.400532646
2,Target,silhouette,0.99,none,OCT,7.0,0.5063182171573686,0.010504660696542394,-10.0,0.328960718
2,Target,silhouette,0.99,none,kmeans_plus,7.0,0.5891930529287043,0.02876102963518904,-10.0,2.000184856
2,Target,silhouette,0.99,none,hclust,2.0,0.6187945806979066,0.26631728961233314,-10.0,2.050958172
2,Target,silhouette,0.99,none,gmm,2.0,0.6345429365291497,0.2536922770389607,-10.0,0.239297008
2,Target,silhouette,0.99,none,dbscan,0.2,0.4160897939249258,0.031862524354839106,-10.0,0.667589694
