seed,data,criterion,geom_threshold,warm_start,method,K,silhouette,dunn,ari_true,runtime
1,Target,dunnindex,0.99,oct,True,6.0,0.29520828013791023,0.25329913298274587,1.0,0.0
1,Target,dunnindex,0.99,oct,ICOT_local,5.0,0.5070454045474697,0.54970578533082,-10.0,129.648501582
1,Target,dunnindex,0.99,oct,OCT,2.0,0.4218366086718335,0.007198208027258129,-10.0,0.207673269
1,Target,dunnindex,0.99,oct,kmeans_plus,7.0,0.5891930529287043,0.02876102963518904,-10.0,3.862523031
1,Target,dunnindex,0.99,oct,hclust,5.0,0.5070454045474697,0.54970578533082,-10.0,2.085075724
1,Target,dunnindex,0.99,oct,gmm,4.0,0.4611688233913726,0.016188665242115513,-10.0,0.248675126
1,Target,dunnindex,0.99,oct,dbscan,0.4,0.27378431592522884,0.1168989585578307,-10.0,0.616015588
