seed,data,criterion,geom_threshold,warm_start,method,K,silhouette,dunn,ari_true,runtime
1,Target,dunnindex,0.99,none,True,6.0,0.29520828013791023,0.25329913298274587,1.0,0.0
1,Target,dunnindex,0.99,none,ICOT_local,2.0,0.6293258938554152,0.3617041171316212,-10.0,906.626294753
1,Target,dunnindex,0.99,none,OCT,7.0,0.5235147923245674,0.011134472072741904,-10.0,0.252036746
1,Target,dunnindex,0.99,none,kmeans_plus,7.0,0.5891930529287043,0.02876102963518904,-10.0,2.100575439
1,Target,dunnindex,0.99,none,hclust,5.0,0.5070454045474697,0.54970578533082,-10.0,1.749477873
1,Target,dunnindex,0.99,none,gmm,4.0,0.4611688233913726,0.016188665242115513,-10.0,0.239008181
1,Target,dunnindex,0.99,none,dbscan,0.4,0.27378431592522884,0.1168989585578307,-10.0,0.670088477
