seed,data,criterion,geom_threshold,warm_start,method,K,silhouette,dunn,ari_true,runtime
1,Target,dunnindex,0.0,oct,True,6.0,0.29520828013791023,0.25329913298274587,1.0,0.0
1,Target,dunnindex,0.0,oct,ICOT_local,5.0,0.5070454045474697,0.54970578533082,-10.0,6501.123178486
1,Target,dunnindex,0.0,oct,OCT,2.0,0.4218366086718335,0.007198208027258129,-10.0,0.205381892
1,Target,dunnindex,0.0,oct,kmeans_plus,7.0,0.5891930529287043,0.02876102963518904,-10.0,5.964148872
1,Target,dunnindex,0.0,oct,hclust,5.0,0.5070454045474697,0.54970578533082,-10.0,2.061659544
1,Target,dunnindex,0.0,oct,gmm,4.0,0.4611688233913726,0.016188665242115513,-10.0,0.249080693
1,Target,dunnindex,0.0,oct,dbscan,0.4,0.27378431592522884,0.1168989585578307,-10.0,0.860891924
