seed,data,criterion,geom_threshold,warm_start,method,K,silhouette,dunn,ari_true,runtime
2,Target,dunnindex,0.9,oct,True,6.0,0.29520828013791023,0.25329913298274587,1.0,0.0
2,Target,dunnindex,0.9,oct,ICOT_local,5.0,0.5070454045474697,0.54970578533082,-10.0,824.334158213
2,Target,dunnindex,0.9,oct,OCT,2.0,0.3938355575310184,0.010869556233238794,-10.0,0.201538638
2,Target,dunnindex,0.9,oct,kmeans_plus,7.0,0.5891930529287043,0.02876102963518904,-10.0,3.819427341
2,Target,dunnindex,0.9,oct,hclust,5.0,0.5070454045474697,0.54970578533082,-10.0,2.268276181
2,Target,dunnindex,0.9,oct,gmm,2.0,0.6345429365291497,0.2536922770389607,-10.0,0.25900838
2,Target,dunnindex,0.9,oct,dbscan,0.4,0.27378431592522884,0.1168989585578307,-10.0,0.643428608
