seed,data,criterion,geom_threshold,warm_start,method,K,silhouette,dunn,ari_true,runtime
5,Target,silhouette,0.9,oct,True,6.0,0.29520828013791023,0.25329913298274587,1.0,0.0
5,Target,silhouette,0.9,oct,ICOT_local,2.0,0.6293258938554152,0.3617041171316212,-10.0,374.553573979
5,Target,silhouette,0.9,oct,OCT,2.0,0.41326105480317876,0.01592511320952578,-10.0,0.108947224
5,Target,silhouette,0.9,oct,kmeans_plus,9.0,0.5934930991289754,0.026778835711248998,-10.0,3.931630807
5,Target,silhouette,0.9,oct,hclust,2.0,0.6187945806979066,0.26631728961233314,-10.0,1.991404423
5,Target,silhouette,0.9,oct,gmm,2.0,0.6345429365291497,0.2536922770389607,-10.0,0.227524262
5,Target,silhouette,0.9,oct,dbscan,0.2,0.4160897939249258,0.031862524354839106,-10.0,0.69722901
