seed,data,criterion,geom_threshold,warm_start,method,K,silhouette,dunn,ari_true,runtime
1,Target,dunnindex,0.9,none,True,6.0,0.29520828013791023,0.25329913298274587,1.0,0.0
1,Target,dunnindex,0.9,none,ICOT_local,2.0,0.6293258938554152,0.3617041171316212,-10.0,1187.349502342
1,Target,dunnindex,0.9,none,OCT,7.0,0.5235147923245674,0.011134472072741904,-10.0,0.349339224
1,Target,dunnindex,0.9,none,kmeans_plus,7.0,0.5891930529287043,0.02876102963518904,-10.0,2.130734771
1,Target,dunnindex,0.9,none,hclust,5.0,0.5070454045474697,0.54970578533082,-10.0,2.06203638
1,Target,dunnindex,0.9,none,gmm,4.0,0.4611688233913726,0.016188665242115513,-10.0,0.250343895
1,Target,dunnindex,0.9,none,dbscan,0.4,0.27378431592522884,0.1168989585578307,-10.0,0.781511768
