seed,data,criterion,geom_threshold,warm_start,method,K,silhouette,dunn,ari_true,runtime
2,Target,silhouette,0.0,oct,True,6.0,0.29520828013791023,0.25329913298274587,1.0,0.0
2,Target,silhouette,0.0,oct,ICOT_local,2.0,0.6293258938554152,0.3617041171316212,-10.0,1332.605153019
2,Target,silhouette,0.0,oct,OCT,2.0,0.3938355575310184,0.010869556233238794,-10.0,0.207900988
2,Target,silhouette,0.0,oct,kmeans_plus,7.0,0.5891930529287043,0.02876102963518904,-10.0,4.858104853
2,Target,silhouette,0.0,oct,hclust,2.0,0.6187945806979066,0.26631728961233314,-10.0,2.1085654
2,Target,silhouette,0.0,oct,gmm,2.0,0.6345429365291497,0.2536922770389607,-10.0,0.225830578
2,Target,silhouette,0.0,oct,dbscan,0.2,0.4160897939249258,0.031862524354839106,-10.0,0.575262086
