seed,data,criterion,geom_threshold,warm_start,method,K,silhouette,dunn,ari_true,runtime
4,Target,dunnindex,0.0,oct,True,6.0,0.29520828013791023,0.25329913298274587,1.0,0.0
4,Target,dunnindex,0.0,oct,ICOT_local,5.0,0.5070454045474697,0.54970578533082,-10.0,4517.053724554
4,Target,dunnindex,0.0,oct,OCT,2.0,0.4035964127559235,0.006542138441645714,-10.0,0.106924165
4,Target,dunnindex,0.0,oct,kmeans_plus,7.0,0.5891930529287043,0.02876102963518904,-10.0,4.196779865
4,Target,dunnindex,0.0,oct,hclust,5.0,0.5070454045474697,0.54970578533082,-10.0,2.26500714
4,Target,dunnindex,0.0,oct,gmm,2.0,0.4154577982311347,0.02005392161744479,-10.0,0.261570966
4,Target,dunnindex,0.0,oct,dbscan,0.4,0.27378431592522884,0.1168989585578307,-10.0,0.734563896
