seed,data,criterion,geom_threshold,warm_start,method,K,silhouette,dunn,ari_true,runtime
4,Tetra,dunnindex,0.99,none,True,4.0,0.5035416208491038,0.19966220595159145,1.0,0.0
4,Tetra,dunnindex,0.99,none,ICOT_local,4.0,0.5035416208491038,0.19966220595159145,1.0,116.785168348
4,Tetra,dunnindex,0.99,none,OCT,4.0,0.5035416208491038,0.19966220595159145,1.0,0.199431259
4,Tetra,dunnindex,0.99,none,kmeans_plus,4.0,0.5035416208491038,0.19966220595159145,1.0,1.02261945
4,Tetra,dunnindex,0.99,none,hclust,4.0,0.5035416208491038,0.19966220595159145,1.0,1.242376947
4,Tetra,dunnindex,0.99,none,gmm,4.0,0.5035416208491038,0.19966220595159145,1.0,0.383253405
4,Tetra,dunnindex,0.99,none,dbscan,0.4,0.5035416208491038,0.19966220595159145,-10.0,0.42848219
