seed,data,criterion,geom_threshold,warm_start,method,K,silhouette,dunn,ari_true,runtime
3,Tetra,dunnindex,0.9,none,True,4.0,0.5035416208491038,0.19966220595159145,1.0,0.0
3,Tetra,dunnindex,0.9,none,ICOT_local,4.0,0.5035416208491038,0.19966220595159145,1.0,179.201008719
3,Tetra,dunnindex,0.9,none,OCT,4.0,0.5035416208491038,0.19966220595159145,1.0,0.154225428
3,Tetra,dunnindex,0.9,none,kmeans_plus,4.0,0.5035416208491038,0.19966220595159145,1.0,1.087034509
3,Tetra,dunnindex,0.9,none,hclust,4.0,0.5035416208491038,0.19966220595159145,1.0,1.414953971
3,Tetra,dunnindex,0.9,none,gmm,4.0,0.5035416208491038,0.19966220595159145,1.0,0.216115774
3,Tetra,dunnindex,0.9,none,dbscan,0.4,0.5035416208491038,0.19966220595159145,-10.0,0.526451917
