seed,data,criterion,geom_threshold,warm_start,method,K,silhouette,dunn,ari_true,runtime
5,Tetra,dunnindex,0.9,oct,True,4.0,0.5035416208491038,0.19966220595159145,1.0,0.0
5,Tetra,dunnindex,0.9,oct,ICOT_local,4.0,0.5035416208491038,0.19966220595159145,1.0,81.72015671
5,Tetra,dunnindex,0.9,oct,OCT,2.0,0.29221042140577347,0.028622458127860528,-10.0,0.059754388
5,Tetra,dunnindex,0.9,oct,kmeans_plus,4.0,0.5035416208491038,0.19966220595159145,1.0,2.832428858
5,Tetra,dunnindex,0.9,oct,hclust,4.0,0.5035416208491038,0.19966220595159145,1.0,1.001243305
5,Tetra,dunnindex,0.9,oct,gmm,4.0,0.5035416208491038,0.19966220595159145,1.0,0.184458969
5,Tetra,dunnindex,0.9,oct,dbscan,0.4,0.5035416208491038,0.19966220595159145,-10.0,0.472603736
