seed,data,criterion,geom_threshold,warm_start,method,K,silhouette,dunn,ari_true,runtime
3,Tetra,dunnindex,0.9,oct,True,4.0,0.5035416208491038,0.19966220595159145,1.0,0.0
3,Tetra,dunnindex,0.9,oct,ICOT_local,4.0,0.5035416208491038,0.19966220595159145,1.0,112.116849326
3,Tetra,dunnindex,0.9,oct,OCT,2.0,0.2861109683171418,0.05227266249204283,-10.0,0.132958922
3,Tetra,dunnindex,0.9,oct,kmeans_plus,4.0,0.5035416208491038,0.19966220595159145,1.0,2.943618677
3,Tetra,dunnindex,0.9,oct,hclust,4.0,0.5035416208491038,0.19966220595159145,1.0,1.009240289
3,Tetra,dunnindex,0.9,oct,gmm,4.0,0.5035416208491038,0.19966220595159145,1.0,0.330386634
3,Tetra,dunnindex,0.9,oct,dbscan,0.4,0.5035416208491038,0.19966220595159145,-10.0,0.458974677
