seed,data,criterion,geom_threshold,warm_start,method,K,silhouette,dunn,ari_true,runtime
5,Tetra,dunnindex,0.99,oct,True,4.0,0.5035416208491038,0.19966220595159145,1.0,0.0
5,Tetra,dunnindex,0.99,oct,ICOT_local,4.0,0.5035416208491038,0.19966220595159145,1.0,20.075038741
5,Tetra,dunnindex,0.99,oct,OCT,2.0,0.29221042140577347,0.028622458127860528,-10.0,0.068583922
5,Tetra,dunnindex,0.99,oct,kmeans_plus,4.0,0.5035416208491038,0.19966220595159145,1.0,2.823903698
5,Tetra,dunnindex,0.99,oct,hclust,4.0,0.5035416208491038,0.19966220595159145,1.0,1.275570097
5,Tetra,dunnindex,0.99,oct,gmm,4.0,0.5035416208491038,0.19966220595159145,1.0,0.3117575
5,Tetra,dunnindex,0.99,oct,dbscan,0.4,0.5035416208491038,0.19966220595159145,-10.0,0.469677785
