seed,data,criterion,geom_threshold,warm_start,method,K,silhouette,dunn,ari_true,runtime
3,Tetra,dunnindex,0.99,oct,True,4.0,0.5035416208491038,0.19966220595159145,1.0,0.0
3,Tetra,dunnindex,0.99,oct,ICOT_local,4.0,0.5035416208491038,0.19966220595159145,1.0,34.026176451
3,Tetra,dunnindex,0.99,oct,OCT,2.0,0.2861109683171418,0.05227266249204283,-10.0,0.137678679
3,Tetra,dunnindex,0.99,oct,kmeans_plus,4.0,0.5035416208491038,0.19966220595159145,1.0,2.752388965
3,Tetra,dunnindex,0.99,oct,hclust,4.0,0.5035416208491038,0.19966220595159145,1.0,1.023344793
3,Tetra,dunnindex,0.99,oct,gmm,4.0,0.5035416208491038,0.19966220595159145,1.0,0.316315523
3,Tetra,dunnindex,0.99,oct,dbscan,0.4,0.5035416208491038,0.19966220595159145,-10.0,0.43764045
