seed,data,criterion,geom_threshold,warm_start,method,K,silhouette,dunn,ari_true,runtime
1,Tetra,dunnindex,0.99,oct,True,4.0,0.5035416208491038,0.19966220595159145,1.0,0.0
1,Tetra,dunnindex,0.99,oct,ICOT_local,4.0,0.5035416208491038,0.19966220595159145,1.0,37.322236271
1,Tetra,dunnindex,0.99,oct,OCT,2.0,0.2529024108527493,0.06389342034187384,-10.0,0.131996792
1,Tetra,dunnindex,0.99,oct,kmeans_plus,4.0,0.5035416208491038,0.19966220595159145,1.0,2.911432824
1,Tetra,dunnindex,0.99,oct,hclust,4.0,0.5035416208491038,0.19966220595159145,1.0,0.98622421
1,Tetra,dunnindex,0.99,oct,gmm,4.0,0.5035416208491038,0.19966220595159145,1.0,0.256248888
1,Tetra,dunnindex,0.99,oct,dbscan,0.4,0.5035416208491038,0.19966220595159145,-10.0,0.508982714
