seed,data,criterion,geom_threshold,warm_start,method,K,silhouette,dunn,ari_true,runtime
1,Tetra,silhouette,0.9,oct,True,4.0,0.5035416208491038,0.19966220595159145,1.0,0.0
1,Tetra,silhouette,0.9,oct,ICOT_local,4.0,0.5035416208491038,0.19966220595159145,1.0,53.955106265
1,Tetra,silhouette,0.9,oct,OCT,2.0,0.2529024108527493,0.06389342034187384,-10.0,0.131957121
1,Tetra,silhouette,0.9,oct,kmeans_plus,4.0,0.5035416208491038,0.19966220595159145,1.0,3.475985511
1,Tetra,silhouette,0.9,oct,hclust,4.0,0.5035416208491038,0.19966220595159145,1.0,0.697591127
1,Tetra,silhouette,0.9,oct,gmm,4.0,0.5035416208491038,0.19966220595159145,1.0,0.18985472
1,Tetra,silhouette,0.9,oct,dbscan,0.4,0.5035416208491038,0.19966220595159145,-10.0,0.503802208
