seed,data,criterion,geom_threshold,warm_start,method,K,silhouette,dunn,ari_true,runtime
4,Tetra,silhouette,0.0,oct,True,4.0,0.5035416208491038,0.19966220595159145,1.0,0.0
4,Tetra,silhouette,0.0,oct,ICOT_local,4.0,0.5035416208491038,0.19966220595159145,1.0,326.711495315
4,Tetra,silhouette,0.0,oct,OCT,2.0,0.26700474471492647,0.03604842098244366,-10.0,0.154411753
4,Tetra,silhouette,0.0,oct,kmeans_plus,4.0,0.5035416208491038,0.19966220595159145,1.0,2.545370116
4,Tetra,silhouette,0.0,oct,hclust,4.0,0.5035416208491038,0.19966220595159145,1.0,1.162305517
4,Tetra,silhouette,0.0,oct,gmm,4.0,0.5035416208491038,0.19966220595159145,1.0,0.171436659
4,Tetra,silhouette,0.0,oct,dbscan,0.4,0.5035416208491038,0.19966220595159145,-10.0,0.402675806
