seed,data,criterion,geom_threshold,warm_start,method,K,silhouette,dunn,ari_true,runtime
5,Tetra,silhouette,0.99,oct,True,4.0,0.5035416208491038,0.19966220595159145,1.0,0.0
5,Tetra,silhouette,0.99,oct,ICOT_local,4.0,0.5035416208491038,0.19966220595159145,1.0,16.407270484
5,Tetra,silhouette,0.99,oct,OCT,2.0,0.29221042140577347,0.028622458127860528,-10.0,0.058255904
5,Tetra,silhouette,0.99,oct,kmeans_plus,4.0,0.5035416208491038,0.19966220595159145,1.0,2.723048526
5,Tetra,silhouette,0.99,oct,hclust,4.0,0.5035416208491038,0.19966220595159145,1.0,1.278929906
5,Tetra,silhouette,0.99,oct,gmm,4.0,0.5035416208491038,0.19966220595159145,1.0,0.30534905
5,Tetra,silhouette,0.99,oct,dbscan,0.4,0.5035416208491038,0.19966220595159145,-10.0,0.478461062
