seed,data,criterion,geom_threshold,warm_start,method,K,silhouette,dunn,ari_true,runtime
1,Tetra,silhouette,0.0,none,True,4.0,0.5035416208491038,0.19966220595159145,1.0,0.0
1,Tetra,silhouette,0.0,none,ICOT_local,4.0,0.5035416208491038,0.19966220595159145,1.0,359.336455841
1,Tetra,silhouette,0.0,none,OCT,4.0,0.5035416208491038,0.19966220595159145,1.0,0.208174206
1,Tetra,silhouette,0.0,none,kmeans_plus,4.0,0.5035416208491038,0.19966220595159145,1.0,0.974184491
1,Tetra,silhouette,0.0,none,hclust,4.0,0.5035416208491038,0.19966220595159145,1.0,1.15329462
1,Tetra,silhouette,0.0,none,gmm,4.0,0.5035416208491038,0.19966220595159145,1.0,0.209220159
1,Tetra,silhouette,0.0,none,dbscan,0.4,0.5035416208491038,0.19966220595159145,-10.0,0.48255864
