seed,data,criterion,geom_threshold,warm_start,method,K,silhouette,dunn,ari_true,runtime
2,Tetra,silhouette,0.99,oct,True,4.0,0.5035416208491038,0.19966220595159145,1.0,0.0
2,Tetra,silhouette,0.99,oct,ICOT_local,4.0,0.5035416208491038,0.19966220595159145,1.0,25.450163894
2,Tetra,silhouette,0.99,oct,OCT,2.0,0.23425134712919338,0.039693526515935856,-10.0,0.113639896
2,Tetra,silhouette,0.99,oct,kmeans_plus,4.0,0.5035416208491038,0.19966220595159145,1.0,2.782231838
2,Tetra,silhouette,0.99,oct,hclust,4.0,0.5035416208491038,0.19966220595159145,1.0,1.244324332
2,Tetra,silhouette,0.99,oct,gmm,4.0,0.5035416208491038,0.19966220595159145,1.0,0.189856509
2,Tetra,silhouette,0.99,oct,dbscan,0.4,0.5035416208491038,0.19966220595159145,-10.0,0.504934842
