seed,data,criterion,geom_threshold,warm_start,method,K,silhouette,dunn,ari_true,runtime
2,Tetra,silhouette,0.0,none,True,4.0,0.5035416208491038,0.19966220595159145,1.0,0.0
2,Tetra,silhouette,0.0,none,ICOT_local,4.0,0.5035416208491038,0.19966220595159145,1.0,370.108502706
2,Tetra,silhouette,0.0,none,OCT,4.0,0.5035416208491038,0.19966220595159145,1.0,0.127723473
2,Tetra,silhouette,0.0,none,kmeans_plus,4.0,0.5035416208491038,0.19966220595159145,1.0,1.062014812
2,Tetra,silhouette,0.0,none,hclust,4.0,0.5035416208491038,0.19966220595159145,1.0,1.066214987
2,Tetra,silhouette,0.0,none,gmm,4.0,0.5035416208491038,0.19966220595159145,1.0,0.22732481
2,Tetra,silhouette,0.0,none,dbscan,0.4,0.5035416208491038,0.19966220595159145,-10.0,0.417768573
