seed,data,criterion,geom_threshold,warm_start,method,K,silhouette,dunn,ari_true,runtime
4,Tetra,dunnindex,0.0,none,True,4.0,0.5035416208491038,0.19966220595159145,1.0,0.0
4,Tetra,dunnindex,0.0,none,ICOT_local,4.0,0.5035416208491038,0.19966220595159145,1.0,830.607823168
4,Tetra,dunnindex,0.0,none,OCT,4.0,0.5035416208491038,0.19966220595159145,1.0,0.200210451
4,Tetra,dunnindex,0.0,none,kmeans_plus,4.0,0.5035416208491038,0.19966220595159145,1.0,0.955093141
4,Tetra,dunnindex,0.0,none,hclust,4.0,0.5035416208491038,0.19966220595159145,1.0,1.302990242
4,Tetra,dunnindex,0.0,none,gmm,4.0,0.5035416208491038,0.19966220595159145,1.0,0.214334983
4,Tetra,dunnindex,0.0,none,dbscan,0.4,0.5035416208491038,0.19966220595159145,-10.0,0.476006155
