seed,data,criterion,geom_threshold,warm_start,method,K,silhouette,dunn,ari_true,runtime
5,Tetra,silhouette,0.99,none,True,4.0,0.5035416208491038,0.19966220595159145,1.0,0.0
5,Tetra,silhouette,0.99,none,ICOT_local,4.0,0.4988325799676918,0.06387930412034797,0.9800859443666899,89.89107026
5,Tetra,silhouette,0.99,none,OCT,4.0,0.5035416208491038,0.19966220595159145,1.0,0.227840829
5,Tetra,silhouette,0.99,none,kmeans_plus,4.0,0.5035416208491038,0.19966220595159145,1.0,1.00618252
5,Tetra,silhouette,0.99,none,hclust,4.0,0.5035416208491038,0.19966220595159145,1.0,1.19343422
5,Tetra,silhouette,0.99,none,gmm,4.0,0.5035416208491038,0.19966220595159145,1.0,0.195395843
5,Tetra,silhouette,0.99,none,dbscan,0.4,0.5035416208491038,0.19966220595159145,-10.0,0.476969722
