seed,data,criterion,geom_threshold,warm_start,method,K,silhouette,dunn,ari_true,runtime
2,Tetra,silhouette,0.9,oct,True,4.0,0.5035416208491038,0.19966220595159145,1.0,0.0
2,Tetra,silhouette,0.9,oct,ICOT_local,4.0,0.5035416208491038,0.19966220595159145,1.0,59.310115224
2,Tetra,silhouette,0.9,oct,OCT,2.0,0.23425134712919338,0.039693526515935856,-10.0,0.112214513
2,Tetra,silhouette,0.9,oct,kmeans_plus,4.0,0.5035416208491038,0.19966220595159145,1.0,2.912758881
2,Tetra,silhouette,0.9,oct,hclust,4.0,0.5035416208491038,0.19966220595159145,1.0,1.092868936
2,Tetra,silhouette,0.9,oct,gmm,4.0,0.5035416208491038,0.19966220595159145,1.0,0.186734972
2,Tetra,silhouette,0.9,oct,dbscan,0.4,0.5035416208491038,0.19966220595159145,-10.0,0.510966643
