seed,data,criterion,geom_threshold,warm_start,method,K,silhouette,dunn,ari_true,runtime
4,Tetra,silhouette,0.0,none,True,4.0,0.5035416208491038,0.19966220595159145,1.0,0.0
4,Tetra,silhouette,0.0,none,ICOT_local,4.0,0.5035416208491038,0.19966220595159145,1.0,354.968213263
4,Tetra,silhouette,0.0,none,OCT,4.0,0.5035416208491038,0.19966220595159145,1.0,0.215095887
4,Tetra,silhouette,0.0,none,kmeans_plus,4.0,0.5035416208491038,0.19966220595159145,1.0,1.019408771
4,Tetra,silhouette,0.0,none,hclust,4.0,0.5035416208491038,0.19966220595159145,1.0,1.137092969
4,Tetra,silhouette,0.0,none,gmm,4.0,0.5035416208491038,0.19966220595159145,1.0,0.207883468
4,Tetra,silhouette,0.0,none,dbscan,0.4,0.5035416208491038,0.19966220595159145,-10.0,0.48839391
