seed,data,criterion,geom_threshold,warm_start,method,K,silhouette,dunn,ari_true,runtime
4,Tetra,dunnindex,0.99,oct,True,4.0,0.5035416208491038,0.19966220595159145,1.0,0.0
4,Tetra,dunnindex,0.99,oct,ICOT_local,4.0,0.5035416208491038,0.19966220595159145,1.0,60.496875975
4,Tetra,dunnindex,0.99,oct,OCT,2.0,0.26700474471492647,0.03604842098244366,-10.0,0.150127173
4,Tetra,dunnindex,0.99,oct,kmeans_plus,4.0,0.5035416208491038,0.19966220595159145,1.0,2.762622929
4,Tetra,dunnindex,0.99,oct,hclust,4.0,0.5035416208491038,0.19966220595159145,1.0,1.145873786
4,Tetra,dunnindex,0.99,oct,gmm,4.0,0.5035416208491038,0.19966220595159145,1.0,0.232079975
4,Tetra,dunnindex,0.99,oct,dbscan,0.4,0.5035416208491038,0.19966220595159145,-10.0,0.5087512
