seed,data,criterion,geom_threshold,warm_start,method,K,silhouette,dunn,ari_true,runtime
4,Tetra,silhouette,0.9,oct,True,4.0,0.5035416208491038,0.19966220595159145,1.0,0.0
4,Tetra,silhouette,0.9,oct,ICOT_local,4.0,0.5035416208491038,0.19966220595159145,1.0,53.124338173
4,Tetra,silhouette,0.9,oct,OCT,2.0,0.26700474471492647,0.03604842098244366,-10.0,0.162030039
4,Tetra,silhouette,0.9,oct,kmeans_plus,4.0,0.5035416208491038,0.19966220595159145,1.0,2.729753692
4,Tetra,silhouette,0.9,oct,hclust,4.0,0.5035416208491038,0.19966220595159145,1.0,1.190086737
4,Tetra,silhouette,0.9,oct,gmm,4.0,0.5035416208491038,0.19966220595159145,1.0,0.240857435
4,Tetra,silhouette,0.9,oct,dbscan,0.4,0.5035416208491038,0.19966220595159145,-10.0,0.481822305
