seed,data,criterion,geom_threshold,warm_start,method,K,silhouette,dunn,ari_true,runtime
2,Tetra,dunnindex,0.0,oct,True,4.0,0.5035416208491038,0.19966220595159145,1.0,0.0
2,Tetra,dunnindex,0.0,oct,ICOT_local,4.0,0.5035416208491038,0.19966220595159145,1.0,864.357459305
2,Tetra,dunnindex,0.0,oct,OCT,2.0,0.23425134712919338,0.039693526515935856,-10.0,0.103116366
2,Tetra,dunnindex,0.0,oct,kmeans_plus,4.0,0.5035416208491038,0.19966220595159145,1.0,2.771071116
2,Tetra,dunnindex,0.0,oct,hclust,4.0,0.5035416208491038,0.19966220595159145,1.0,1.399960963
2,Tetra,dunnindex,0.0,oct,gmm,4.0,0.5035416208491038,0.19966220595159145,1.0,0.202401826
2,Tetra,dunnindex,0.0,oct,dbscan,0.4,0.5035416208491038,0.19966220595159145,-10.0,0.362646516
