seed,data,criterion,geom_threshold,warm_start,method,K,silhouette,dunn,ari_true,runtime
1,Tetra,dunnindex,0.0,none,True,4.0,0.5035416208491038,0.19966220595159145,1.0,0.0
1,Tetra,dunnindex,0.0,none,ICOT_local,4.0,0.5035416208491038,0.19966220595159145,1.0,884.290860687
1,Tetra,dunnindex,0.0,none,OCT,4.0,0.5035416208491038,0.19966220595159145,1.0,0.335208566
1,Tetra,dunnindex,0.0,none,kmeans_plus,4.0,0.5035416208491038,0.19966220595159145,1.0,1.08868627
1,Tetra,dunnindex,0.0,none,hclust,4.0,0.5035416208491038,0.19966220595159145,1.0,1.381982914
1,Tetra,dunnindex,0.0,none,gmm,4.0,0.5035416208491038,0.19966220595159145,1.0,0.223594408
1,Tetra,dunnindex,0.0,none,dbscan,0.4,0.5035416208491038,0.19966220595159145,-10.0,0.566056581
