seed,data,criterion,geom_threshold,warm_start,method,K,silhouette,dunn,ari_true,runtime
1,Tetra,silhouette,0.0,oct,True,4.0,0.5035416208491038,0.19966220595159145,1.0,0.0
1,Tetra,silhouette,0.0,oct,ICOT_local,4.0,0.5035416208491038,0.19966220595159145,1.0,336.765439468
1,Tetra,silhouette,0.0,oct,OCT,2.0,0.25290241085274934,0.06389342034187384,-10.0,0.105762527
1,Tetra,silhouette,0.0,oct,kmeans_plus,4.0,0.5035416208491038,0.19966220595159145,1.0,2.447194533
1,Tetra,silhouette,0.0,oct,hclust,4.0,0.5035416208491038,0.19966220595159145,1.0,1.03930556
1,Tetra,silhouette,0.0,oct,gmm,4.0,0.5035416208491038,0.19966220595159145,1.0,0.205630362
1,Tetra,silhouette,0.0,oct,dbscan,0.4,0.5035416208491038,0.19966220595159145,-10.0,0.344778928
