seed,data,criterion,geom_threshold,warm_start,method,K,silhouette,dunn,ari_true,runtime
2,Tetra,dunnindex,0.9,oct,True,4.0,0.5035416208491038,0.19966220595159145,1.0,0.0
2,Tetra,dunnindex,0.9,oct,ICOT_local,4.0,0.5035416208491038,0.19966220595159145,1.0,137.385815525
2,Tetra,dunnindex,0.9,oct,OCT,2.0,0.23425134712919338,0.039693526515935856,-10.0,0.102946319
2,Tetra,dunnindex,0.9,oct,kmeans_plus,4.0,0.5035416208491038,0.19966220595159145,1.0,3.278016141
2,Tetra,dunnindex,0.9,oct,hclust,4.0,0.5035416208491038,0.19966220595159145,1.0,1.217107573
2,Tetra,dunnindex,0.9,oct,gmm,4.0,0.5035416208491038,0.19966220595159145,1.0,0.201455438
2,Tetra,dunnindex,0.9,oct,dbscan,0.4,0.5035416208491038,0.19966220595159145,-10.0,0.516589196
