seed,data,criterion,geom_threshold,warm_start,method,K,silhouette,dunn,ari_true,runtime
1,Tetra,silhouette,0.9,none,True,4.0,0.5035416208491038,0.19966220595159145,1.0,0.0
1,Tetra,silhouette,0.9,none,ICOT_local,4.0,0.5007248690939629,0.07337880588490514,0.9866670908875584,105.644232314
1,Tetra,silhouette,0.9,none,OCT,4.0,0.5035416208491038,0.19966220595159145,1.0,0.214875036
1,Tetra,silhouette,0.9,none,kmeans_plus,4.0,0.5035416208491038,0.19966220595159145,1.0,1.046041296
1,Tetra,silhouette,0.9,none,hclust,4.0,0.5035416208491038,0.19966220595159145,1.0,1.131425728
1,Tetra,silhouette,0.9,none,gmm,4.0,0.5035416208491038,0.19966220595159145,1.0,0.189812329
1,Tetra,silhouette,0.9,none,dbscan,0.4,0.5035416208491038,0.19966220595159145,-10.0,0.479296653
