seed,data,criterion,geom_threshold,warm_start,method,K,silhouette,dunn,ari_true,runtime
2,Tetra,dunnindex,0.99,oct,True,4.0,0.5035416208491038,0.19966220595159145,1.0,0.0
2,Tetra,dunnindex,0.99,oct,ICOT_local,4.0,0.5035416208491038,0.19966220595159145,1.0,41.416207674
2,Tetra,dunnindex,0.99,oct,OCT,2.0,0.23425134712919338,0.039693526515935856,-10.0,0.10256229
2,Tetra,dunnindex,0.99,oct,kmeans_plus,4.0,0.5035416208491038,0.19966220595159145,1.0,3.508487209
2,Tetra,dunnindex,0.99,oct,hclust,4.0,0.5035416208491038,0.19966220595159145,1.0,1.284764382
2,Tetra,dunnindex,0.99,oct,gmm,4.0,0.5035416208491038,0.19966220595159145,1.0,0.192592753
2,Tetra,dunnindex,0.99,oct,dbscan,0.4,0.5035416208491038,0.19966220595159145,-10.0,0.400945558
