seed,data,criterion,geom_threshold,warm_start,method,K,silhouette,dunn,ari_true,runtime
3,TwoDiamonds,dunnindex,0.9,oct,True,2.0,0.48591870935773296,0.022004889975551917,1.0,0.0
3,TwoDiamonds,dunnindex,0.9,oct,ICOT_local,2.0,0.08934917577530273,0.043543955614666154,0.0,233.458119936
3,TwoDiamonds,dunnindex,0.9,oct,OCT,2.0,0.48591870935773296,0.022004889975551917,1.0,0.082033708
3,TwoDiamonds,dunnindex,0.9,oct,kmeans_plus,10.0,0.34309409535275615,0.024327364016981677,-10.0,4.134782947
3,TwoDiamonds,dunnindex,0.9,oct,hclust,9.0,0.3836081090483955,0.04858221203649906,-10.0,2.210345355
3,TwoDiamonds,dunnindex,0.9,oct,gmm,7.0,0.34095616661742445,0.017624276697490636,-10.0,0.246574535
3,TwoDiamonds,dunnindex,0.9,oct,dbscan,0.1,0.04731615677264487,0.01194496039691997,-10.0,0.609678121
