seed,data,criterion,geom_threshold,warm_start,method,K,silhouette,dunn,ari_true,runtime
2,TwoDiamonds,dunnindex,0.9,none,True,2.0,0.48591870935773296,0.022004889975551917,1.0,0.0
2,TwoDiamonds,dunnindex,0.9,none,ICOT_local,2.0,0.08934917577530273,0.043543955614666154,0.0,1426.704332566
2,TwoDiamonds,dunnindex,0.9,none,OCT,8.0,0.28078799828161427,0.0029610401565398413,-10.0,0.40483496
2,TwoDiamonds,dunnindex,0.9,none,kmeans_plus,8.0,0.3838529115605981,0.027674417294630483,-10.0,2.127621463
2,TwoDiamonds,dunnindex,0.9,none,hclust,9.0,0.3836081090483955,0.04858221203649906,-10.0,2.205507455
2,TwoDiamonds,dunnindex,0.9,none,gmm,9.0,0.34148419737925323,0.020040729143726232,-10.0,0.251368402
2,TwoDiamonds,dunnindex,0.9,none,dbscan,0.1,0.04731615677264487,0.01194496039691997,-10.0,0.533480989
