seed,data,criterion,geom_threshold,warm_start,method,K,silhouette,dunn,ari_true,runtime
1,TwoDiamonds,dunnindex,0.9,none,True,2.0,0.48591870935773296,0.022004889975551917,1.0,0.0
1,TwoDiamonds,dunnindex,0.9,none,ICOT_local,2.0,0.08934917577530273,0.043543955614666154,0.0,1514.215622999
1,TwoDiamonds,dunnindex,0.9,none,OCT,5.0,0.37790625154148816,0.00640846621180902,-10.0,0.338505013
1,TwoDiamonds,dunnindex,0.9,none,kmeans_plus,5.0,0.381239330587718,0.02398033169828047,-10.0,2.24522338
1,TwoDiamonds,dunnindex,0.9,none,hclust,9.0,0.3836081090483955,0.04858221203649906,-10.0,2.292961446
1,TwoDiamonds,dunnindex,0.9,none,gmm,8.0,0.3377830041672529,0.024819677583950085,-10.0,0.262953875
1,TwoDiamonds,dunnindex,0.9,none,dbscan,0.1,0.04731615677264487,0.01194496039691997,-10.0,0.554583964
