seed,data,criterion,geom_threshold,warm_start,method,K,silhouette,dunn,ari_true,runtime
1,TwoDiamonds,dunnindex,0.99,oct,True,2.0,0.48591870935773296,0.022004889975551917,1.0,0.0
1,TwoDiamonds,dunnindex,0.99,oct,ICOT_local,2.0,0.08934917577530273,0.043543955614666154,0.0,34.636112483
1,TwoDiamonds,dunnindex,0.99,oct,OCT,2.0,0.48591870935773296,0.022004889975551917,1.0,0.084237277
1,TwoDiamonds,dunnindex,0.99,oct,kmeans_plus,5.0,0.381239330587718,0.02398033169828047,-10.0,3.966905577
1,TwoDiamonds,dunnindex,0.99,oct,hclust,9.0,0.3836081090483955,0.04858221203649906,-10.0,2.393628159
1,TwoDiamonds,dunnindex,0.99,oct,gmm,8.0,0.3377830041672529,0.024819677583950085,-10.0,0.257619596
1,TwoDiamonds,dunnindex,0.99,oct,dbscan,0.1,0.04731615677264487,0.01194496039691997,-10.0,0.602421704
