seed,data,criterion,geom_threshold,warm_start,method,K,silhouette,dunn,ari_true,runtime
1,TwoDiamonds,silhouette,0.0,oct,True,2.0,0.485918709357733,0.022004889975551917,1.0,0.0
1,TwoDiamonds,silhouette,0.0,oct,ICOT_local,2.0,0.485918709357733,0.022004889975551917,1.0,699.263698366
1,TwoDiamonds,silhouette,0.0,oct,OCT,2.0,0.485918709357733,0.022004889975551917,1.0,0.072951141
1,TwoDiamonds,silhouette,0.0,oct,kmeans_plus,2.0,0.485918709357733,0.022004889975551917,1.0,2.904911166
1,TwoDiamonds,silhouette,0.0,oct,hclust,2.0,0.4852595198159819,0.034080288605124014,0.9850375245509264,1.895910936
1,TwoDiamonds,silhouette,0.0,oct,gmm,2.0,0.485918709357733,0.022004889975551917,0.0,0.248973245
1,TwoDiamonds,silhouette,0.0,oct,dbscan,0.1,0.04731615677264487,0.01194496039691997,-10.0,0.422328767
