seed,data,criterion,geom_threshold,warm_start,method,K,silhouette,dunn,ari_true,runtime
5,TwoDiamonds,dunnindex,0.99,oct,True,2.0,0.48591870935773296,0.022004889975551917,1.0,0.0
5,TwoDiamonds,dunnindex,0.99,oct,ICOT_local,2.0,0.08934917577530273,0.043543955614666154,0.0,35.856346479
5,TwoDiamonds,dunnindex,0.99,oct,OCT,2.0,0.48591870935773296,0.022004889975551917,1.0,0.087575431
5,TwoDiamonds,dunnindex,0.99,oct,kmeans_plus,9.0,0.36977795795601875,0.023920301281190288,-10.0,3.794504078
5,TwoDiamonds,dunnindex,0.99,oct,hclust,9.0,0.3836081090483955,0.04858221203649906,-10.0,2.288534951
5,TwoDiamonds,dunnindex,0.99,oct,gmm,4.0,0.3859482931362884,0.02374189311491283,-10.0,0.249843897
5,TwoDiamonds,dunnindex,0.99,oct,dbscan,0.1,0.04731615677264487,0.01194496039691997,-10.0,0.53736015
