seed,data,criterion,geom_threshold,warm_start,method,K,silhouette,dunn,ari_true,runtime
4,TwoDiamonds,dunnindex,0.0,oct,True,2.0,0.485918709357733,0.022004889975551917,1.0,0.0
4,TwoDiamonds,dunnindex,0.0,oct,ICOT_local,2.0,0.08934917577530273,0.043543955614666154,0.0,2281.497639383
4,TwoDiamonds,dunnindex,0.0,oct,OCT,2.0,0.485918709357733,0.022004889975551917,1.0,0.071787974
4,TwoDiamonds,dunnindex,0.0,oct,kmeans_plus,10.0,0.3422158273056736,0.024182802587640863,-10.0,3.386850251
4,TwoDiamonds,dunnindex,0.0,oct,hclust,9.0,0.3836081090483956,0.04858221203649906,-10.0,2.528865173
4,TwoDiamonds,dunnindex,0.0,oct,gmm,10.0,0.3498098302576236,0.017858747809746663,-10.0,0.267502729
4,TwoDiamonds,dunnindex,0.0,oct,dbscan,0.1,0.04731615677264487,0.01194496039691997,-10.0,0.465596259
