seed,data,criterion,geom_threshold,warm_start,method,K,silhouette,dunn,ari_true,runtime
3,TwoDiamonds,dunnindex,0.99,oct,True,2.0,0.48591870935773296,0.022004889975551917,1.0,0.0
3,TwoDiamonds,dunnindex,0.99,oct,ICOT_local,2.0,0.08934917577530273,0.043543955614666154,0.0,34.289576894
3,TwoDiamonds,dunnindex,0.99,oct,OCT,2.0,0.48591870935773296,0.022004889975551917,1.0,0.084092802
3,TwoDiamonds,dunnindex,0.99,oct,kmeans_plus,10.0,0.34309409535275615,0.024327364016981677,-10.0,3.911482748
3,TwoDiamonds,dunnindex,0.99,oct,hclust,9.0,0.3836081090483955,0.04858221203649906,-10.0,2.271341563
3,TwoDiamonds,dunnindex,0.99,oct,gmm,7.0,0.34095616661742445,0.017624276697490636,-10.0,0.250385929
3,TwoDiamonds,dunnindex,0.99,oct,dbscan,0.1,0.04731615677264487,0.01194496039691997,-10.0,0.581828681
