seed,data,criterion,geom_threshold,warm_start,method,K,silhouette,dunn,ari_true,runtime
2,TwoDiamonds,silhouette,0.0,none,True,2.0,0.48591870935773296,0.022004889975551917,1.0,0.0
2,TwoDiamonds,silhouette,0.0,none,ICOT_local,2.0,0.48591870935773296,0.022004889975551917,1.0,1501.426804301
2,TwoDiamonds,silhouette,0.0,none,OCT,2.0,0.48591870935773296,0.022004889975551917,1.0,0.089365423
2,TwoDiamonds,silhouette,0.0,none,kmeans_plus,2.0,0.48591870935773296,0.022004889975551917,1.0,2.085086482
2,TwoDiamonds,silhouette,0.0,none,hclust,2.0,0.48525951981598175,0.034080288605124014,0.9850375245509264,1.946620126
2,TwoDiamonds,silhouette,0.0,none,gmm,4.0,0.39529827720279387,0.015564266172430551,-10.0,0.235531617
2,TwoDiamonds,silhouette,0.0,none,dbscan,0.1,0.04731615677264487,0.01194496039691997,-10.0,0.589598447
