seed,data,criterion,geom_threshold,warm_start,method,K,silhouette,dunn,ari_true,runtime
3,TwoDiamonds,silhouette,0.0,oct,True,2.0,0.48591870935773296,0.022004889975551917,1.0,0.0
3,TwoDiamonds,silhouette,0.0,oct,ICOT_local,2.0,0.48591870935773296,0.022004889975551917,1.0,813.900239644
3,TwoDiamonds,silhouette,0.0,oct,OCT,2.0,0.48591870935773296,0.022004889975551917,1.0,0.083225625
3,TwoDiamonds,silhouette,0.0,oct,kmeans_plus,2.0,0.48591870935773296,0.022004889975551917,1.0,3.94754034
3,TwoDiamonds,silhouette,0.0,oct,hclust,2.0,0.48525951981598175,0.034080288605124014,0.9850375245509264,2.166969341
3,TwoDiamonds,silhouette,0.0,oct,gmm,4.0,0.39529827720279387,0.015564266172430551,-10.0,0.225718497
3,TwoDiamonds,silhouette,0.0,oct,dbscan,0.1,0.04731615677264487,0.01194496039691997,-10.0,0.55594887
