seed,data,criterion,geom_threshold,warm_start,method,K,silhouette,dunn,ari_true,runtime
1,TwoDiamonds,silhouette,0.99,oct,True,2.0,0.48591870935773296,0.022004889975551917,1.0,0.0
1,TwoDiamonds,silhouette,0.99,oct,ICOT_local,2.0,0.48591870935773296,0.022004889975551917,1.0,24.339472585
1,TwoDiamonds,silhouette,0.99,oct,OCT,2.0,0.48591870935773296,0.022004889975551917,1.0,0.091951219
1,TwoDiamonds,silhouette,0.99,oct,kmeans_plus,2.0,0.48591870935773296,0.022004889975551917,1.0,6.21474134
1,TwoDiamonds,silhouette,0.99,oct,hclust,2.0,0.48525951981598175,0.034080288605124014,0.9850375245509264,2.242330749
1,TwoDiamonds,silhouette,0.99,oct,gmm,2.0,0.48591870935773296,0.022004889975551917,0.0,0.233117516
1,TwoDiamonds,silhouette,0.99,oct,dbscan,0.1,0.04731615677264487,0.01194496039691997,-10.0,0.564820361
