seed,data,criterion,geom_threshold,warm_start,method,K,silhouette,dunn,ari_true,runtime
1,TwoDiamonds,dunnindex,0.0,none,True,2.0,0.48591870935773296,0.022004889975551917,1.0,0.0
1,TwoDiamonds,dunnindex,0.0,none,ICOT_local,2.0,0.08934917577530273,0.043543955614666154,0.0,3258.511653645
1,TwoDiamonds,dunnindex,0.0,none,OCT,5.0,0.37790625154148816,0.00640846621180902,-10.0,0.56280351
1,TwoDiamonds,dunnindex,0.0,none,kmeans_plus,5.0,0.381239330587718,0.02398033169828047,-10.0,2.202385008
1,TwoDiamonds,dunnindex,0.0,none,hclust,9.0,0.3836081090483955,0.04858221203649906,-10.0,2.419714575
1,TwoDiamonds,dunnindex,0.0,none,gmm,8.0,0.3377830041672529,0.024819677583950085,-10.0,0.265242953
1,TwoDiamonds,dunnindex,0.0,none,dbscan,0.1,0.04731615677264487,0.01194496039691997,-10.0,0.56388355
