seed,data,criterion,geom_threshold,warm_start,method,K,silhouette,dunn,ari_true,runtime
4,TwoDiamonds,dunnindex,0.99,oct,True,2.0,0.48591870935773296,0.022004889975551917,1.0,0.0
4,TwoDiamonds,dunnindex,0.99,oct,ICOT_local,2.0,0.08934917577530273,0.043543955614666154,0.0,36.712769443
4,TwoDiamonds,dunnindex,0.99,oct,OCT,2.0,0.48591870935773296,0.022004889975551917,1.0,0.084399642
4,TwoDiamonds,dunnindex,0.99,oct,kmeans_plus,10.0,0.3422158273056736,0.024182802587640863,-10.0,3.932839503
4,TwoDiamonds,dunnindex,0.99,oct,hclust,9.0,0.3836081090483955,0.04858221203649906,-10.0,2.256890992
4,TwoDiamonds,dunnindex,0.99,oct,gmm,10.0,0.34980983025762347,0.017858747809746663,-10.0,0.253505598
4,TwoDiamonds,dunnindex,0.99,oct,dbscan,0.1,0.04731615677264487,0.01194496039691997,-10.0,0.591462882
