seed,data,criterion,geom_threshold,warm_start,method,K,silhouette,dunn,ari_true,runtime
5,TwoDiamonds,silhouette,0.9,none,True,2.0,0.48591870935773296,0.022004889975551917,1.0,0.0
5,TwoDiamonds,silhouette,0.9,none,ICOT_local,2.0,0.48591870935773296,0.022004889975551917,1.0,598.220208849
5,TwoDiamonds,silhouette,0.9,none,OCT,2.0,0.48591870935773296,0.022004889975551917,1.0,0.182493711
5,TwoDiamonds,silhouette,0.9,none,kmeans_plus,2.0,0.48591870935773296,0.022004889975551917,1.0,2.081823942
5,TwoDiamonds,silhouette,0.9,none,hclust,2.0,0.48525951981598175,0.034080288605124014,0.9850375245509264,2.329764276
5,TwoDiamonds,silhouette,0.9,none,gmm,4.0,0.3859482931362884,0.02374189311491283,-10.0,0.234414439
5,TwoDiamonds,silhouette,0.9,none,dbscan,0.1,0.04731615677264487,0.01194496039691997,-10.0,0.680280526
