seed,data,criterion,geom_threshold,warm_start,method,K,silhouette,dunn,ari_true,runtime
5,TwoDiamonds,dunnindex,0.0,oct,True,2.0,0.48591870935773296,0.022004889975551917,1.0,0.0
5,TwoDiamonds,dunnindex,0.0,oct,ICOT_local,2.0,0.08934917577530273,0.043543955614666154,0.0,1648.00608662
5,TwoDiamonds,dunnindex,0.0,oct,OCT,2.0,0.48591870935773296,0.022004889975551917,1.0,0.085145624
5,TwoDiamonds,dunnindex,0.0,oct,kmeans_plus,9.0,0.36977795795601875,0.023920301281190288,-10.0,3.192803149
5,TwoDiamonds,dunnindex,0.0,oct,hclust,9.0,0.3836081090483955,0.04858221203649906,-10.0,2.023264329
5,TwoDiamonds,dunnindex,0.0,oct,gmm,4.0,0.3859482931362884,0.02374189311491283,-10.0,0.23417543
5,TwoDiamonds,dunnindex,0.0,oct,dbscan,0.1,0.04731615677264487,0.01194496039691997,-10.0,0.426097315
