seed,data,criterion,geom_threshold,warm_start,method,K,silhouette,dunn,ari_true,runtime
5,TwoDiamonds,silhouette,0.9,oct,True,2.0,0.48591870935773296,0.022004889975551917,1.0,0.0
5,TwoDiamonds,silhouette,0.9,oct,ICOT_local,2.0,0.48591870935773296,0.022004889975551917,1.0,112.032134165
5,TwoDiamonds,silhouette,0.9,oct,OCT,2.0,0.48591870935773296,0.022004889975551917,1.0,0.095397249
5,TwoDiamonds,silhouette,0.9,oct,kmeans_plus,2.0,0.48591870935773296,0.022004889975551917,1.0,3.929940686
5,TwoDiamonds,silhouette,0.9,oct,hclust,2.0,0.48525951981598175,0.034080288605124014,0.9850375245509264,2.344095649
5,TwoDiamonds,silhouette,0.9,oct,gmm,4.0,0.3859482931362884,0.02374189311491283,-10.0,0.229271067
5,TwoDiamonds,silhouette,0.9,oct,dbscan,0.1,0.04731615677264487,0.01194496039691997,-10.0,0.492023672
