seed,data,criterion,geom_threshold,warm_start,method,K,silhouette,dunn,ari_true,runtime
2,TwoDiamonds,dunnindex,0.99,oct,True,2.0,0.48591870935773296,0.022004889975551917,1.0,0.0
2,TwoDiamonds,dunnindex,0.99,oct,ICOT_local,2.0,0.08934917577530273,0.043543955614666154,0.0,37.128698776
2,TwoDiamonds,dunnindex,0.99,oct,OCT,2.0,0.48591870935773296,0.022004889975551917,1.0,0.615607106
2,TwoDiamonds,dunnindex,0.99,oct,kmeans_plus,8.0,0.3838529115605981,0.027674417294630483,-10.0,3.917553757
2,TwoDiamonds,dunnindex,0.99,oct,hclust,9.0,0.3836081090483955,0.04858221203649906,-10.0,2.328815437
2,TwoDiamonds,dunnindex,0.99,oct,gmm,9.0,0.34148419737925323,0.020040729143726232,-10.0,0.252016364
2,TwoDiamonds,dunnindex,0.99,oct,dbscan,0.1,0.04731615677264487,0.01194496039691997,-10.0,0.59074624
