seed,data,criterion,geom_threshold,warm_start,method,K,silhouette,dunn,ari_true,runtime
5,TwoDiamonds,silhouette,0.0,oct,True,2.0,0.48591870935773296,0.022004889975551917,1.0,0.0
5,TwoDiamonds,silhouette,0.0,oct,ICOT_local,2.0,0.48591870935773296,0.022004889975551917,1.0,818.641132698
5,TwoDiamonds,silhouette,0.0,oct,OCT,2.0,0.48591870935773296,0.022004889975551917,1.0,0.094813752
5,TwoDiamonds,silhouette,0.0,oct,kmeans_plus,2.0,0.48591870935773296,0.022004889975551917,1.0,3.97506953
5,TwoDiamonds,silhouette,0.0,oct,hclust,2.0,0.48525951981598175,0.034080288605124014,0.9850375245509264,2.289278593
5,TwoDiamonds,silhouette,0.0,oct,gmm,4.0,0.3859482931362884,0.02374189311491283,-10.0,0.223512453
5,TwoDiamonds,silhouette,0.0,oct,dbscan,0.1,0.04731615677264487,0.01194496039691997,-10.0,0.571344562
