seed,data,criterion,geom_threshold,warm_start,method,K,silhouette,dunn,ari_true,runtime
1,TwoDiamonds,silhouette,0.99,none,True,2.0,0.485918709357733,0.022004889975551917,1.0,0.0
1,TwoDiamonds,silhouette,0.99,none,ICOT_local,2.0,0.485918709357733,0.022004889975551917,1.0,442.352452949
1,TwoDiamonds,silhouette,0.99,none,OCT,2.0,0.485918709357733,0.022004889975551917,1.0,0.136221974
1,TwoDiamonds,silhouette,0.99,none,kmeans_plus,2.0,0.485918709357733,0.022004889975551917,1.0,1.76460533
1,TwoDiamonds,silhouette,0.99,none,hclust,2.0,0.4852595198159819,0.034080288605124014,0.9850375245509264,1.346671779
1,TwoDiamonds,silhouette,0.99,none,gmm,2.0,0.485918709357733,0.022004889975551917,0.0,0.227205893
1,TwoDiamonds,silhouette,0.99,none,dbscan,0.1,0.04731615677264487,0.01194496039691997,-10.0,0.444028545
