seed,data,criterion,geom_threshold,warm_start,method,K,silhouette,dunn,ari_true,runtime
5,WingNut,silhouette,0.99,oct,True,2.0,0.38388491904798494,0.06325961245733609,1.0,0.0
5,WingNut,silhouette,0.99,oct,ICOT_local,4.0,0.42171428525402654,0.013083544864547813,-10.0,76.559249977
5,WingNut,silhouette,0.99,oct,OCT,2.0,0.3951173833681009,0.009295099275284595,0.918951870424981,0.153132636
5,WingNut,silhouette,0.99,oct,kmeans_plus,4.0,0.4232693755842833,0.02374485821766137,-10.0,4.001969077
5,WingNut,silhouette,0.99,oct,hclust,4.0,0.4178070327694229,0.03091238170010016,-10.0,2.284344497
5,WingNut,silhouette,0.99,oct,gmm,4.0,0.41271002340356955,0.011398637053625796,-10.0,0.233595383
5,WingNut,silhouette,0.99,oct,dbscan,0.2,0.026591325018385945,0.019078869592893594,-10.0,0.502491937
