seed,data,criterion,geom_threshold,warm_start,method,K,silhouette,dunn,ari_true,runtime
4,WingNut,silhouette,0.99,oct,True,2.0,0.38388491904798483,0.06325961245733609,1.0,0.0
4,WingNut,silhouette,0.99,oct,ICOT_local,4.0,0.4217142852540265,0.013083544864547813,-10.0,91.085441442
4,WingNut,silhouette,0.99,oct,OCT,2.0,0.39538147601319423,0.009295099275284595,0.9151777734844431,0.171237667
4,WingNut,silhouette,0.99,oct,kmeans_plus,4.0,0.42326937558428324,0.02374485821766137,-10.0,5.042129788
4,WingNut,silhouette,0.99,oct,hclust,4.0,0.4178070327694227,0.03091238170010016,-10.0,2.464227691
4,WingNut,silhouette,0.99,oct,gmm,4.0,0.4127100234035696,0.011398637053625796,-10.0,0.240299489
4,WingNut,silhouette,0.99,oct,dbscan,0.2,0.026591325018385948,0.019078869592893594,-10.0,0.615237686
