seed,data,criterion,geom_threshold,warm_start,method,K,silhouette,dunn,ari_true,runtime
3,WingNut,silhouette,0.0,oct,True,2.0,0.38388491904798483,0.06325961245733609,1.0,0.0
3,WingNut,silhouette,0.0,oct,ICOT_local,4.0,0.4219557684259603,0.01747412869766926,-10.0,2183.60315856
3,WingNut,silhouette,0.0,oct,OCT,2.0,0.38388491904798483,0.06325961245733609,1.0,0.16602579
3,WingNut,silhouette,0.0,oct,kmeans_plus,4.0,0.42326937558428324,0.02374485821766137,-10.0,4.795288707
3,WingNut,silhouette,0.0,oct,hclust,4.0,0.4178070327694227,0.03091238170010016,-10.0,2.436362463
3,WingNut,silhouette,0.0,oct,gmm,2.0,0.39753651624137015,0.013272337874832396,0.0,0.238001944
3,WingNut,silhouette,0.0,oct,dbscan,0.2,0.026591325018385948,0.019078869592893594,-10.0,0.61340738
