seed,data,criterion,geom_threshold,warm_start,method,K,silhouette,dunn,ari_true,runtime
5,WingNut,dunnindex,0.9,oct,True,2.0,0.38388491904798483,0.06325961245733609,1.0,0.0
5,WingNut,dunnindex,0.9,oct,ICOT_local,2.0,0.38388491904798483,0.06325961245733609,1.0,1114.484701662
5,WingNut,dunnindex,0.9,oct,OCT,2.0,0.39511738336810104,0.009295099275284595,0.918951870424981,0.193167813
5,WingNut,dunnindex,0.9,oct,kmeans_plus,6.0,0.3134616096515986,0.026000436150459796,-10.0,5.152098975
5,WingNut,dunnindex,0.9,oct,hclust,9.0,0.24567788774680585,0.03638432497911797,-10.0,2.640207128
5,WingNut,dunnindex,0.9,oct,gmm,7.0,0.3509126320056622,0.023182457715148683,-10.0,0.293116219
5,WingNut,dunnindex,0.9,oct,dbscan,0.2,0.026591325018385948,0.019078869592893594,-10.0,0.699524879
