seed,data,criterion,geom_threshold,warm_start,method,K,silhouette,dunn,ari_true,runtime
1,WingNut,silhouette,0.9,oct,True,2.0,0.38388491904798483,0.06325961245733609,1.0,0.0
1,WingNut,silhouette,0.9,oct,ICOT_local,4.0,0.42189670264969037,0.016522977959242888,-10.0,308.798476855
1,WingNut,silhouette,0.9,oct,OCT,2.0,0.3953814754299911,0.009295099275284595,0.9151777734844431,0.164867104
1,WingNut,silhouette,0.9,oct,kmeans_plus,4.0,0.42326937558428324,0.02374485821766137,-10.0,5.031316428
1,WingNut,silhouette,0.9,oct,hclust,4.0,0.4178070327694227,0.03091238170010016,-10.0,2.589226856
1,WingNut,silhouette,0.9,oct,gmm,4.0,0.4127100234035696,0.011398637053625796,-10.0,0.235572963
1,WingNut,silhouette,0.9,oct,dbscan,0.2,0.026591325018385948,0.019078869592893594,-10.0,0.667871448
