seed,data,criterion,geom_threshold,warm_start,method,K,silhouette,dunn,ari_true,runtime
5,WingNut,dunnindex,0.99,oct,True,2.0,0.38388491904798483,0.06325961245733609,1.0,0.0
5,WingNut,dunnindex,0.99,oct,ICOT_local,2.0,0.38388491904798483,0.06325961245733609,1.0,284.195929114
5,WingNut,dunnindex,0.99,oct,OCT,2.0,0.39511738336810104,0.009295099275284595,0.918951870424981,0.193390683
5,WingNut,dunnindex,0.99,oct,kmeans_plus,6.0,0.3134616096515986,0.026000436150459796,-10.0,5.143232195
5,WingNut,dunnindex,0.99,oct,hclust,9.0,0.24567788774680585,0.03638432497911797,-10.0,2.535132112
5,WingNut,dunnindex,0.99,oct,gmm,7.0,0.3509126320056622,0.023182457715148683,-10.0,0.292953826
5,WingNut,dunnindex,0.99,oct,dbscan,0.2,0.026591325018385948,0.019078869592893594,-10.0,0.649663464
