seed,data,criterion,geom_threshold,warm_start,method,K,silhouette,dunn,ari_true,runtime
4,WingNut,dunnindex,0.0,oct,True,2.0,0.38388491904798494,0.06325961245733609,1.0,0.0
4,WingNut,dunnindex,0.0,oct,ICOT_local,2.0,0.38388491904798494,0.06325961245733609,1.0,9216.686371
4,WingNut,dunnindex,0.0,oct,OCT,2.0,0.3953814760131943,0.009295099275284595,0.9151777734844431,0.148985998
4,WingNut,dunnindex,0.0,oct,kmeans_plus,6.0,0.3134616096515985,0.026000436150459796,-10.0,4.176631694
4,WingNut,dunnindex,0.0,oct,hclust,9.0,0.24567788774680582,0.03638432497911797,-10.0,2.341159663
4,WingNut,dunnindex,0.0,oct,gmm,5.0,0.3948627644542573,0.014457701246132713,-10.0,0.306984454
4,WingNut,dunnindex,0.0,oct,dbscan,0.2,0.026591325018385945,0.019078869592893594,-10.0,0.508373735
