seed,data,criterion,geom_threshold,warm_start,method,K,silhouette,dunn,ari_true,runtime
2,WingNut,silhouette,0.0,none,True,2.0,0.38388491904798494,0.06325961245733609,1.0,0.0
2,WingNut,silhouette,0.0,none,ICOT_local,2.0,0.406475536235419,0.002128504504329525,0.1450031882615113,2077.995486902
2,WingNut,silhouette,0.0,none,OCT,4.0,0.4212156061309053,0.011795185575028929,-10.0,0.385612879
2,WingNut,silhouette,0.0,none,kmeans_plus,4.0,0.4232693755842833,0.02374485821766137,-10.0,2.79525355
2,WingNut,silhouette,0.0,none,hclust,4.0,0.4178070327694229,0.03091238170010016,-10.0,2.344724965
2,WingNut,silhouette,0.0,none,gmm,4.0,0.3987081623536686,0.013249435942719387,-10.0,0.272972493
2,WingNut,silhouette,0.0,none,dbscan,0.2,0.026591325018385945,0.019078869592893594,-10.0,0.580600998
