seed,data,criterion,geom_threshold,warm_start,method,K,silhouette,dunn,ari_true,runtime
2,WingNut,silhouette,0.0,oct,True,2.0,0.38388491904798483,0.06325961245733609,1.0,0.0
2,WingNut,silhouette,0.0,oct,ICOT_local,4.0,0.4219557684259603,0.01747412869766926,-10.0,2106.394808034
2,WingNut,silhouette,0.0,oct,OCT,2.0,0.39511738336810104,0.009295099275284595,0.918951870424981,0.177062726
2,WingNut,silhouette,0.0,oct,kmeans_plus,4.0,0.42326937558428324,0.02374485821766137,-10.0,5.066665608
2,WingNut,silhouette,0.0,oct,hclust,4.0,0.4178070327694227,0.03091238170010016,-10.0,2.435567824
2,WingNut,silhouette,0.0,oct,gmm,4.0,0.3987081623536687,0.013249435942719387,-10.0,0.232124395
2,WingNut,silhouette,0.0,oct,dbscan,0.2,0.026591325018385948,0.019078869592893594,-10.0,0.614255743
