seed,data,criterion,geom_threshold,warm_start,method,K,silhouette,dunn,ari_true,runtime
2,WingNut,dunnindex,0.0,none,True,2.0,0.38388491904798483,0.06325961245733609,1.0,0.0
2,WingNut,dunnindex,0.0,none,ICOT_local,2.0,0.38388491904798483,0.06325961245733609,1.0,11422.709618575
2,WingNut,dunnindex,0.0,none,OCT,6.0,0.30197968543081816,0.008534008530351741,-10.0,0.388087317
2,WingNut,dunnindex,0.0,none,kmeans_plus,6.0,0.3134616096515986,0.026000436150459796,-10.0,3.364027245
2,WingNut,dunnindex,0.0,none,hclust,9.0,0.24567788774680585,0.03638432497911797,-10.0,2.925104451
2,WingNut,dunnindex,0.0,none,gmm,7.0,0.33986771636498275,0.015585340598030985,-10.0,0.347477639
2,WingNut,dunnindex,0.0,none,dbscan,0.2,0.026591325018385948,0.019078869592893594,-10.0,0.915090895
