seed,data,criterion,geom_threshold,warm_start,method,K,silhouette,dunn,ari_true,runtime
2,WingNut,dunnindex,0.99,oct,True,2.0,0.38388491904798483,0.06325961245733609,1.0,0.0
2,WingNut,dunnindex,0.99,oct,ICOT_local,2.0,0.38388491904798483,0.06325961245733609,1.0,295.804370937
2,WingNut,dunnindex,0.99,oct,OCT,2.0,0.39511738336810104,0.009295099275284595,0.918951870424981,0.177825453
2,WingNut,dunnindex,0.99,oct,kmeans_plus,6.0,0.3134616096515986,0.026000436150459796,-10.0,4.891917205
2,WingNut,dunnindex,0.99,oct,hclust,9.0,0.24567788774680585,0.03638432497911797,-10.0,2.528463069
2,WingNut,dunnindex,0.99,oct,gmm,7.0,0.33986771636498275,0.015585340598030985,-10.0,0.300464907
2,WingNut,dunnindex,0.99,oct,dbscan,0.2,0.026591325018385948,0.019078869592893594,-10.0,0.701116174
