seed,data,criterion,geom_threshold,warm_start,method,K,silhouette,dunn,ari_true,runtime
3,WingNut,silhouette,0.99,oct,True,2.0,0.38388491904798483,0.06325961245733609,1.0,0.0
3,WingNut,silhouette,0.99,oct,ICOT_local,4.0,0.4213509995857637,0.01645749509023606,-10.0,83.686377284
3,WingNut,silhouette,0.99,oct,OCT,2.0,0.38388491904798483,0.06325961245733609,1.0,0.166002465
3,WingNut,silhouette,0.99,oct,kmeans_plus,4.0,0.42326937558428324,0.02374485821766137,-10.0,4.988616298
3,WingNut,silhouette,0.99,oct,hclust,4.0,0.4178070327694227,0.03091238170010016,-10.0,2.617545327
3,WingNut,silhouette,0.99,oct,gmm,2.0,0.39753651624137015,0.013272337874832396,0.0,0.242731959
3,WingNut,silhouette,0.99,oct,dbscan,0.2,0.026591325018385948,0.019078869592893594,-10.0,0.670831996
