seed,data,criterion,geom_threshold,warm_start,method,K,silhouette,dunn,ari_true,runtime
4,WingNut,silhouette,0.9,oct,True,2.0,0.38388491904798483,0.06325961245733609,1.0,0.0
4,WingNut,silhouette,0.9,oct,ICOT_local,4.0,0.42189670264969037,0.016522977959242888,-10.0,308.483701156
4,WingNut,silhouette,0.9,oct,OCT,2.0,0.39538147601319423,0.009295099275284595,0.9151777734844431,0.170815281
4,WingNut,silhouette,0.9,oct,kmeans_plus,4.0,0.42326937558428324,0.02374485821766137,-10.0,5.178749362
4,WingNut,silhouette,0.9,oct,hclust,4.0,0.4178070327694227,0.03091238170010016,-10.0,2.582624006
4,WingNut,silhouette,0.9,oct,gmm,4.0,0.4127100234035696,0.011398637053625796,-10.0,0.245664325
4,WingNut,silhouette,0.9,oct,dbscan,0.2,0.026591325018385948,0.019078869592893594,-10.0,0.689796249
