seed,data,criterion,geom_threshold,warm_start,method,K,silhouette,dunn,ari_true,runtime
3,WingNut,dunnindex,0.9,oct,True,2.0,0.38388491904798483,0.06325961245733609,1.0,0.0
3,WingNut,dunnindex,0.9,oct,ICOT_local,2.0,0.38388491904798483,0.06325961245733609,1.0,1030.376299189
3,WingNut,dunnindex,0.9,oct,OCT,2.0,0.38388491904798483,0.06325961245733609,1.0,0.167138663
3,WingNut,dunnindex,0.9,oct,kmeans_plus,6.0,0.3134616096515986,0.026000436150459796,-10.0,5.076292848
3,WingNut,dunnindex,0.9,oct,hclust,9.0,0.24567788774680585,0.03638432497911797,-10.0,2.52012734
3,WingNut,dunnindex,0.9,oct,gmm,10.0,0.28965926373672995,0.01867322334376295,-10.0,0.286566505
3,WingNut,dunnindex,0.9,oct,dbscan,0.2,0.026591325018385948,0.019078869592893594,-10.0,0.681480288
