seed,data,criterion,geom_threshold,warm_start,method,K,silhouette,dunn,ari_true,runtime
5,WingNut,dunnindex,0.0,none,True,2.0,0.38388491904798494,0.06325961245733609,1.0,0.0
5,WingNut,dunnindex,0.0,none,ICOT_local,2.0,0.38388491904798494,0.06325961245733609,1.0,11128.153192677
5,WingNut,dunnindex,0.0,none,OCT,6.0,0.30197968543081827,0.008534008530351741,-10.0,0.624842293
5,WingNut,dunnindex,0.0,none,kmeans_plus,6.0,0.3134616096515985,0.026000436150459796,-10.0,2.702357833
5,WingNut,dunnindex,0.0,none,hclust,9.0,0.24567788774680582,0.03638432497911797,-10.0,2.807732736
5,WingNut,dunnindex,0.0,none,gmm,7.0,0.35091263200566225,0.023182457715148683,-10.0,0.31814758
5,WingNut,dunnindex,0.0,none,dbscan,0.2,0.026591325018385945,0.019078869592893594,-10.0,0.695626018
