seed,data,criterion,geom_threshold,warm_start,method,K,silhouette,dunn,ari_true,runtime
1,WingNut,dunnindex,0.0,oct,True,2.0,0.38388491904798483,0.06325961245733609,1.0,0.0
1,WingNut,dunnindex,0.0,oct,ICOT_local,2.0,0.38388491904798483,0.06325961245733609,1.0,7966.812276029
1,WingNut,dunnindex,0.0,oct,OCT,2.0,0.3953814754299911,0.009295099275284595,0.9151777734844431,0.172908976
1,WingNut,dunnindex,0.0,oct,kmeans_plus,6.0,0.3134616096515986,0.026000436150459796,-10.0,5.369120145
1,WingNut,dunnindex,0.0,oct,hclust,9.0,0.24567788774680585,0.03638432497911797,-10.0,2.637206912
1,WingNut,dunnindex,0.0,oct,gmm,5.0,0.3970973391999453,0.015154080818807333,-10.0,0.322976058
1,WingNut,dunnindex,0.0,oct,dbscan,0.2,0.026591325018385948,0.019078869592893594,-10.0,0.678654276
