seed,data,criterion,geom_threshold,warm_start,method,K,silhouette,dunn,ari_true,runtime
2,WingNut,dunnindex,0.0,oct,True,2.0,0.38388491904798483,0.06325961245733609,1.0,0.0
2,WingNut,dunnindex,0.0,oct,ICOT_local,2.0,0.38388491904798483,0.06325961245733609,1.0,7710.714743318
2,WingNut,dunnindex,0.0,oct,OCT,2.0,0.39511738336810104,0.009295099275284595,0.918951870424981,0.175091038
2,WingNut,dunnindex,0.0,oct,kmeans_plus,6.0,0.3134616096515986,0.026000436150459796,-10.0,5.047420854
2,WingNut,dunnindex,0.0,oct,hclust,9.0,0.24567788774680585,0.03638432497911797,-10.0,2.455282867
2,WingNut,dunnindex,0.0,oct,gmm,7.0,0.33986771636498275,0.015585340598030985,-10.0,0.289560731
2,WingNut,dunnindex,0.0,oct,dbscan,0.2,0.026591325018385948,0.019078869592893594,-10.0,0.644497427
