seed,data,criterion,geom_threshold,warm_start,method,K,silhouette,dunn,ari_true,runtime
2,WingNut,silhouette,0.99,oct,True,2.0,0.38388491904798483,0.06325961245733609,1.0,0.0
2,WingNut,silhouette,0.99,oct,ICOT_local,4.0,0.4217142852540265,0.013083544864547813,-10.0,87.919056344
2,WingNut,silhouette,0.99,oct,OCT,2.0,0.39511738336810104,0.009295099275284595,0.918951870424981,0.167180515
2,WingNut,silhouette,0.99,oct,kmeans_plus,4.0,0.42326937558428324,0.02374485821766137,-10.0,4.909982664
2,WingNut,silhouette,0.99,oct,hclust,4.0,0.4178070327694227,0.03091238170010016,-10.0,2.460167296
2,WingNut,silhouette,0.99,oct,gmm,4.0,0.3987081623536687,0.013249435942719387,-10.0,0.241506721
2,WingNut,silhouette,0.99,oct,dbscan,0.2,0.026591325018385948,0.019078869592893594,-10.0,0.691179258
