seed,data,criterion,geom_threshold,warm_start,method,K,silhouette,dunn,ari_true,runtime
2,WingNut,silhouette,0.99,none,True,2.0,0.38388491904798483,0.06325961245733609,1.0,0.0
2,WingNut,silhouette,0.99,none,ICOT_local,2.0,0.406475536235419,0.002128504504329525,0.1450031882615113,592.778949996
2,WingNut,silhouette,0.99,none,OCT,4.0,0.4212156061309054,0.011795185575028929,-10.0,0.331048089
2,WingNut,silhouette,0.99,none,kmeans_plus,4.0,0.42326937558428324,0.02374485821766137,-10.0,3.080318368
2,WingNut,silhouette,0.99,none,hclust,4.0,0.4178070327694227,0.03091238170010016,-10.0,2.662987038
2,WingNut,silhouette,0.99,none,gmm,4.0,0.3987081623536687,0.013249435942719387,-10.0,0.268435358
2,WingNut,silhouette,0.99,none,dbscan,0.2,0.026591325018385948,0.019078869592893594,-10.0,0.71079946
