seed,data,criterion,geom_threshold,warm_start,method,K,silhouette,dunn,ari_true,runtime
3,WingNut,dunnindex,0.9,none,True,2.0,0.38388491904798483,0.06325961245733609,1.0,0.0
3,WingNut,dunnindex,0.9,none,ICOT_local,2.0,0.38388491904798483,0.06325961245733609,1.0,3227.356357929
3,WingNut,dunnindex,0.9,none,OCT,6.0,0.2980212562372944,0.008589954092747216,-10.0,0.457190541
3,WingNut,dunnindex,0.9,none,kmeans_plus,6.0,0.3134616096515986,0.026000436150459796,-10.0,3.345495627
3,WingNut,dunnindex,0.9,none,hclust,9.0,0.24567788774680585,0.03638432497911797,-10.0,2.89060351
3,WingNut,dunnindex,0.9,none,gmm,10.0,0.28965926373672995,0.01867322334376295,-10.0,0.29306431
3,WingNut,dunnindex,0.9,none,dbscan,0.2,0.026591325018385948,0.019078869592893594,-10.0,0.711631831
