seed,data,criterion,geom_threshold,warm_start,method,K,silhouette,dunn,ari_true,runtime
1,WingNut,dunnindex,0.99,oct,True,2.0,0.38388491904798483,0.06325961245733609,1.0,0.0
1,WingNut,dunnindex,0.99,oct,ICOT_local,2.0,0.38388491904798483,0.06325961245733609,1.0,245.087906005
1,WingNut,dunnindex,0.99,oct,OCT,2.0,0.3953814754299911,0.009295099275284595,0.9151777734844431,0.174859958
1,WingNut,dunnindex,0.99,oct,kmeans_plus,6.0,0.3134616096515986,0.026000436150459796,-10.0,5.075440054
1,WingNut,dunnindex,0.99,oct,hclust,9.0,0.24567788774680585,0.03638432497911797,-10.0,2.507105015
1,WingNut,dunnindex,0.99,oct,gmm,5.0,0.3970973391999453,0.015154080818807333,-10.0,0.289748088
1,WingNut,dunnindex,0.99,oct,dbscan,0.2,0.026591325018385948,0.019078869592893594,-10.0,0.651026164
