"seed","K_optclust","kmeans_k","true_k","score_optclust","score_kmeans_bestk","score_kmeans_kc","score_true","ari_optclust_kmeans","ari_true_kmeans","are_true_optclust"
2,2,4,2,0.2261138062325643,0.49802205880935074,0.4038650968545145,0.4355790824704662,-0.0035810028561957937,0.18853360320866638,1.251580080731178e-5
