seed,data,criterion,method,K,silhouette,dunn,ari_true,runtime
4,Atom,silhouette,True,2.0,0.3113250570039431,0.3710709993544942,1.0,0.0
4,Atom,silhouette,ICOT_local,8.0,0.5127101935837514,0.0263677395202295,-10.0,89.616174803
4,Atom,silhouette,OCT,10.0,0.5090276397632948,0.0263677395202295,-10.0,0.457087208
4,Atom,silhouette,kmeans_plus,10.0,0.6092828282598814,0.04117045444730234,-10.0,0.244959354
4,Atom,silhouette,hclust,10.0,0.5926597646210817,0.07451135618031461,-10.0,2.29410682
4,Atom,silhouette,gmm,8.0,0.56972513047869,0.03324770716638251,-10.0,0.219650078
4,Atom,silhouette,dbscan,0.9,0.0052399126550736145,0.03870700907857998,-10.0,0.247613397
