seed,data,criterion,method,K,silhouette,dunn,ari_true,runtime
3,Atom,dunnindex,True,2.0,0.3113250570039431,0.3710709993544942,1.0,0.0
3,Atom,dunnindex,ICOT_local,2.0,0.25782315050171845,0.13687273124837038,1.251580080731178e-5,325.771764692
3,Atom,dunnindex,OCT,4.0,0.4653524034122678,0.011248758079115545,-10.0,0.463478419
3,Atom,dunnindex,kmeans_plus,4.0,0.48013830142041447,0.053605471028462706,-10.0,0.2494389
3,Atom,dunnindex,hclust,9.0,0.5762832094519829,0.0972301957730685,-10.0,2.230960076
3,Atom,dunnindex,gmm,5.0,0.5011255208057747,0.03665687321578701,-10.0,0.240761034
3,Atom,dunnindex,dbscan,0.4,0.0,Inf,-10.0,2.311250276
