seed,data,criterion,method,K,silhouette,dunn,ari_true,runtime
2,Atom,dunnindex,True,2.0,0.3113250570039431,0.3710709993544942,1.0,0.0
2,Atom,dunnindex,ICOT_local,2.0,0.25782315050171845,0.13687273124837038,1.251580080731178e-5,392.904644772
2,Atom,dunnindex,OCT,4.0,0.4656578902308617,0.011248758079115545,-10.0,0.443633218
2,Atom,dunnindex,kmeans_plus,4.0,0.48013830142041447,0.053605471028462706,-10.0,0.252806822
2,Atom,dunnindex,hclust,9.0,0.5762832094519829,0.0972301957730685,-10.0,2.14250282
2,Atom,dunnindex,gmm,5.0,0.5011255208057747,0.03665687321578701,-10.0,0.240666434
2,Atom,dunnindex,dbscan,0.4,0.0,Inf,-10.0,2.183746563
