seed,data,criterion,method,K,silhouette,dunn,ari_true,runtime
5,Chainlink,dunnindex,True,2.0,0.15763478498426092,0.26492048403569285,1.0,0.0
5,Chainlink,dunnindex,ICOT_local,4.0,0.25242388065156796,0.03219511321901298,-10.0,509.588428785
5,Chainlink,dunnindex,OCT,4.0,0.3556889451160689,0.018090459698799504,-10.0,0.415806815
5,Chainlink,dunnindex,kmeans_plus,4.0,0.3664132578461557,0.03326897844970113,-10.0,0.304199721
5,Chainlink,dunnindex,hclust,9.0,0.4765744153896272,0.037347862999815074,-10.0,2.537871885
5,Chainlink,dunnindex,gmm,9.0,0.41563213504314,0.015310485342873438,-10.0,0.276038568
5,Chainlink,dunnindex,dbscan,0.4,0.15763478498426092,0.26492048403569285,-10.0,0.27167143
