seed,data,criterion,method,K,silhouette,dunn,ari_true,runtime
1,Chainlink,dunnindex,True,2.0,0.15763478498426092,0.26492048403569285,1.0,0.0
1,Chainlink,dunnindex,ICOT_local,2.0,0.06402613085951449,0.031390205403615014,0.0,611.525052889
1,Chainlink,dunnindex,OCT,4.0,0.3556121298166578,0.019189131115505843,-10.0,0.44767551
1,Chainlink,dunnindex,kmeans_plus,4.0,0.3664132578461557,0.03326897844970113,-10.0,0.316123771
1,Chainlink,dunnindex,hclust,9.0,0.4765744153896272,0.037347862999815074,-10.0,2.556967414
1,Chainlink,dunnindex,gmm,9.0,0.41563213504314,0.015310485342873438,-10.0,0.263957976
1,Chainlink,dunnindex,dbscan,0.4,0.15763478498426092,0.26492048403569285,-10.0,0.279171576
