seed,data,criterion,method,K,silhouette,dunn,ari_true,runtime
4,Chainlink,silhouette,True,2.0,0.15763478498426092,0.26492048403569285,1.0,0.0
4,Chainlink,silhouette,ICOT_local,8.0,0.3728453266011448,0.005509032056401557,-10.0,125.672160847
4,Chainlink,silhouette,OCT,8.0,0.36497459777619035,0.010773090784784091,-10.0,0.624012181
4,Chainlink,silhouette,kmeans_plus,8.0,0.4974911676232268,0.03298100455279598,-10.0,0.293655539
4,Chainlink,silhouette,hclust,10.0,0.4957143380455367,0.037347862999815074,-10.0,2.640000147
4,Chainlink,silhouette,gmm,9.0,0.41563213504314,0.015310485342873438,-10.0,0.227814015
4,Chainlink,silhouette,dbscan,0.4,0.15763478498426092,0.26492048403569285,-10.0,0.170369142
