seed,data,criterion,method,K,silhouette,dunn,ari_true,runtime
1,Chainlink,silhouette,True,2.0,0.15763478498426092,0.26492048403569285,1.0,0.0
1,Chainlink,silhouette,ICOT_local,8.0,0.3712486115857918,0.005509032056401557,-10.0,117.443078529
1,Chainlink,silhouette,OCT,8.0,0.3212904440323683,0.01076091743046717,-10.0,0.588611722
1,Chainlink,silhouette,kmeans_plus,8.0,0.4974911676232268,0.03298100455279598,-10.0,0.265513145
1,Chainlink,silhouette,hclust,10.0,0.4957143380455367,0.037347862999815074,-10.0,2.495641318
1,Chainlink,silhouette,gmm,9.0,0.41563213504314,0.015310485342873438,-10.0,0.221836283
1,Chainlink,silhouette,dbscan,0.4,0.15763478498426092,0.26492048403569285,-10.0,0.243955464
