seed,data,criterion,method,K,silhouette,dunn,ari_true,runtime
2,EngyTime,dunnindex,True,2.0,0.3980326690666044,0.00025852433131516773,1.0,0.0
2,EngyTime,dunnindex,ICOT_local,2.0,0.39451104899698364,0.0640383583898727,0.0,32661.931112212
2,EngyTime,dunnindex,OCT,7.0,0.30368062750187674,0.0012336569769753284,-10.0,2.054068669
2,EngyTime,dunnindex,kmeans_plus,7.0,0.3398155378130418,0.004579593329539787,-10.0,2.548184651
2,EngyTime,dunnindex,hclust,2.0,0.3732246065433146,0.01377078273472417,0.0012525376594728524,17.585667812
2,EngyTime,dunnindex,gmm,5.0,0.35329319770229883,0.0035411353901946365,-10.0,1.924780755
2,EngyTime,dunnindex,dbscan,1.0,0.3790717127838923,0.07138684285303591,-10.0,2.396437082
