seed,data,criterion,method,K,silhouette,dunn,ari_true,runtime
4,Hepta,dunnindex,True,7.0,0.7017012208742637,1.0761834076521397,1.0,0.0
4,Hepta,dunnindex,ICOT_local,4.0,0.4491792676816866,0.3574752234387749,-10.0,9.803794825
4,Hepta,dunnindex,OCT,6.0,0.3849949582799126,0.03216888243375323,-10.0,0.065919852
4,Hepta,dunnindex,kmeans_plus,6.0,0.652122490252214,0.5311229380683736,-10.0,0.070865135
4,Hepta,dunnindex,hclust,7.0,0.7017012208742637,1.0761834076521397,1.0,0.494922368
4,Hepta,dunnindex,gmm,7.0,0.7017012208742637,1.0761834076521397,1.0,0.172505756
4,Hepta,dunnindex,dbscan,1.0,0.7017012208742637,1.0761834076521397,-10.0,0.32426448
