seed,data,criterion,method,K,silhouette,dunn,ari_true,runtime
3,Hepta,silhouette,True,7.0,0.7017012208742637,1.0761834076521397,1.0,0.0
3,Hepta,silhouette,ICOT_local,4.0,0.4550718071196788,0.34253336531800727,-10.0,12.260388069
3,Hepta,silhouette,OCT,8.0,0.25276483435770125,0.03050918100204135,-10.0,0.108088912
3,Hepta,silhouette,kmeans_plus,8.0,0.6527367251597509,0.1888062708963862,-10.0,0.105041353
3,Hepta,silhouette,hclust,7.0,0.7017012208742637,1.0761834076521397,1.0,0.49243126
3,Hepta,silhouette,gmm,7.0,0.7017012208742637,1.0761834076521397,1.0,0.173237029
3,Hepta,silhouette,dbscan,1.0,0.7017012208742637,1.0761834076521397,-10.0,0.180648299
