seed,data,criterion,method,K,silhouette,dunn,ari_true,runtime
3,Hepta,dunnindex,True,7.0,0.7017012208742637,1.0761834076521397,1.0,0.0
3,Hepta,dunnindex,ICOT_local,4.0,0.4491792676816866,0.3574752234387749,-10.0,10.342151393
3,Hepta,dunnindex,OCT,6.0,0.3750357655218906,0.03934363954800358,-10.0,0.057591452
3,Hepta,dunnindex,kmeans_plus,6.0,0.652122490252214,0.5311229380683736,-10.0,0.144535032
3,Hepta,dunnindex,hclust,7.0,0.7017012208742637,1.0761834076521397,1.0,0.457041065
3,Hepta,dunnindex,gmm,7.0,0.7017012208742637,1.0761834076521397,1.0,0.315811765
3,Hepta,dunnindex,dbscan,1.0,0.7017012208742637,1.0761834076521397,-10.0,0.212840702
