seed,data,criterion,method,K,silhouette,dunn,ari_true,runtime
2,Lsun,dunnindex,True,3.0,0.4393619698491053,0.11705239553975084,1.0,0.0
2,Lsun,dunnindex,ICOT_local,6.0,0.4974408842729268,0.06554800469001384,-10.0,71.101286202
2,Lsun,dunnindex,OCT,5.0,0.5378229028671915,0.055973938452984,-10.0,0.108436559
2,Lsun,dunnindex,kmeans_plus,5.0,0.5378229028671915,0.055973938452984,-10.0,0.157007263
2,Lsun,dunnindex,hclust,10.0,0.388729887157816,0.0705328095456078,-10.0,1.048813391
2,Lsun,dunnindex,gmm,9.0,0.42378252517438075,0.04195634305587445,-10.0,0.235174293
2,Lsun,dunnindex,dbscan,0.5,0.4393619698491053,0.11705239553975084,-10.0,0.243520534
