seed,data,criterion,method,K,silhouette,dunn,ari_true,runtime
1,Lsun,silhouette,True,3.0,0.4393619698491053,0.11705239553975084,1.0,0.0
1,Lsun,silhouette,ICOT_local,4.0,0.5680427435043047,0.04038393275373525,-10.0,22.283780523
1,Lsun,silhouette,OCT,4.0,0.5680427435043047,0.04038393275373525,-10.0,0.09863939
1,Lsun,silhouette,kmeans_plus,4.0,0.5677560543758627,0.03348063351927147,-10.0,0.130264666
1,Lsun,silhouette,hclust,4.0,0.5538263372540496,0.057498749732389484,-10.0,1.260042064
1,Lsun,silhouette,gmm,6.0,0.5440488174197234,0.025920884074426446,-10.0,0.20893563
1,Lsun,silhouette,dbscan,0.5,0.4393619698491053,0.11705239553975084,-10.0,0.222865242
