seed,data,criterion,method,K,silhouette,dunn,ari_true,runtime
3,Target,dunnindex,True,6.0,0.29520828013791023,0.25329913298274587,1.0,0.0
3,Target,dunnindex,ICOT_local,5.0,0.5070454045474697,0.54970578533082,-10.0,153.25267652
3,Target,dunnindex,OCT,7.0,0.5242423836972533,0.011134472072741904,-10.0,0.24806074
3,Target,dunnindex,kmeans_plus,7.0,0.5900437832053864,0.025985087041119365,-10.0,0.227452727
3,Target,dunnindex,hclust,5.0,0.5070454045474697,0.54970578533082,-10.0,1.743779986
3,Target,dunnindex,gmm,4.0,0.4698519727657535,0.012927222517837704,-10.0,0.238537072
3,Target,dunnindex,dbscan,0.2,0.28096454867076776,0.01787050599319127,-10.0,0.273313273
