seed,data,criterion,method,K,silhouette,dunn,ari_true,runtime
2,Target,dunnindex,True,6.0,0.29520828013791023,0.25329913298274587,1.0,0.0
2,Target,dunnindex,ICOT_local,5.0,0.5070454045474697,0.54970578533082,-10.0,165.359517042
2,Target,dunnindex,OCT,7.0,0.513311285089137,0.010504660696542394,-10.0,0.244977625
2,Target,dunnindex,kmeans_plus,7.0,0.5900437832053864,0.025985087041119365,-10.0,0.260807484
2,Target,dunnindex,hclust,5.0,0.5070454045474697,0.54970578533082,-10.0,1.932629868
2,Target,dunnindex,gmm,4.0,0.4698519727657535,0.012927222517837704,-10.0,0.258536482
2,Target,dunnindex,dbscan,0.2,0.28096454867076776,0.01787050599319127,-10.0,0.288461502
