seed,data,criterion,method,K,silhouette,dunn,ari_true,runtime
4,Target,silhouette,True,6.0,0.29520828013791023,0.25329913298274587,1.0,0.0
4,Target,silhouette,ICOT_local,8.0,0.5375458685945718,0.0109698936117052,-10.0,119.940643376
4,Target,silhouette,OCT,7.0,0.5250763857490518,0.015663589548777567,-10.0,0.257655944
4,Target,silhouette,kmeans_plus,7.0,0.5900437832053864,0.025985087041119365,-10.0,0.274317405
4,Target,silhouette,hclust,2.0,0.6187945806979066,0.26631728961233314,-10.0,1.930811383
4,Target,silhouette,gmm,5.0,0.5405254789887788,0.006907102678412806,-10.0,0.213257265
4,Target,silhouette,dbscan,0.1,0.3320626421252588,0.005970625030433347,-10.0,0.231919245
