seed,data,criterion,method,K,silhouette,dunn,ari_true,runtime
3,Target,silhouette,True,6.0,0.29520828013791023,0.25329913298274587,1.0,0.0
3,Target,silhouette,ICOT_local,8.0,0.5375273031255188,0.0109698936117052,-10.0,110.59048018
3,Target,silhouette,OCT,7.0,0.5242423836972533,0.011134472072741904,-10.0,0.254587636
3,Target,silhouette,kmeans_plus,7.0,0.5900437832053864,0.025985087041119365,-10.0,0.244593036
3,Target,silhouette,hclust,2.0,0.6187945806979066,0.26631728961233314,-10.0,2.055733424
3,Target,silhouette,gmm,5.0,0.5405254789887788,0.006907102678412806,-10.0,0.206511407
3,Target,silhouette,dbscan,0.1,0.3320626421252588,0.005970625030433347,-10.0,0.216790245
