seed,data,criterion,method,K,silhouette,dunn,ari_true,runtime
1,Tetra,dunnindex,True,4.0,0.5035416208491038,0.19966220595159145,1.0,0.0
1,Tetra,dunnindex,ICOT_local,4.0,0.5035416208491038,0.19966220595159145,1.0,22.404581385
1,Tetra,dunnindex,OCT,4.0,0.5035416208491038,0.19966220595159145,1.0,0.130602081
1,Tetra,dunnindex,kmeans_plus,4.0,0.5035416208491038,0.19966220595159145,1.0,0.17339684
1,Tetra,dunnindex,hclust,4.0,0.5035416208491038,0.19966220595159145,1.0,1.108027114
1,Tetra,dunnindex,gmm,4.0,0.5035416208491038,0.19966220595159145,1.0,0.16350327
1,Tetra,dunnindex,dbscan,0.2,0.0,Inf,-10.0,0.32849299
