seed,data,criterion,method,K,silhouette,dunn,ari_true,runtime
1,Tetra,silhouette,True,4.0,0.5035416208491038,0.19966220595159145,1.0,0.0
1,Tetra,silhouette,ICOT_local,4.0,0.5035416208491038,0.19966220595159145,1.0,19.247318518
1,Tetra,silhouette,OCT,4.0,0.5035416208491038,0.19966220595159145,1.0,0.131346404
1,Tetra,silhouette,kmeans_plus,4.0,0.5035416208491038,0.19966220595159145,1.0,0.125925363
1,Tetra,silhouette,hclust,4.0,0.5035416208491038,0.19966220595159145,1.0,0.989646626
1,Tetra,silhouette,gmm,4.0,0.5035416208491038,0.19966220595159145,1.0,0.17870427
1,Tetra,silhouette,dbscan,0.2,0.0,Inf,-10.0,0.24041568
