seed,data,criterion,method,K,silhouette,dunn,ari_true,runtime
2,Tetra,silhouette,True,4.0,0.5035416208491038,0.19966220595159145,1.0,0.0
2,Tetra,silhouette,ICOT_local,4.0,0.5035416208491038,0.19966220595159145,1.0,19.300183323
2,Tetra,silhouette,OCT,4.0,0.5035416208491038,0.19966220595159145,1.0,0.133986765
2,Tetra,silhouette,kmeans_plus,4.0,0.5035416208491038,0.19966220595159145,1.0,0.074823996
2,Tetra,silhouette,hclust,4.0,0.5035416208491038,0.19966220595159145,1.0,1.235277139
2,Tetra,silhouette,gmm,4.0,0.5035416208491038,0.19966220595159145,1.0,0.198646008
2,Tetra,silhouette,dbscan,0.2,0.0,Inf,-10.0,0.206634724
