seed,data,criterion,method,K,silhouette,dunn,ari_true,runtime
4,Tetra,silhouette,True,4.0,0.5035416208491038,0.19966220595159145,1.0,0.0
4,Tetra,silhouette,ICOT_local,4.0,0.5035416208491038,0.19966220595159145,1.0,18.603074622
4,Tetra,silhouette,OCT,4.0,0.5035416208491038,0.19966220595159145,1.0,0.122599781
4,Tetra,silhouette,kmeans_plus,4.0,0.5035416208491038,0.19966220595159145,1.0,0.14868653
4,Tetra,silhouette,hclust,4.0,0.5035416208491038,0.19966220595159145,1.0,1.050455414
4,Tetra,silhouette,gmm,4.0,0.5035416208491038,0.19966220595159145,1.0,0.178118239
4,Tetra,silhouette,dbscan,0.2,0.0,Inf,-10.0,0.171561103
