seed,data,criterion,method,K,silhouette,dunn,ari_true,runtime
4,Tetra,dunnindex,True,4.0,0.5035416208491038,0.19966220595159145,1.0,0.0
4,Tetra,dunnindex,ICOT_local,4.0,0.5035416208491038,0.19966220595159145,1.0,21.832482879
4,Tetra,dunnindex,OCT,4.0,0.5035416208491038,0.19966220595159145,1.0,0.132397871
4,Tetra,dunnindex,kmeans_plus,4.0,0.5035416208491038,0.19966220595159145,1.0,0.089715425
4,Tetra,dunnindex,hclust,4.0,0.5035416208491038,0.19966220595159145,1.0,1.367610873
4,Tetra,dunnindex,gmm,4.0,0.5035416208491038,0.19966220595159145,1.0,0.185106374
4,Tetra,dunnindex,dbscan,0.2,0.0,Inf,-10.0,0.329129525
