seed,data,criterion,method,K,silhouette,dunn,ari_true,runtime
5,Tetra,silhouette,True,4.0,0.5035416208491038,0.19966220595159145,1.0,0.0
5,Tetra,silhouette,ICOT_local,4.0,0.5035416208491038,0.19966220595159145,1.0,18.725175733
5,Tetra,silhouette,OCT,4.0,0.5035416208491038,0.19966220595159145,1.0,0.14213569
5,Tetra,silhouette,kmeans_plus,4.0,0.5035416208491038,0.19966220595159145,1.0,0.149735522
5,Tetra,silhouette,hclust,4.0,0.5035416208491038,0.19966220595159145,1.0,1.099928971
5,Tetra,silhouette,gmm,4.0,0.5035416208491038,0.19966220595159145,1.0,0.196691633
5,Tetra,silhouette,dbscan,0.2,0.0,Inf,-10.0,0.172641614
