seed,data,criterion,method,K,silhouette,dunn,ari_true,runtime
1,TwoDiamonds,silhouette,True,2.0,0.485918709357733,0.022004889975551917,1.0,0.0
1,TwoDiamonds,silhouette,ICOT_local,2.0,0.485918709357733,0.022004889975551917,1.0,26.659707879
1,TwoDiamonds,silhouette,OCT,2.0,0.485918709357733,0.022004889975551917,1.0,0.097249997
1,TwoDiamonds,silhouette,kmeans_plus,2.0,0.485918709357733,0.022004889975551917,1.0,0.237908541
1,TwoDiamonds,silhouette,hclust,2.0,0.4852595198159819,0.034080288605124014,0.9850375245509264,2.553644236
1,TwoDiamonds,silhouette,gmm,2.0,0.485918709357733,0.022004889975551917,0.0,0.284680646
1,TwoDiamonds,silhouette,dbscan,0.1,-0.467762535256484,0.001095609684814162,-10.0,0.281768505
