seed,data,criterion,method,K,silhouette,dunn,ari_true,runtime
2,TwoDiamonds,dunnindex,True,2.0,0.48591870935773296,0.022004889975551917,1.0,0.0
2,TwoDiamonds,dunnindex,ICOT_local,6.0,0.31981396662324535,0.043732946676665344,-10.0,407.810778265
2,TwoDiamonds,dunnindex,OCT,9.0,0.30387742535676,0.011418417234981966,-10.0,0.410286473
2,TwoDiamonds,dunnindex,kmeans_plus,9.0,0.3761530809714893,0.023920301281190288,-10.0,0.265117139
2,TwoDiamonds,dunnindex,hclust,9.0,0.3836081090483955,0.04858221203649906,-10.0,2.084950322
2,TwoDiamonds,dunnindex,gmm,2.0,0.48591870935773296,0.022004889975551917,0.0,0.222056884
2,TwoDiamonds,dunnindex,dbscan,0.1,-0.4677625352564839,0.001095609684814162,-10.0,0.189409171
