seed,data,criterion,method,K,silhouette,dunn,ari_true,runtime
3,TwoDiamonds,silhouette,True,2.0,0.48591870935773296,0.022004889975551917,1.0,0.0
3,TwoDiamonds,silhouette,ICOT_local,2.0,0.48591870935773296,0.022004889975551917,1.0,23.169394603
3,TwoDiamonds,silhouette,OCT,2.0,0.48591870935773296,0.022004889975551917,1.0,0.082546438
3,TwoDiamonds,silhouette,kmeans_plus,2.0,0.48591870935773296,0.022004889975551917,1.0,0.207872652
3,TwoDiamonds,silhouette,hclust,2.0,0.48525951981598175,0.034080288605124014,0.9850375245509264,2.219955559
3,TwoDiamonds,silhouette,gmm,2.0,0.48591870935773296,0.022004889975551917,0.0,0.21923225
3,TwoDiamonds,silhouette,dbscan,0.1,-0.4677625352564839,0.001095609684814162,-10.0,0.253876091
