seed,data,criterion,method,K,silhouette,dunn,ari_true,runtime
5,TwoDiamonds,silhouette,True,2.0,0.48591870935773296,0.022004889975551917,1.0,0.0
5,TwoDiamonds,silhouette,ICOT_local,2.0,0.48591870935773296,0.022004889975551917,1.0,22.467121327
5,TwoDiamonds,silhouette,OCT,2.0,0.48591870935773296,0.022004889975551917,1.0,0.088184932
5,TwoDiamonds,silhouette,kmeans_plus,2.0,0.48591870935773296,0.022004889975551917,1.0,0.210174048
5,TwoDiamonds,silhouette,hclust,2.0,0.48525951981598175,0.034080288605124014,0.9850375245509264,2.253863825
5,TwoDiamonds,silhouette,gmm,2.0,0.48591870935773296,0.022004889975551917,0.0,0.202472941
5,TwoDiamonds,silhouette,dbscan,0.1,-0.4677625352564839,0.001095609684814162,-10.0,0.213882932
