seed,data,criterion,method,K,silhouette,dunn,ari_true,runtime
3,WingNut,silhouette,True,2.0,0.38388491904798483,0.06325961245733609,1.0,0.0
3,WingNut,silhouette,ICOT_local,8.0,0.2730714741844779,0.00258868152520858,-10.0,81.587190919
3,WingNut,silhouette,OCT,4.0,0.4212156061309054,0.011795185575028929,-10.0,0.287424577
3,WingNut,silhouette,kmeans_plus,4.0,0.42326937558428324,0.02374485821766137,-10.0,0.292684069
3,WingNut,silhouette,hclust,4.0,0.4178070327694227,0.03091238170010016,-10.0,2.591186813
3,WingNut,silhouette,gmm,4.0,0.4063389721430655,0.00890335741459456,-10.0,0.228641796
3,WingNut,silhouette,dbscan,0.2,-0.20095758493107588,0.004124386936179403,-10.0,0.438355007
