seed,data,criterion,method,K,silhouette,dunn,ari_true,runtime
5,WingNut,silhouette,True,2.0,0.38388491904798483,0.06325961245733609,1.0,0.0
5,WingNut,silhouette,ICOT_local,4.0,0.42189670264969037,0.016522977959242888,-10.0,75.776075672
5,WingNut,silhouette,OCT,4.0,0.41936300064664805,0.009208964639447835,-10.0,0.293562464
5,WingNut,silhouette,kmeans_plus,4.0,0.42326937558428324,0.02374485821766137,-10.0,0.291260509
5,WingNut,silhouette,hclust,4.0,0.4178070327694227,0.03091238170010016,-10.0,2.805271428
5,WingNut,silhouette,gmm,4.0,0.4063389721430655,0.00890335741459456,-10.0,0.236012922
5,WingNut,silhouette,dbscan,0.2,-0.20095758493107588,0.004124386936179403,-10.0,0.298351039
