seed,data,criterion,method,K,silhouette,dunn,ari_true,runtime
5,WingNut,dunnindex,True,2.0,0.38388491904798483,0.06325961245733609,1.0,0.0
5,WingNut,dunnindex,ICOT_local,2.0,0.38388491904798483,0.06325961245733609,1.0,295.35509352
5,WingNut,dunnindex,OCT,6.0,0.30197968543081816,0.008534008530351741,-10.0,0.403614586
5,WingNut,dunnindex,kmeans_plus,6.0,0.3134616096515986,0.026000436150459796,-10.0,0.34430484
5,WingNut,dunnindex,hclust,9.0,0.24567788774680585,0.03638432497911797,-10.0,2.84999635
5,WingNut,dunnindex,gmm,7.0,0.35292336556828097,0.015157906193073997,-10.0,0.291000513
5,WingNut,dunnindex,dbscan,0.1,-0.2482227327136829,0.004344128964680032,-10.0,0.295548019
