seed,data,criterion,method,K,silhouette,dunn,ari_true,runtime
1,Atom,silhouette,True,2.0,0.3113250570039431,0.3710709993544942,1.0,0.0
1,Atom,silhouette,ICOT_local,8.0,0.520575949687382,0.027796894536585393,-10.0,3795.007051826
1,Atom,silhouette,OCT,10.0,0.4641432275520274,0.02647814548346923,-10.0,0.505070667
1,Atom,silhouette,kmeans_plus,10.0,0.6136910661356721,0.03063032596027594,-10.0,2.281299674
1,Atom,silhouette,hclust,10.0,0.5926597646210817,0.07451135618031461,-10.0,2.029938468
1,Atom,silhouette,gmm,8.0,0.567081024472932,0.047197047286333504,-10.0,0.225965331
1,Atom,silhouette,dbscan,0.8,-0.011975894186420841,0.015198613375968707,-10.0,0.783985379
