"seed","data","criterion","geom_threshold","warm_start","method","K","silhouette","dunn","ari_true","runtime"
1,"Atom","silhouette",0.99,"oct","True",2,0.311325057003943,0.371070999354494,1,0
1,"Atom","silhouette",0.99,"oct","ICOT_local",7,0.517108600685626,0.0302628059411187,-10,85.529164363
1,"Atom","silhouette",0.99,"oct","OCT",10,0.464143227552027,0.0264781454834692,-10,0.465577179
1,"Atom","silhouette",0.99,"oct","kmeans_plus",10,0.613691066135672,0.0306303259602759,-10,2.281331636
1,"Atom","silhouette",0.99,"oct","hclust",10,0.592659764621082,0.0745113561803146,-10,2.255581048
1,"Atom","silhouette",0.99,"oct","gmm",8,0.567081024472932,0.0471970472863335,-10,0.217703357
1,"Atom","silhouette",0.99,"oct","dbscan",0.8,-0.0119758941864208,0.0151986133759687,-10,0.961609973
