seed,data,criterion,method,K,silhouette,dunn,ari_true,runtime
1,Atom,dunnindex,True,2.0,0.3113250570039431,0.3710709993544942,1.0,0.0
1,Atom,dunnindex,ICOT_local,2.0,0.25782315050171845,0.13687273124837038,1.251580080731178e-5,190.086455233
1,Atom,dunnindex,OCT,3.0,0.441534002314097,0.05362820324984161,-10.0,0.35286838
1,Atom,dunnindex,kmeans_plus,3.0,0.44619406296827285,0.05214210295495597,-10.0,2.297565097
1,Atom,dunnindex,hclust,9.0,0.5762832094519829,0.0972301957730685,-10.0,2.201869389
1,Atom,dunnindex,gmm,8.0,0.567081024472932,0.047197047286333504,-10.0,0.242318908
1,Atom,dunnindex,dbscan,1.0,-0.05972494349353041,0.01762149317622028,-10.0,1.111494214
