seed,data,criterion,geom_threshold,warm_start,method,K,silhouette,dunn,ari_true,runtime
1,Atom,silhouette,0.9,oct,True,2.0,0.3113250570039431,0.3710709993544942,1.0,0.0
1,Atom,silhouette,0.9,oct,ICOT_local,7.0,0.5189203530607529,0.032229341155581855,-10.0,680.011882633
1,Atom,silhouette,0.9,oct,OCT,10.0,0.4641432275520274,0.02647814548346923,-10.0,0.502341489
1,Atom,silhouette,0.9,oct,kmeans_plus,10.0,0.6136910661356721,0.03063032596027594,-10.0,2.512381226
1,Atom,silhouette,0.9,oct,hclust,10.0,0.5926597646210817,0.07451135618031461,-10.0,2.42987261
1,Atom,silhouette,0.9,oct,gmm,8.0,0.567081024472932,0.047197047286333504,-10.0,0.39769326
1,Atom,silhouette,0.9,oct,dbscan,0.8,-0.011975894186420841,0.015198613375968707,-10.0,0.863271825
