seed,data,criterion,geom_threshold,warm_start,method,K,silhouette,dunn,ari_true,runtime
1,Atom,silhouette,0.99,none,True,2.0,0.3113250570039431,0.3710709993544942,1.0,0.0
1,Atom,silhouette,0.99,none,ICOT_local,8.0,0.5148360707263797,0.027796894536585393,-10.0,671.964722302
1,Atom,silhouette,0.99,none,OCT,10.0,0.4641432275520274,0.02647814548346923,-10.0,0.607420684
1,Atom,silhouette,0.99,none,kmeans_plus,10.0,0.6136910661356721,0.03063032596027594,-10.0,2.463520331
1,Atom,silhouette,0.99,none,hclust,10.0,0.5926597646210817,0.07451135618031461,-10.0,2.329774724
1,Atom,silhouette,0.99,none,gmm,8.0,0.567081024472932,0.047197047286333504,-10.0,0.241845839
1,Atom,silhouette,0.99,none,dbscan,0.8,-0.011975894186420841,0.015198613375968707,-10.0,1.085345555
