seed,data,criterion,method,K,silhouette,dunn,ari_true,runtime
5,Atom,dunnindex,True,2.0,0.3113250570039431,0.3710709993544942,1.0,0.0
5,Atom,dunnindex,ICOT_local,2.0,0.25782315050171845,0.13687273124837038,1.251580080731178e-5,4597.653734508
5,Atom,dunnindex,OCT,3.0,0.441534002314097,0.05362820324984161,-10.0,0.38868566
5,Atom,dunnindex,kmeans_plus,3.0,0.44619406296827285,0.05214210295495597,-10.0,2.608270962
5,Atom,dunnindex,hclust,9.0,0.5762832094519829,0.0972301957730685,-10.0,2.207905412
5,Atom,dunnindex,gmm,3.0,0.364440818053443,0.039719709588322764,-10.0,0.257663131
5,Atom,dunnindex,dbscan,1.0,-0.05972494349353041,0.01762149317622028,-10.0,1.305669737
