seed,data,criterion,geom_threshold,warm_start,method,K,silhouette,dunn,ari_true,runtime
3,Atom,dunnindex,0.0,oct,True,2.0,0.31132505700394303,0.3710709993544942,1.0,0.0
3,Atom,dunnindex,0.0,oct,ICOT_local,2.0,0.25782315050171845,0.13687273124837038,1.251580080731178e-5,11687.523730294
3,Atom,dunnindex,0.0,oct,OCT,3.0,0.44257694614625775,0.05362820324984161,-10.0,0.352764327
3,Atom,dunnindex,0.0,oct,kmeans_plus,3.0,0.4461940629682728,0.05214210295495597,-10.0,2.12091265
3,Atom,dunnindex,0.0,oct,hclust,9.0,0.5762832094519831,0.0972301957730685,-10.0,1.435261786
3,Atom,dunnindex,0.0,oct,gmm,9.0,0.5698121181314744,0.04986713898384981,-10.0,0.257082647
3,Atom,dunnindex,0.0,oct,dbscan,1.0,-0.05972494349353042,0.01762149317622028,-10.0,0.894590791
