seed,data,criterion,geom_threshold,warm_start,method,K,silhouette,dunn,ari_true,runtime
2,Atom,silhouette,0.0,oct,True,2.0,0.3113250570039431,0.3710709993544942,1.0,0.0
2,Atom,silhouette,0.0,oct,ICOT_local,8.0,0.5200278587611374,0.027796894536585393,-10.0,2061.477876287
2,Atom,silhouette,0.0,oct,OCT,10.0,0.5001762556656622,0.016612612576933913,-10.0,0.510231245
2,Atom,silhouette,0.0,oct,kmeans_plus,10.0,0.6133128878641685,0.03110482806822117,-10.0,2.499596305
2,Atom,silhouette,0.0,oct,hclust,10.0,0.5926597646210817,0.07451135618031461,-10.0,2.248773129
2,Atom,silhouette,0.0,oct,gmm,7.0,0.5542860641332228,0.026344373553400996,-10.0,0.228241503
2,Atom,silhouette,0.0,oct,dbscan,0.8,-0.011975894186420841,0.015198613375968707,-10.0,0.811505467
