"seed","data","criterion","geom_threshold","warm_start","method","K","silhouette","dunn","ari_true","runtime"
5,"Atom","dunnindex",0.99,"oct","True",2,0.311325057003943,0.371070999354494,1,0
5,"Atom","dunnindex",0.99,"oct","ICOT_local",2,0.257823150501718,0.13687273124837,1.25158008073118e-05,199.678404015
5,"Atom","dunnindex",0.99,"oct","OCT",3,0.441534002314097,0.0536282032498416,-10,0.365332239
5,"Atom","dunnindex",0.99,"oct","kmeans_plus",3,0.446194062968273,0.052142102954956,-10,2.433576239
5,"Atom","dunnindex",0.99,"oct","hclust",9,0.576283209451983,0.0972301957730685,-10,2.145141987
5,"Atom","dunnindex",0.99,"oct","gmm",3,0.364440818053443,0.0397197095883228,-10,0.253562358
5,"Atom","dunnindex",0.99,"oct","dbscan",1,-0.0597249434935304,0.0176214931762203,-10,1.163409002
