seed,data,criterion,method,K,silhouette,dunn,ari_true,runtime
5,Atom,silhouette,True,2.0,0.3113250570039431,0.3710709993544942,1.0,0.0
5,Atom,silhouette,ICOT_local,8.0,0.4990000020945218,0.016383448996803857,-10.0,82.61019618
5,Atom,silhouette,OCT,10.0,0.4703757239513118,0.016383448996803857,-10.0,0.447360219
5,Atom,silhouette,kmeans_plus,10.0,0.6146437693885778,0.0228683150851142,-10.0,2.434331586
5,Atom,silhouette,hclust,10.0,0.5926597646210817,0.07451135618031461,-10.0,2.185331156
5,Atom,silhouette,gmm,7.0,0.5619257980729764,0.03102359648778941,-10.0,0.224265177
5,Atom,silhouette,dbscan,0.8,-0.011975894186420841,0.015198613375968707,-10.0,0.802205218
