seed,data,criterion,geom_threshold,warm_start,method,K,silhouette,dunn,ari_true,runtime
3,Atom,dunnindex,0.99,none,True,2.0,0.3113250570039431,0.3710709993544942,1.0,0.0
3,Atom,dunnindex,0.99,none,ICOT_local,2.0,0.25782315050171845,0.13687273124837038,1.251580080731178e-5,1815.134411496
3,Atom,dunnindex,0.99,none,OCT,3.0,0.44257694614625775,0.05362820324984161,-10.0,0.459423024
3,Atom,dunnindex,0.99,none,kmeans_plus,3.0,0.44619406296827285,0.05214210295495597,-10.0,2.545274584
3,Atom,dunnindex,0.99,none,hclust,9.0,0.5762832094519829,0.0972301957730685,-10.0,2.402612061
3,Atom,dunnindex,0.99,none,gmm,9.0,0.5698121181314744,0.04986713898384981,-10.0,0.253243944
3,Atom,dunnindex,0.99,none,dbscan,1.0,-0.05972494349353041,0.01762149317622028,-10.0,1.156805851
