seed,data,criterion,geom_threshold,warm_start,method,K,silhouette,dunn,ari_true,runtime
5,Atom,silhouette,0.9,oct,True,2.0,0.3113250570039431,0.3710709993544942,1.0,0.0
5,Atom,silhouette,0.9,oct,ICOT_local,8.0,0.5170349216478,0.02741864171411065,-10.0,723.649493965
5,Atom,silhouette,0.9,oct,OCT,10.0,0.4703757239513118,0.016383448996803857,-10.0,0.469215598
5,Atom,silhouette,0.9,oct,kmeans_plus,10.0,0.6146437693885778,0.0228683150851142,-10.0,2.590631219
5,Atom,silhouette,0.9,oct,hclust,10.0,0.5926597646210817,0.07451135618031461,-10.0,2.20954202
5,Atom,silhouette,0.9,oct,gmm,7.0,0.5619257980729764,0.03102359648778941,-10.0,0.24452141
5,Atom,silhouette,0.9,oct,dbscan,0.8,-0.011975894186420841,0.015198613375968707,-10.0,0.772419273
