seed,data,criterion,method,K,silhouette,dunn,ari_true,runtime
5,Atom,silhouette,True,2.0,0.31132505700394303,0.3710709993544942,1.0,0.0
5,Atom,silhouette,ICOT_local,8.0,0.5127101935837515,0.0263677395202295,-10.0,106.707065644
5,Atom,silhouette,OCT,10.0,0.5101432070859641,0.0263677395202295,-10.0,0.67293394
5,Atom,silhouette,kmeans_plus,10.0,0.6092828282598814,0.04117045444730234,-10.0,0.288193898
5,Atom,silhouette,hclust,10.0,0.5926597646210818,0.07451135618031461,-10.0,2.105706267
5,Atom,silhouette,gmm,8.0,0.5697251304786899,0.03324770716638251,-10.0,0.236223439
5,Atom,silhouette,dbscan,0.9,0.005239912655073615,0.03870700907857998,-10.0,0.231600663
