"seed","data","criterion","geom_threshold","warm_start","method","K","silhouette","dunn","ari_true","runtime"
2,"Atom","dunnindex",0.99,"oct","True",2,0.311325057003943,0.371070999354494,1,0
2,"Atom","dunnindex",0.99,"oct","ICOT_local",2,0.257823150501718,0.13687273124837,1.25158008073118e-05,169.770552019
2,"Atom","dunnindex",0.99,"oct","OCT",3,0.441534002314097,0.0536282032498416,-10,0.353634162
2,"Atom","dunnindex",0.99,"oct","kmeans_plus",3,0.446194062968273,0.052142102954956,-10,2.30691348
2,"Atom","dunnindex",0.99,"oct","hclust",9,0.576283209451983,0.0972301957730685,-10,2.125934328
2,"Atom","dunnindex",0.99,"oct","gmm",3,0.419325113905826,0.0537430486798184,-10,0.242041242
2,"Atom","dunnindex",0.99,"oct","dbscan",1,-0.0597249434935304,0.0176214931762203,-10,1.157881666
