seed,data,criterion,geom_threshold,warm_start,method,K,silhouette,dunn,ari_true,runtime
4,Atom,dunnindex,0.0,oct,True,2.0,0.31132505700394303,0.3710709993544942,1.0,0.0
4,Atom,dunnindex,0.0,oct,ICOT_local,2.0,0.25782315050171845,0.13687273124837038,1.251580080731178e-5,11077.583882664
4,Atom,dunnindex,0.0,oct,OCT,3.0,0.44257694614625775,0.05362820324984161,-10.0,0.350966124
4,Atom,dunnindex,0.0,oct,kmeans_plus,3.0,0.4461940629682728,0.05214210295495597,-10.0,2.244261927
4,Atom,dunnindex,0.0,oct,hclust,9.0,0.5762832094519831,0.0972301957730685,-10.0,2.292212246
4,Atom,dunnindex,0.0,oct,gmm,3.0,0.41938313665665,0.048092931105570474,-10.0,0.273286863
4,Atom,dunnindex,0.0,oct,dbscan,1.0,-0.05972494349353042,0.01762149317622028,-10.0,0.9508663
