seed,data,criterion,method,K,silhouette,dunn,ari_true,runtime
3,Atom,dunnindex,True,2.0,0.3113250570039431,0.3710709993544942,1.0,0.0
3,Atom,dunnindex,ICOT_local,2.0,0.25782315050171845,0.13687273124837038,1.251580080731178e-5,221.930991801
3,Atom,dunnindex,OCT,3.0,0.44257694614625775,0.05362820324984161,-10.0,0.373925252
3,Atom,dunnindex,kmeans_plus,3.0,0.44619406296827285,0.05214210295495597,-10.0,2.363418795
3,Atom,dunnindex,hclust,9.0,0.5762832094519829,0.0972301957730685,-10.0,2.219638638
3,Atom,dunnindex,gmm,9.0,0.5698121181314744,0.04986713898384981,-10.0,0.243581135
3,Atom,dunnindex,dbscan,1.0,-0.05972494349353041,0.01762149317622028,-10.0,1.198894063
