seed,data,criterion,geom_threshold,warm_start,method,K,silhouette,dunn,ari_true,runtime
2,Atom,silhouette,0.0,none,True,2.0,0.3113250570039431,0.3710709993544942,1.0,0.0
2,Atom,silhouette,0.0,none,ICOT_local,8.0,0.5205022191983018,0.027796894536585393,-10.0,4334.353688443
2,Atom,silhouette,0.0,none,OCT,10.0,0.5001762556656622,0.016612612576933913,-10.0,0.584677813
2,Atom,silhouette,0.0,none,kmeans_plus,10.0,0.6133128878641685,0.03110482806822117,-10.0,2.511058304
2,Atom,silhouette,0.0,none,hclust,10.0,0.5926597646210817,0.07451135618031461,-10.0,2.32862992
2,Atom,silhouette,0.0,none,gmm,7.0,0.5542860641332228,0.026344373553400996,-10.0,0.23811844
2,Atom,silhouette,0.0,none,dbscan,0.8,-0.011975894186420841,0.015198613375968707,-10.0,0.88330317
