"seed","data","criterion","geom_threshold","warm_start","method","K","silhouette","dunn","ari_true","runtime"
5,"Atom","silhouette",0.99,"oct","True",2,0.311325057003943,0.371070999354494,1,0
5,"Atom","silhouette",0.99,"oct","ICOT_local",8,0.499000002094522,0.0163834489968039,-10,82.61019618
5,"Atom","silhouette",0.99,"oct","OCT",10,0.470375723951312,0.0163834489968039,-10,0.447360219
5,"Atom","silhouette",0.99,"oct","kmeans_plus",10,0.614643769388578,0.0228683150851142,-10,2.434331586
5,"Atom","silhouette",0.99,"oct","hclust",10,0.592659764621082,0.0745113561803146,-10,2.185331156
5,"Atom","silhouette",0.99,"oct","gmm",7,0.561925798072976,0.0310235964877894,-10,0.224265177
5,"Atom","silhouette",0.99,"oct","dbscan",0.8,-0.0119758941864208,0.0151986133759687,-10,0.802205218
