seed,data,criterion,method,K,silhouette,dunn,ari_true,runtime
4,Atom,dunnindex,True,2.0,0.3113250570039431,0.3710709993544942,1.0,0.0
4,Atom,dunnindex,ICOT_local,2.0,0.25782315050171845,0.13687273124837038,1.251580080731178e-5,265.816102517
4,Atom,dunnindex,OCT,4.0,0.47690814696014205,0.011328955248024021,-10.0,0.405712005
4,Atom,dunnindex,kmeans_plus,4.0,0.48013830142041447,0.053605471028462706,-10.0,0.266073268
4,Atom,dunnindex,hclust,9.0,0.5762832094519829,0.0972301957730685,-10.0,2.049804674
4,Atom,dunnindex,gmm,5.0,0.5011255208057747,0.03665687321578701,-10.0,0.225924696
4,Atom,dunnindex,dbscan,0.4,0.0,Inf,-10.0,2.001936566
