seed,data,criterion,method,K,silhouette,dunn,ari_true,runtime
3,Atom,silhouette,True,2.0,0.3113250570039431,0.3710709993544942,1.0,0.0
3,Atom,silhouette,ICOT_local,7.0,0.5124528891424888,0.02647814548346923,-10.0,120.843847488
3,Atom,silhouette,OCT,10.0,0.4827711545709399,0.026813962083352468,-10.0,0.500375695
3,Atom,silhouette,kmeans_plus,10.0,0.6148322988862748,0.03860457872213804,-10.0,2.346818605
3,Atom,silhouette,hclust,10.0,0.5926597646210817,0.07451135618031461,-10.0,2.357609862
3,Atom,silhouette,gmm,9.0,0.5698121181314744,0.04986713898384981,-10.0,0.324823261
3,Atom,silhouette,dbscan,0.8,-0.011975894186420841,0.015198613375968707,-10.0,0.794744352
