seed,data,criterion,method,K,silhouette,dunn,ari_true,runtime
3,Atom,silhouette,True,2.0,0.3113250570039431,0.3710709993544942,1.0,0.0
3,Atom,silhouette,ICOT_local,8.0,0.5135441336397965,0.0263677395202295,-10.0,92.312285778
3,Atom,silhouette,OCT,10.0,0.5096147516462487,0.0263677395202295,-10.0,0.480298968
3,Atom,silhouette,kmeans_plus,10.0,0.6092828282598814,0.04117045444730234,-10.0,0.226562762
3,Atom,silhouette,hclust,10.0,0.5926597646210817,0.07451135618031461,-10.0,2.09886229
3,Atom,silhouette,gmm,8.0,0.56972513047869,0.03324770716638251,-10.0,0.216244892
3,Atom,silhouette,dbscan,0.9,0.0052399126550736145,0.03870700907857998,-10.0,0.257769344
