seed,data,criterion,method,K,silhouette,dunn,ari_true,runtime
2,Atom,silhouette,True,2.0,0.3113250570039431,0.3710709993544942,1.0,0.0
2,Atom,silhouette,ICOT_local,7.0,0.5181056892683401,0.03141165634477698,-10.0,90.239795653
2,Atom,silhouette,OCT,10.0,0.5001762556656622,0.016612612576933913,-10.0,0.452571507
2,Atom,silhouette,kmeans_plus,10.0,0.6133128878641685,0.03110482806822117,-10.0,2.309967388
2,Atom,silhouette,hclust,10.0,0.5926597646210817,0.07451135618031461,-10.0,2.150428195
2,Atom,silhouette,gmm,7.0,0.5542860641332228,0.026344373553400996,-10.0,0.228341647
2,Atom,silhouette,dbscan,0.8,-0.011975894186420841,0.015198613375968707,-10.0,0.752478277
