"seed","data","criterion","geom_threshold","warm_start","method","K","silhouette","dunn","ari_true","runtime"
3,"Atom","dunnindex",0.99,"oct","True",2,0.311325057003943,0.371070999354494,1,0
3,"Atom","dunnindex",0.99,"oct","ICOT_local",2,0.257823150501718,0.13687273124837,1.25158008073118e-05,221.930991801
3,"Atom","dunnindex",0.99,"oct","OCT",3,0.442576946146258,0.0536282032498416,-10,0.373925252
3,"Atom","dunnindex",0.99,"oct","kmeans_plus",3,0.446194062968273,0.052142102954956,-10,2.363418795
3,"Atom","dunnindex",0.99,"oct","hclust",9,0.576283209451983,0.0972301957730685,-10,2.219638638
3,"Atom","dunnindex",0.99,"oct","gmm",9,0.569812118131474,0.0498671389838498,-10,0.243581135
3,"Atom","dunnindex",0.99,"oct","dbscan",1,-0.0597249434935304,0.0176214931762203,-10,1.198894063
