"seed","data","criterion","geom_threshold","warm_start","method","K","silhouette","dunn","ari_true","runtime"
4,"Atom","silhouette",0.99,"oct","True",2,0.311325057003943,0.371070999354494,1,0
4,"Atom","silhouette",0.99,"oct","ICOT_local",7,0.512452889142489,0.0264781454834692,-10,142.410310165
4,"Atom","silhouette",0.99,"oct","OCT",10,0.489449779533288,0.0264408671515923,-10,0.491216451
4,"Atom","silhouette",0.99,"oct","kmeans_plus",10,0.61497441759919,0.038604578722138,-10,2.376196896
4,"Atom","silhouette",0.99,"oct","hclust",10,0.592659764621082,0.0745113561803146,-10,2.177246118
4,"Atom","silhouette",0.99,"oct","gmm",10,0.569421524250431,0.0323720708452719,-10,0.390425494
4,"Atom","silhouette",0.99,"oct","dbscan",0.8,-0.0119758941864208,0.0151986133759687,-10,0.809861123
