seed,data,criterion,method,K,silhouette,dunn,ari_true,runtime
1,Atom,silhouette,True,2.0,0.31132505700394303,0.3710709993544942,1.0,0.0
1,Atom,silhouette,ICOT_local,8.0,0.5139421820299872,0.0263677395202295,-10.0,111.328543134
1,Atom,silhouette,OCT,10.0,0.5065187475659028,0.0263677395202295,-10.0,0.555783532
1,Atom,silhouette,kmeans_plus,10.0,0.6092828282598814,0.04117045444730234,-10.0,0.277648809
1,Atom,silhouette,hclust,10.0,0.5926597646210818,0.07451135618031461,-10.0,2.677410224
1,Atom,silhouette,gmm,8.0,0.5697251304786899,0.03324770716638251,-10.0,0.270235021
1,Atom,silhouette,dbscan,0.9,0.005239912655073615,0.03870700907857998,-10.0,0.320140228
