seed,data,criterion,geom_threshold,warm_start,method,K,silhouette,dunn,ari_true,runtime
3,Atom,silhouette,0.0,oct,True,2.0,0.3113250570039431,0.3710709993544942,1.0,0.0
3,Atom,silhouette,0.0,oct,ICOT_local,8.0,0.520702692682089,0.027796894536585393,-10.0,2172.093148289
3,Atom,silhouette,0.0,oct,OCT,10.0,0.4827711545709399,0.026813962083352468,-10.0,0.497243212
3,Atom,silhouette,0.0,oct,kmeans_plus,10.0,0.6148322988862748,0.03860457872213804,-10.0,2.289149862
3,Atom,silhouette,0.0,oct,hclust,10.0,0.5926597646210817,0.07451135618031461,-10.0,1.895684575
3,Atom,silhouette,0.0,oct,gmm,9.0,0.5698121181314744,0.04986713898384981,-10.0,0.207888236
3,Atom,silhouette,0.0,oct,dbscan,0.8,-0.011975894186420841,0.015198613375968707,-10.0,0.785822593
