seed,data,criterion,method,K,silhouette,dunn,ari_true,runtime
4,Atom,silhouette,True,2.0,0.3113250570039431,0.3710709993544942,1.0,0.0
4,Atom,silhouette,ICOT_local,8.0,0.5205022191983018,0.027796894536585393,-10.0,4190.445622033
4,Atom,silhouette,OCT,10.0,0.48944977953328833,0.026440867151592298,-10.0,0.615776799
4,Atom,silhouette,kmeans_plus,10.0,0.6149744175991904,0.03860457872213804,-10.0,2.63431866
4,Atom,silhouette,hclust,10.0,0.5926597646210817,0.07451135618031461,-10.0,2.295269381
4,Atom,silhouette,gmm,10.0,0.569421524250431,0.032372070845271925,-10.0,0.236431812
4,Atom,silhouette,dbscan,0.8,-0.011975894186420841,0.015198613375968707,-10.0,0.836976987
