seed,data,criterion,method,K,silhouette,dunn,ari_true,runtime
3,Atom,silhouette,True,2.0,0.3113250570039431,0.3710709993544942,1.0,0.0
3,Atom,silhouette,ICOT_local,8.0,0.5205195528829494,0.027796894536585393,-10.0,4273.656142449
3,Atom,silhouette,OCT,10.0,0.4827711545709399,0.026813962083352468,-10.0,0.610074694
3,Atom,silhouette,kmeans_plus,10.0,0.6148322988862748,0.03860457872213804,-10.0,2.494706544
3,Atom,silhouette,hclust,10.0,0.5926597646210817,0.07451135618031461,-10.0,2.179951204
3,Atom,silhouette,gmm,9.0,0.5698121181314744,0.04986713898384981,-10.0,0.232361647
3,Atom,silhouette,dbscan,0.8,-0.011975894186420841,0.015198613375968707,-10.0,1.016405496
