seed,data,criterion,geom_threshold,warm_start,method,K,silhouette,dunn,ari_true,runtime
3,Atom,silhouette,0.0,none,True,2.0,0.3113250570039431,0.3710709993544942,1.0,0.0
3,Atom,silhouette,0.0,none,ICOT_local,8.0,0.5205195528829494,0.027796894536585393,-10.0,4280.310180739
3,Atom,silhouette,0.0,none,OCT,10.0,0.4827711545709399,0.026813962083352468,-10.0,0.62779474
3,Atom,silhouette,0.0,none,kmeans_plus,10.0,0.6148322988862748,0.03860457872213804,-10.0,2.527705835
3,Atom,silhouette,0.0,none,hclust,10.0,0.5926597646210817,0.07451135618031461,-10.0,2.43892295
3,Atom,silhouette,0.0,none,gmm,9.0,0.5698121181314744,0.04986713898384981,-10.0,0.251823731
3,Atom,silhouette,0.0,none,dbscan,0.8,-0.011975894186420841,0.015198613375968707,-10.0,0.987918008
