"seed","data","criterion","geom_threshold","warm_start","method","K","silhouette","dunn","ari_true","runtime"
2,"Atom","silhouette",0.99,"oct","True",2,0.311325057003943,0.371070999354494,1,0
2,"Atom","silhouette",0.99,"oct","ICOT_local",7,0.51810568926834,0.031411656344777,-10,90.239795653
2,"Atom","silhouette",0.99,"oct","OCT",10,0.500176255665662,0.0166126125769339,-10,0.452571507
2,"Atom","silhouette",0.99,"oct","kmeans_plus",10,0.613312887864168,0.0311048280682212,-10,2.309967388
2,"Atom","silhouette",0.99,"oct","hclust",10,0.592659764621082,0.0745113561803146,-10,2.150428195
2,"Atom","silhouette",0.99,"oct","gmm",7,0.554286064133223,0.026344373553401,-10,0.228341647
2,"Atom","silhouette",0.99,"oct","dbscan",0.8,-0.0119758941864208,0.0151986133759687,-10,0.752478277
