"seed","data","criterion","geom_threshold","warm_start","method","K","silhouette","dunn","ari_true","runtime"
3,"Atom","silhouette",0.99,"oct","True",2,0.311325057003943,0.371070999354494,1,0
3,"Atom","silhouette",0.99,"oct","ICOT_local",7,0.512452889142489,0.0264781454834692,-10,120.843847488
3,"Atom","silhouette",0.99,"oct","OCT",10,0.48277115457094,0.0268139620833525,-10,0.500375695
3,"Atom","silhouette",0.99,"oct","kmeans_plus",10,0.614832298886275,0.038604578722138,-10,2.346818605
3,"Atom","silhouette",0.99,"oct","hclust",10,0.592659764621082,0.0745113561803146,-10,2.357609862
3,"Atom","silhouette",0.99,"oct","gmm",9,0.569812118131474,0.0498671389838498,-10,0.324823261
3,"Atom","silhouette",0.99,"oct","dbscan",0.8,-0.0119758941864208,0.0151986133759687,-10,0.794744352
