"seed","data","criterion","geom_threshold","warm_start","method","K","silhouette","dunn","ari_true","runtime"
1,"Atom","dunnindex",0.99,"oct","True",2,0.311325057003943,0.371070999354494,1,0
1,"Atom","dunnindex",0.99,"oct","ICOT_local",2,0.257823150501718,0.13687273124837,1.25158008073118e-05,190.086455233
1,"Atom","dunnindex",0.99,"oct","OCT",3,0.441534002314097,0.0536282032498416,-10,0.35286838
1,"Atom","dunnindex",0.99,"oct","kmeans_plus",3,0.446194062968273,0.052142102954956,-10,2.297565097
1,"Atom","dunnindex",0.99,"oct","hclust",9,0.576283209451983,0.0972301957730685,-10,2.201869389
1,"Atom","dunnindex",0.99,"oct","gmm",8,0.567081024472932,0.0471970472863335,-10,0.242318908
1,"Atom","dunnindex",0.99,"oct","dbscan",1,-0.0597249434935304,0.0176214931762203,-10,1.111494214
