seed,data,criterion,method,K,silhouette,dunn,ari_true,runtime
2,Chainlink,dunnindex,True,2.0,0.15763478498426092,0.26492048403569285,1.0,0.0
2,Chainlink,dunnindex,ICOT_local,4.0,0.25242388065156796,0.03219511321901298,-10.0,643.457413475
2,Chainlink,dunnindex,OCT,4.0,0.36295598949044044,0.02430349255059764,-10.0,0.458495159
2,Chainlink,dunnindex,kmeans_plus,4.0,0.3664132578461557,0.03326897844970113,-10.0,0.336996406
2,Chainlink,dunnindex,hclust,9.0,0.4765744153896272,0.037347862999815074,-10.0,2.760549275
2,Chainlink,dunnindex,gmm,9.0,0.41563213504314,0.015310485342873438,-10.0,0.275971725
2,Chainlink,dunnindex,dbscan,0.4,0.15763478498426092,0.26492048403569285,-10.0,0.322558879
