"seed","data","criterion","geom_threshold","warm_start","method","K","silhouette","dunn","ari_true","runtime"
4,"Chainlink","dunnindex",0.99,"oct","True",2,0.157634784984261,0.264920484035693,1,0
4,"Chainlink","dunnindex",0.99,"oct","ICOT_local",4,0.254429687663014,0.032367021345016,-10,744.631486816
4,"Chainlink","dunnindex",0.99,"oct","OCT",8,0.322707339773334,0.0107609174304672,-10,0.633279021
4,"Chainlink","dunnindex",0.99,"oct","kmeans_plus",8,0.497237351196446,0.0302325601325604,-10,2.957573524
4,"Chainlink","dunnindex",0.99,"oct","hclust",9,0.476574415389627,0.0373478629998151,-10,2.516121269
4,"Chainlink","dunnindex",0.99,"oct","gmm",7,0.380699991935625,0.0189311375508174,-10,0.28110458
4,"Chainlink","dunnindex",0.99,"oct","dbscan",0.4,0.157634784984261,0.264920484035693,-10,0.829903943
