seed,data,criterion,method,K,silhouette,dunn,ari_true,runtime
2,Chainlink,silhouette,True,2.0,0.15763478498426092,0.26492048403569285,1.0,0.0
2,Chainlink,silhouette,ICOT_local,7.0,0.3906489690847761,0.00626242132285389,-10.0,145.489116526
2,Chainlink,silhouette,OCT,10.0,0.3148611289983287,0.01575290653323766,-10.0,0.598384287
2,Chainlink,silhouette,kmeans_plus,10.0,0.5005345863985721,0.030138681098672935,-10.0,2.984176169
2,Chainlink,silhouette,hclust,10.0,0.4957143380455367,0.037347862999815074,-10.0,2.574322784
2,Chainlink,silhouette,gmm,9.0,0.4070551493991747,0.008218948336061179,-10.0,0.254885815
2,Chainlink,silhouette,dbscan,0.1,0.16840106299247,0.027391540377160826,-10.0,0.678839397
