seed,data,criterion,method,K,silhouette,dunn,ari_true,runtime
5,Chainlink,dunnindex,True,2.0,0.15763478498426092,0.26492048403569285,1.0,0.0
5,Chainlink,dunnindex,ICOT_local,4.0,0.25442968766301377,0.032367021345016005,-10.0,659.856923978
5,Chainlink,dunnindex,OCT,10.0,0.33067881687015377,0.009612842953066978,-10.0,0.560902283
5,Chainlink,dunnindex,kmeans_plus,10.0,0.5008042092805474,0.030763942711283587,-10.0,2.673297458
5,Chainlink,dunnindex,hclust,9.0,0.47657441538962714,0.037347862999815074,-10.0,2.556001735
5,Chainlink,dunnindex,gmm,8.0,0.4188542922588715,0.011488183507627897,-10.0,0.300208258
5,Chainlink,dunnindex,dbscan,0.4,0.15763478498426092,0.26492048403569285,-10.0,0.552338975
