seed,data,criterion,geom_threshold,warm_start,method,K,silhouette,dunn,ari_true,runtime
5,Chainlink,silhouette,0.0,oct,True,2.0,0.15763478498426092,0.26492048403569285,1.0,0.0
5,Chainlink,silhouette,0.0,oct,ICOT_local,7.0,0.390573849519385,0.00626242132285389,-10.0,3720.782389391
5,Chainlink,silhouette,0.0,oct,OCT,10.0,0.3306788168701537,0.009612842953066978,-10.0,0.611184086
5,Chainlink,silhouette,0.0,oct,kmeans_plus,10.0,0.5008042092805474,0.030763942711283587,-10.0,3.095422033
5,Chainlink,silhouette,0.0,oct,hclust,10.0,0.4957143380455367,0.037347862999815074,-10.0,2.757064412
5,Chainlink,silhouette,0.0,oct,gmm,8.0,0.4188542922588715,0.011488183507627897,-10.0,0.264742425
5,Chainlink,silhouette,0.0,oct,dbscan,0.1,0.16840106299247,0.027391540377160826,-10.0,0.757637546
