seed,data,criterion,geom_threshold,warm_start,method,K,silhouette,dunn,ari_true,runtime
2,Chainlink,dunnindex,0.0,oct,True,2.0,0.15763478498426092,0.26492048403569285,1.0,0.0
2,Chainlink,dunnindex,0.0,oct,ICOT_local,4.0,0.3818259087504674,0.032459338240455805,-10.0,20487.200899912
2,Chainlink,dunnindex,0.0,oct,OCT,8.0,0.3868898929628355,0.005509032056401557,-10.0,0.590264503
2,Chainlink,dunnindex,0.0,oct,kmeans_plus,8.0,0.49737657070846253,0.03023251389486855,-10.0,3.389444672
2,Chainlink,dunnindex,0.0,oct,hclust,9.0,0.4765744153896272,0.037347862999815074,-10.0,2.763417661
2,Chainlink,dunnindex,0.0,oct,gmm,7.0,0.31621515964409663,0.016896546374941975,-10.0,0.356687989
2,Chainlink,dunnindex,0.0,oct,dbscan,0.4,0.15763478498426092,0.26492048403569285,-10.0,0.764536094
