seed,data,criterion,method,K,silhouette,dunn,ari_true,runtime
5,Chainlink,silhouette,True,2.0,0.15763478498426092,0.26492048403569285,1.0,0.0
5,Chainlink,silhouette,ICOT_local,8.0,0.3728453266011448,0.005509032056401557,-10.0,116.036780654
5,Chainlink,silhouette,OCT,8.0,0.36497459777619035,0.010773090784784091,-10.0,0.64023037
5,Chainlink,silhouette,kmeans_plus,8.0,0.4974911676232268,0.03298100455279598,-10.0,0.270292068
5,Chainlink,silhouette,hclust,10.0,0.4957143380455367,0.037347862999815074,-10.0,2.352596714
5,Chainlink,silhouette,gmm,9.0,0.41563213504314,0.015310485342873438,-10.0,0.219398011
5,Chainlink,silhouette,dbscan,0.4,0.15763478498426092,0.26492048403569285,-10.0,0.395714574
