"seed","data","criterion","geom_threshold","warm_start","method","K","silhouette","dunn","ari_true","runtime"
2,"Chainlink","dunnindex",0.99,"oct","True",2,0.157634784984261,0.264920484035693,1,0
2,"Chainlink","dunnindex",0.99,"oct","ICOT_local",4,0.254429687663014,0.032367021345016,-10,1153.12044257
2,"Chainlink","dunnindex",0.99,"oct","OCT",8,0.386889892962835,0.00550903205640156,-10,0.591870787
2,"Chainlink","dunnindex",0.99,"oct","kmeans_plus",8,0.497376570708463,0.0302325138948685,-10,3.334464733
2,"Chainlink","dunnindex",0.99,"oct","hclust",9,0.476574415389627,0.0373478629998151,-10,2.78224362
2,"Chainlink","dunnindex",0.99,"oct","gmm",7,0.316215159644097,0.016896546374942,-10,0.299719947
2,"Chainlink","dunnindex",0.99,"oct","dbscan",0.4,0.157634784984261,0.264920484035693,-10,0.744475912
