seed,data,criterion,method,K,silhouette,dunn,ari_true,runtime
5,Chainlink,silhouette,True,2.0,0.15763478498426092,0.26492048403569285,1.0,0.0
5,Chainlink,silhouette,ICOT_local,4.0,0.39096115944027243,0.017660426862203767,-10.0,5250.516052772
5,Chainlink,silhouette,OCT,10.0,0.3306788168701537,0.009612842953066978,-10.0,0.719389876
5,Chainlink,silhouette,kmeans_plus,10.0,0.5008042092805474,0.030763942711283587,-10.0,3.216586406
5,Chainlink,silhouette,hclust,10.0,0.4957143380455367,0.037347862999815074,-10.0,2.783117842
5,Chainlink,silhouette,gmm,8.0,0.4188542922588715,0.011488183507627897,-10.0,0.291789722
5,Chainlink,silhouette,dbscan,0.1,0.16840106299247,0.027391540377160826,-10.0,0.683131421
