seed,data,criterion,geom_threshold,warm_start,method,K,silhouette,dunn,ari_true,runtime
3,Chainlink,dunnindex,0.9,none,True,2.0,0.15763478498426092,0.26492048403569285,1.0,0.0
3,Chainlink,dunnindex,0.9,none,ICOT_local,2.0,0.0045523983920802424,0.031682285512243336,0.0,6546.143720713
3,Chainlink,dunnindex,0.9,none,OCT,10.0,0.372936337784814,0.009365729061127998,-10.0,0.709500336
3,Chainlink,dunnindex,0.9,none,kmeans_plus,10.0,0.5005161454134772,0.030278447885216504,-10.0,3.181407898
3,Chainlink,dunnindex,0.9,none,hclust,9.0,0.4765744153896272,0.037347862999815074,-10.0,2.717639081
3,Chainlink,dunnindex,0.9,none,gmm,6.0,0.3621089778127158,0.016179409786071814,-10.0,0.318460145
3,Chainlink,dunnindex,0.9,none,dbscan,0.4,0.15763478498426092,0.26492048403569285,-10.0,0.716718798
