seed,data,criterion,geom_threshold,warm_start,method,K,silhouette,dunn,ari_true,runtime
5,Chainlink,dunnindex,0.9,oct,True,2.0,0.15763478498426092,0.26492048403569285,1.0,0.0
5,Chainlink,dunnindex,0.9,oct,ICOT_local,5.0,0.27492176034434074,0.032367068094701176,-10.0,2890.52525951
5,Chainlink,dunnindex,0.9,oct,OCT,10.0,0.3306788168701537,0.009612842953066978,-10.0,0.641174908
5,Chainlink,dunnindex,0.9,oct,kmeans_plus,10.0,0.5008042092805474,0.030763942711283587,-10.0,3.394142831
5,Chainlink,dunnindex,0.9,oct,hclust,9.0,0.4765744153896272,0.037347862999815074,-10.0,3.108793385
5,Chainlink,dunnindex,0.9,oct,gmm,8.0,0.4188542922588715,0.011488183507627897,-10.0,0.343483955
5,Chainlink,dunnindex,0.9,oct,dbscan,0.4,0.15763478498426092,0.26492048403569285,-10.0,0.759731799
