seed,data,criterion,geom_threshold,warm_start,method,K,silhouette,dunn,ari_true,runtime
4,Chainlink,silhouette,0.9,none,True,2.0,0.15763478498426092,0.26492048403569285,1.0,0.0
4,Chainlink,silhouette,0.9,none,ICOT_local,4.0,0.39096115944027243,0.017660426862203767,-10.0,1805.203052559
4,Chainlink,silhouette,0.9,none,OCT,10.0,0.3164763376776944,0.015319231216855163,-10.0,0.714822509
4,Chainlink,silhouette,0.9,none,kmeans_plus,10.0,0.50127463339641,0.02538549008529749,-10.0,3.130941151
4,Chainlink,silhouette,0.9,none,hclust,10.0,0.4957143380455367,0.037347862999815074,-10.0,2.726353932
4,Chainlink,silhouette,0.9,none,gmm,10.0,0.402021271061969,0.012550583332063055,-10.0,0.265212779
4,Chainlink,silhouette,0.9,none,dbscan,0.1,0.16840106299247,0.027391540377160826,-10.0,0.658587712
