"seed","data","criterion","geom_threshold","warm_start","method","K","silhouette","dunn","ari_true","runtime"
5,"Chainlink","silhouette",0.99,"oct","True",2,0.157634784984261,0.264920484035693,1,0
5,"Chainlink","silhouette",0.99,"oct","ICOT_local",7,0.390036398368072,0.00626242132285389,-10,155.277636984
5,"Chainlink","silhouette",0.99,"oct","OCT",10,0.330678816870154,0.00961284295306698,-10,0.577953551
5,"Chainlink","silhouette",0.99,"oct","kmeans_plus",10,0.500804209280547,0.0307639427112836,-10,2.961328697
5,"Chainlink","silhouette",0.99,"oct","hclust",10,0.495714338045537,0.0373478629998151,-10,2.547926567
5,"Chainlink","silhouette",0.99,"oct","gmm",8,0.418854292258871,0.0114881835076279,-10,0.253176301
5,"Chainlink","silhouette",0.99,"oct","dbscan",0.1,0.16840106299247,0.0273915403771608,-10,0.650835374
