seed,data,criterion,geom_threshold,warm_start,method,K,silhouette,dunn,ari_true,runtime
1,Chainlink,dunnindex,0.0,oct,True,2.0,0.15763478498426092,0.26492048403569285,1.0,0.0
1,Chainlink,dunnindex,0.0,oct,ICOT_local,4.0,0.35732986865502203,0.0329510691560313,-10.0,18623.964273002
1,Chainlink,dunnindex,0.0,oct,OCT,8.0,0.32270733977333393,0.01076091743046717,-10.0,0.579065002
1,Chainlink,dunnindex,0.0,oct,kmeans_plus,8.0,0.49685601160086246,0.030232560132560406,-10.0,2.996291945
1,Chainlink,dunnindex,0.0,oct,hclust,9.0,0.47657441538962714,0.037347862999815074,-10.0,2.455015398
1,Chainlink,dunnindex,0.0,oct,gmm,6.0,0.3194169016140766,0.016896546374941975,-10.0,0.572886291
1,Chainlink,dunnindex,0.0,oct,dbscan,0.4,0.15763478498426092,0.26492048403569285,-10.0,0.974612262
