seed,data,criterion,method,K,silhouette,dunn,ari_true,runtime
3,Chainlink,silhouette,True,2.0,0.15763478498426092,0.26492048403569285,1.0,0.0
3,Chainlink,silhouette,ICOT_local,4.0,0.39096115944027243,0.017660426862203767,-10.0,5398.503309286
3,Chainlink,silhouette,OCT,10.0,0.372936337784814,0.009365729061127998,-10.0,0.712389742
3,Chainlink,silhouette,kmeans_plus,10.0,0.5005161454134772,0.030278447885216504,-10.0,3.114614637
3,Chainlink,silhouette,hclust,10.0,0.4957143380455367,0.037347862999815074,-10.0,2.627718869
3,Chainlink,silhouette,gmm,10.0,0.41172391709587774,0.008218948336061179,-10.0,0.285361719
3,Chainlink,silhouette,dbscan,0.1,0.16840106299247,0.027391540377160826,-10.0,0.690148
