seed,data,criterion,method,K,silhouette,dunn,ari_true,runtime
3,Chainlink,dunnindex,True,2.0,0.15763478498426092,0.26492048403569285,1.0,0.0
3,Chainlink,dunnindex,ICOT_local,4.0,0.25242388065156796,0.03219511321901298,-10.0,474.417848284
3,Chainlink,dunnindex,OCT,4.0,0.3572595463969527,0.019189131115505843,-10.0,0.469668159
3,Chainlink,dunnindex,kmeans_plus,4.0,0.3664132578461557,0.03326897844970113,-10.0,0.310015689
3,Chainlink,dunnindex,hclust,9.0,0.4765744153896272,0.037347862999815074,-10.0,2.382511596
3,Chainlink,dunnindex,gmm,9.0,0.41563213504314,0.015310485342873438,-10.0,0.250981038
3,Chainlink,dunnindex,dbscan,0.4,0.15763478498426092,0.26492048403569285,-10.0,0.243849864
