seed,data,criterion,geom_threshold,warm_start,method,K,silhouette,dunn,ari_true,runtime
3,Chainlink,silhouette,0.9,none,True,2.0,0.15763478498426092,0.26492048403569285,1.0,0.0
3,Chainlink,silhouette,0.9,none,ICOT_local,4.0,0.39089638920336256,0.017660426862203767,-10.0,1458.885438133
3,Chainlink,silhouette,0.9,none,OCT,10.0,0.372936337784814,0.009365729061127998,-10.0,0.659504456
3,Chainlink,silhouette,0.9,none,kmeans_plus,10.0,0.5005161454134772,0.030278447885216504,-10.0,2.857879583
3,Chainlink,silhouette,0.9,none,hclust,10.0,0.4957143380455367,0.037347862999815074,-10.0,2.328427586
3,Chainlink,silhouette,0.9,none,gmm,10.0,0.41172391709587774,0.008218948336061179,-10.0,0.249605525
3,Chainlink,silhouette,0.9,none,dbscan,0.1,0.16840106299247,0.027391540377160826,-10.0,0.636479496
