seed,data,criterion,geom_threshold,warm_start,method,K,silhouette,dunn,ari_true,runtime
4,Chainlink,dunnindex,0.9,oct,True,2.0,0.15763478498426092,0.26492048403569285,1.0,0.0
4,Chainlink,dunnindex,0.9,oct,ICOT_local,4.0,0.3819112464771493,0.032459338240455805,-10.0,2561.709368316
4,Chainlink,dunnindex,0.9,oct,OCT,8.0,0.32270733977333393,0.01076091743046717,-10.0,0.686432836
4,Chainlink,dunnindex,0.9,oct,kmeans_plus,8.0,0.4972373511964458,0.030232560132560406,-10.0,3.259787042
4,Chainlink,dunnindex,0.9,oct,hclust,9.0,0.4765744153896272,0.037347862999815074,-10.0,2.80609548
4,Chainlink,dunnindex,0.9,oct,gmm,7.0,0.38069999193562476,0.018931137550817427,-10.0,0.311588214
4,Chainlink,dunnindex,0.9,oct,dbscan,0.4,0.15763478498426092,0.26492048403569285,-10.0,0.724263574
