seed,data,criterion,geom_threshold,warm_start,method,K,silhouette,dunn,ari_true,runtime
3,Chainlink,silhouette,0.0,none,True,2.0,0.15763478498426092,0.26492048403569285,1.0,0.0
3,Chainlink,silhouette,0.0,none,ICOT_local,4.0,0.39096115944027243,0.017660426862203767,-10.0,5420.140446153
3,Chainlink,silhouette,0.0,none,OCT,10.0,0.372936337784814,0.009365729061127998,-10.0,0.740051555
3,Chainlink,silhouette,0.0,none,kmeans_plus,10.0,0.5005161454134772,0.030278447885216504,-10.0,3.224202742
3,Chainlink,silhouette,0.0,none,hclust,10.0,0.4957143380455367,0.037347862999815074,-10.0,2.556807464
3,Chainlink,silhouette,0.0,none,gmm,10.0,0.41172391709587774,0.008218948336061179,-10.0,0.288158378
3,Chainlink,silhouette,0.0,none,dbscan,0.1,0.16840106299247,0.027391540377160826,-10.0,0.690876713
