seed,data,criterion,geom_threshold,warm_start,method,K,silhouette,dunn,ari_true,runtime
2,Chainlink,silhouette,0.9,oct,True,2.0,0.15763478498426092,0.26492048403569285,1.0,0.0
2,Chainlink,silhouette,0.9,oct,ICOT_local,7.0,0.3907947849081609,0.00626242132285389,-10.0,473.603610849
2,Chainlink,silhouette,0.9,oct,OCT,10.0,0.3148611289983287,0.01575290653323766,-10.0,0.640590256
2,Chainlink,silhouette,0.9,oct,kmeans_plus,10.0,0.5005345863985721,0.030138681098672935,-10.0,3.274279407
2,Chainlink,silhouette,0.9,oct,hclust,10.0,0.4957143380455367,0.037347862999815074,-10.0,2.57541735
2,Chainlink,silhouette,0.9,oct,gmm,9.0,0.4070551493991747,0.008218948336061179,-10.0,0.258040496
2,Chainlink,silhouette,0.9,oct,dbscan,0.1,0.16840106299247,0.027391540377160826,-10.0,0.649881126
