seed,data,criterion,geom_threshold,warm_start,method,K,silhouette,dunn,ari_true,runtime
2,Chainlink,silhouette,0.99,none,True,2.0,0.15763478498426092,0.26492048403569285,1.0,0.0
2,Chainlink,silhouette,0.99,none,ICOT_local,4.0,0.39476918735741956,0.0168260490166948,-10.0,1160.833814415
2,Chainlink,silhouette,0.99,none,OCT,10.0,0.3148611289983287,0.01575290653323766,-10.0,0.699662022
2,Chainlink,silhouette,0.99,none,kmeans_plus,10.0,0.5005345863985721,0.030138681098672935,-10.0,3.247083295
2,Chainlink,silhouette,0.99,none,hclust,10.0,0.4957143380455367,0.037347862999815074,-10.0,2.640468869
2,Chainlink,silhouette,0.99,none,gmm,9.0,0.4070551493991747,0.008218948336061179,-10.0,0.252062223
2,Chainlink,silhouette,0.99,none,dbscan,0.1,0.16840106299247,0.027391540377160826,-10.0,0.638909055
