seed,data,criterion,method,K,silhouette,dunn,ari_true,runtime
4,Chainlink,silhouette,True,2.0,0.15763478498426092,0.26492048403569285,1.0,0.0
4,Chainlink,silhouette,ICOT_local,4.0,0.39096115944027243,0.017660426862203767,-10.0,5614.753163079
4,Chainlink,silhouette,OCT,10.0,0.3164763376776944,0.015319231216855163,-10.0,0.722684091
4,Chainlink,silhouette,kmeans_plus,10.0,0.50127463339641,0.02538549008529749,-10.0,3.142999964
4,Chainlink,silhouette,hclust,10.0,0.4957143380455367,0.037347862999815074,-10.0,2.8073435
4,Chainlink,silhouette,gmm,10.0,0.402021271061969,0.012550583332063055,-10.0,0.27676941
4,Chainlink,silhouette,dbscan,0.1,0.16840106299247,0.027391540377160826,-10.0,0.620503134
