seed,data,criterion,geom_threshold,warm_start,method,K,silhouette,dunn,ari_true,runtime
3,Chainlink,silhouette,0.0,oct,True,2.0,0.15763478498426092,0.26492048403569285,1.0,0.0
3,Chainlink,silhouette,0.0,oct,ICOT_local,7.0,0.3907947849081609,0.00626242132285389,-10.0,3353.064714797
3,Chainlink,silhouette,0.0,oct,OCT,10.0,0.372936337784814,0.009365729061127998,-10.0,0.617377329
3,Chainlink,silhouette,0.0,oct,kmeans_plus,10.0,0.5005161454134772,0.030278447885216504,-10.0,2.992154393
3,Chainlink,silhouette,0.0,oct,hclust,10.0,0.4957143380455367,0.037347862999815074,-10.0,2.496633189
3,Chainlink,silhouette,0.0,oct,gmm,10.0,0.41172391709587774,0.008218948336061179,-10.0,0.262537
3,Chainlink,silhouette,0.0,oct,dbscan,0.1,0.16840106299247,0.027391540377160826,-10.0,0.65119988
