seed,data,criterion,geom_threshold,warm_start,method,K,silhouette,dunn,ari_true,runtime
1,Chainlink,dunnindex,0.9,oct,True,2.0,0.15763478498426092,0.26492048403569285,1.0,0.0
1,Chainlink,dunnindex,0.9,oct,ICOT_local,4.0,0.37130674130702496,0.03169830649450047,-10.0,2131.428696525
1,Chainlink,dunnindex,0.9,oct,OCT,8.0,0.32270733977333393,0.01076091743046717,-10.0,0.566551485
1,Chainlink,dunnindex,0.9,oct,kmeans_plus,8.0,0.49685601160086246,0.030232560132560406,-10.0,3.423739033
1,Chainlink,dunnindex,0.9,oct,hclust,9.0,0.4765744153896272,0.037347862999815074,-10.0,2.782187596
1,Chainlink,dunnindex,0.9,oct,gmm,6.0,0.3194169016140766,0.016896546374941975,-10.0,0.316586547
1,Chainlink,dunnindex,0.9,oct,dbscan,0.4,0.15763478498426092,0.26492048403569285,-10.0,0.631077388
