seed,data,criterion,method,K,silhouette,dunn,ari_true,runtime
3,Chainlink,dunnindex,True,2.0,0.15763478498426092,0.26492048403569285,1.0,0.0
3,Chainlink,dunnindex,ICOT_local,2.0,0.0045523983920802424,0.031682285512243336,0.0,10414.259149164
3,Chainlink,dunnindex,OCT,10.0,0.372936337784814,0.009365729061127998,-10.0,0.842610958
3,Chainlink,dunnindex,kmeans_plus,10.0,0.5005161454134772,0.030278447885216504,-10.0,3.185007138
3,Chainlink,dunnindex,hclust,9.0,0.4765744153896272,0.037347862999815074,-10.0,2.658991579
3,Chainlink,dunnindex,gmm,6.0,0.3621089778127158,0.016179409786071814,-10.0,0.388425279
3,Chainlink,dunnindex,dbscan,0.4,0.15763478498426092,0.26492048403569285,-10.0,0.712142015
