seed,data,criterion,geom_threshold,warm_start,method,K,silhouette,dunn,ari_true,runtime
4,Chainlink,silhouette,0.9,oct,True,2.0,0.15763478498426092,0.26492048403569285,1.0,0.0
4,Chainlink,silhouette,0.9,oct,ICOT_local,7.0,0.3901687243055428,0.00626242132285389,-10.0,552.893708589
4,Chainlink,silhouette,0.9,oct,OCT,10.0,0.3164763376776944,0.015319231216855163,-10.0,0.662582105
4,Chainlink,silhouette,0.9,oct,kmeans_plus,10.0,0.50127463339641,0.02538549008529749,-10.0,3.163385799
4,Chainlink,silhouette,0.9,oct,hclust,10.0,0.4957143380455367,0.037347862999815074,-10.0,2.828920976
4,Chainlink,silhouette,0.9,oct,gmm,10.0,0.402021271061969,0.012550583332063055,-10.0,0.259305777
4,Chainlink,silhouette,0.9,oct,dbscan,0.1,0.16840106299247,0.027391540377160826,-10.0,0.71240049
