seed,data,criterion,method,K,silhouette,dunn,ari_true,runtime
1,Chainlink,silhouette,True,2.0,0.15763478498426092,0.26492048403569285,1.0,0.0
1,Chainlink,silhouette,ICOT_local,4.0,0.39096115944027243,0.017660426862203767,-10.0,5738.54533675
1,Chainlink,silhouette,OCT,10.0,0.3164763376776944,0.015319231216855163,-10.0,0.682131794
1,Chainlink,silhouette,kmeans_plus,10.0,0.50127463339641,0.02538549008529749,-10.0,3.324951128
1,Chainlink,silhouette,hclust,10.0,0.4957143380455367,0.037347862999815074,-10.0,2.700962297
1,Chainlink,silhouette,gmm,9.0,0.40673321359096937,0.008027930613522406,-10.0,0.28538732
1,Chainlink,silhouette,dbscan,0.1,0.16840106299247,0.027391540377160826,-10.0,0.722139999
