seed,data,criterion,geom_threshold,warm_start,method,K,silhouette,dunn,ari_true,runtime
1,Chainlink,dunnindex,0.9,none,True,2.0,0.15763478498426092,0.26492048403569285,1.0,0.0
1,Chainlink,dunnindex,0.9,none,ICOT_local,2.0,0.0045523983920802424,0.031682285512243336,0.0,6856.366501175
1,Chainlink,dunnindex,0.9,none,OCT,8.0,0.32270733977333393,0.01076091743046717,-10.0,0.664810421
1,Chainlink,dunnindex,0.9,none,kmeans_plus,8.0,0.49685601160086246,0.030232560132560406,-10.0,3.355016447
1,Chainlink,dunnindex,0.9,none,hclust,9.0,0.4765744153896272,0.037347862999815074,-10.0,2.631798483
1,Chainlink,dunnindex,0.9,none,gmm,6.0,0.3194169016140766,0.016896546374941975,-10.0,0.299082638
1,Chainlink,dunnindex,0.9,none,dbscan,0.4,0.15763478498426092,0.26492048403569285,-10.0,0.688318168
