seed,data,criterion,geom_threshold,warm_start,method,K,silhouette,dunn,ari_true,runtime
2,EngyTime,silhouette,0.9,oct,True,2.0,0.3980326690666044,0.00025852433131516773,1.0,0.0
2,EngyTime,silhouette,0.9,oct,ICOT_local,2.0,0.5726643055635992,0.05867434691501183,0.0,34135.259258452
2,EngyTime,silhouette,0.9,oct,OCT,3.0,0.4337243672183856,0.00352598712520468,-10.0,1.41911473
2,EngyTime,silhouette,0.9,oct,kmeans_plus,3.0,0.4378670996929366,0.002508424660185718,-10.0,19.796573395
2,EngyTime,silhouette,0.9,oct,hclust,3.0,0.3790901309229524,0.005659890180429381,-10.0,17.142378849
2,EngyTime,silhouette,0.9,oct,gmm,3.0,0.4333476489780359,0.0019143963377128072,-10.0,1.034328602
2,EngyTime,silhouette,0.9,oct,dbscan,0.3,0.16050865500025896,0.010487179189725322,-10.0,2.297928145
