seed,data,criterion,geom_threshold,warm_start,method,K,silhouette,dunn,ari_true,runtime
4,EngyTime,silhouette,0.9,oct,True,2.0,0.39803266906660445,0.00025852433131516773,1.0,0.0
4,EngyTime,silhouette,0.9,oct,ICOT_local,2.0,0.5726643055635993,0.05867434691501183,0.0,28493.700993171
4,EngyTime,silhouette,0.9,oct,OCT,3.0,0.4337243672183856,0.00352598712520468,-10.0,1.223674958
4,EngyTime,silhouette,0.9,oct,kmeans_plus,3.0,0.4378670996929366,0.002508424660185718,-10.0,16.725024067
4,EngyTime,silhouette,0.9,oct,hclust,3.0,0.3790901309229524,0.005659890180429381,-10.0,21.587965565
4,EngyTime,silhouette,0.9,oct,gmm,3.0,0.4333029529534914,0.0019143963377128072,-10.0,1.21047874
4,EngyTime,silhouette,0.9,oct,dbscan,0.3,0.16050865500025896,0.010487179189725322,-10.0,2.109415735
