seed,data,criterion,method,K,silhouette,dunn,ari_true,runtime
4,EngyTime,dunnindex,True,2.0,0.3980326690666044,0.00025852433131516773,1.0,0.0
4,EngyTime,dunnindex,ICOT_local,2.0,0.39451104899698364,0.0640383583898727,0.0,20783.609658521
4,EngyTime,dunnindex,OCT,9.0,0.283767836398881,0.0017346913904846687,-10.0,1.983359595
4,EngyTime,dunnindex,kmeans_plus,9.0,0.3299212638356217,0.004450681269089438,-10.0,19.255977587
4,EngyTime,dunnindex,hclust,2.0,0.3732246065433146,0.01377078273472417,0.0012525376594728524,15.940615269
4,EngyTime,dunnindex,gmm,5.0,0.36285836748320666,0.005070687952923778,-10.0,1.810434875
4,EngyTime,dunnindex,dbscan,0.3,0.16050865500025896,0.010487179189725322,-10.0,2.593882422
