"seed","data","criterion","geom_threshold","warm_start","method","K","silhouette","dunn","ari_true","runtime"
3,"EngyTime","dunnindex",0.99,"oct","True",2,0.398032669066604,0.000258524331315168,1,0
3,"EngyTime","dunnindex",0.99,"oct","ICOT_local",2,0.394511048996984,0.0640383583898727,0,51717.891585301
3,"EngyTime","dunnindex",0.99,"oct","OCT",9,0.274424302813074,0.00165392942240242,-10,2.035758762
3,"EngyTime","dunnindex",0.99,"oct","kmeans_plus",9,0.329921263835622,0.00445068126908944,-10,19.99863883
3,"EngyTime","dunnindex",0.99,"oct","hclust",2,0.373224606543315,0.0137707827347242,0.00125253765947285,17.603949175
3,"EngyTime","dunnindex",0.99,"oct","gmm",7,0.342957777608354,0.00408741311096641,-10,1.985953544
3,"EngyTime","dunnindex",0.99,"oct","dbscan",0.3,0.160508655000259,0.0104871791897253,-10,2.830078652
