seed,data,criterion,method,K,silhouette,dunn,ari_true,runtime
2,EngyTime,dunnindex,True,2.0,0.3980326690666044,0.00025852433131516773,1.0,0.0
2,EngyTime,dunnindex,ICOT_local,2.0,0.39451104899698364,0.0640383583898727,0.0,35926.180582983
2,EngyTime,dunnindex,OCT,9.0,0.283767836398881,0.0017346913904846687,-10.0,1.834352127
2,EngyTime,dunnindex,kmeans_plus,9.0,0.3299212638356217,0.004450681269089438,-10.0,19.285464089
2,EngyTime,dunnindex,hclust,2.0,0.3732246065433146,0.01377078273472417,0.0012525376594728524,15.789923618
2,EngyTime,dunnindex,gmm,5.0,0.36289344918089833,0.005070687952923778,-10.0,1.806409088
2,EngyTime,dunnindex,dbscan,0.3,0.16050865500025896,0.010487179189725322,-10.0,2.530627774
