"seed","data","criterion","geom_threshold","warm_start","method","K","silhouette","dunn","ari_true","runtime"
1,"EngyTime","dunnindex",0.99,"oct","True",2,0.398032669066604,0.000258524331315168,1,0
1,"EngyTime","dunnindex",0.99,"oct","ICOT_local",2,0.394511048996984,0.0640383583898727,0,41989.506430395
1,"EngyTime","dunnindex",0.99,"oct","OCT",7,0.303680627501877,0.00123365697697533,-10,1.960570079
1,"EngyTime","dunnindex",0.99,"oct","kmeans_plus",7,0.340139942350781,0.00457959332953979,-10,19.924850628
1,"EngyTime","dunnindex",0.99,"oct","hclust",2,0.373224606543315,0.0137707827347242,0.00125253765947285,16.200725686
1,"EngyTime","dunnindex",0.99,"oct","gmm",10,0.3036976396236,0.00332816888468344,-10,1.83306675
1,"EngyTime","dunnindex",0.99,"oct","dbscan",0.3,0.160508655000259,0.0104871791897253,-10,2.830242103
