seed,data,criterion,method,K,silhouette,dunn,ari_true,runtime
3,EngyTime,silhouette,True,2.0,0.3980326690666044,0.00025852433131516773,1.0,0.0
3,EngyTime,silhouette,ICOT_local,2.0,0.5726643055635992,0.05867434691501183,0.0,3145.510793385
3,EngyTime,silhouette,OCT,3.0,0.4337243672183856,0.00352598712520468,-10.0,1.337097692
3,EngyTime,silhouette,kmeans_plus,3.0,0.4378670996929366,0.002508424660185718,-10.0,1.433937136
3,EngyTime,silhouette,hclust,3.0,0.3790901309229524,0.005659890180429381,-10.0,14.77677183
3,EngyTime,silhouette,gmm,3.0,0.43647429561951834,0.002775773817334893,-10.0,0.813633272
3,EngyTime,silhouette,dbscan,1.0,0.3790717127838923,0.07138684285303591,-10.0,1.019789758
