seed,data,criterion,geom_threshold,warm_start,method,K,silhouette,dunn,ari_true,runtime
3,EngyTime,dunnindex,0.9,oct,True,2.0,0.3980326690666044,0.00025852433131516773,1.0,0.0
3,EngyTime,dunnindex,0.9,oct,ICOT_local,2.0,0.39451104899698364,0.0640383583898727,0.0,102271.996899882
3,EngyTime,dunnindex,0.9,oct,OCT,9.0,0.2744243028130743,0.001653929422402421,-10.0,2.206399019
3,EngyTime,dunnindex,0.9,oct,kmeans_plus,9.0,0.3299212638356217,0.004450681269089438,-10.0,20.859427
3,EngyTime,dunnindex,0.9,oct,hclust,2.0,0.3732246065433146,0.01377078273472417,0.0012525376594728524,17.51070836
3,EngyTime,dunnindex,0.9,oct,gmm,7.0,0.34295777760835433,0.004087413110966413,-10.0,1.921892845
3,EngyTime,dunnindex,0.9,oct,dbscan,0.3,0.16050865500025896,0.010487179189725322,-10.0,3.03943234
