seed,data,criterion,geom_threshold,warm_start,method,K,silhouette,dunn,ari_true,runtime
5,EngyTime,dunnindex,0.9,oct,True,2.0,0.39803266906660445,0.00025852433131516773,1.0,0.0
5,EngyTime,dunnindex,0.9,oct,ICOT_local,6.0,0.3142664249938584,0.008442843008860555,-10.0,89897.343236127
5,EngyTime,dunnindex,0.9,oct,OCT,9.0,0.2837678363988809,0.0017346913904846687,-10.0,1.782247099
5,EngyTime,dunnindex,0.9,oct,kmeans_plus,9.0,0.3299212638356217,0.004450681269089438,-10.0,16.994461409
5,EngyTime,dunnindex,0.9,oct,hclust,2.0,0.3732246065433146,0.01377078273472417,0.0012525376594728524,17.213630099
5,EngyTime,dunnindex,0.9,oct,gmm,8.0,0.2783099776090874,0.004526313716901218,-10.0,1.995104861
5,EngyTime,dunnindex,0.9,oct,dbscan,0.3,0.16050865500025896,0.010487179189725322,-10.0,2.470352665
