"seed","data","criterion","geom_threshold","warm_start","method","K","silhouette","dunn","ari_true","runtime"
2,"EngyTime","silhouette",0.99,"oct","True",2,0.398032669066604,0.000258524331315168,1,0
2,"EngyTime","silhouette",0.99,"oct","ICOT_local",2,0.572664305563599,0.0586743469150118,0,3288.082997162
2,"EngyTime","silhouette",0.99,"oct","OCT",3,0.433724367218386,0.00352598712520468,-10,1.321959682
2,"EngyTime","silhouette",0.99,"oct","kmeans_plus",3,0.437867099692937,0.00250842466018572,-10,19.141611191
2,"EngyTime","silhouette",0.99,"oct","hclust",3,0.379090130922952,0.00565989018042938,-10,15.839022357
2,"EngyTime","silhouette",0.99,"oct","gmm",3,0.433347648978036,0.00191439633771281,-10,0.978634343
2,"EngyTime","silhouette",0.99,"oct","dbscan",0.3,0.160508655000259,0.0104871791897253,-10,2.049132341
