seed,data,criterion,method,K,silhouette,dunn,ari_true,runtime
2,EngyTime,silhouette,True,2.0,0.3980326690666044,0.00025852433131516773,1.0,0.0
2,EngyTime,silhouette,ICOT_local,2.0,0.5726643055635992,0.05867434691501183,0.0,3288.082997162
2,EngyTime,silhouette,OCT,3.0,0.4337243672183856,0.00352598712520468,-10.0,1.321959682
2,EngyTime,silhouette,kmeans_plus,3.0,0.4378670996929366,0.002508424660185718,-10.0,19.141611191
2,EngyTime,silhouette,hclust,3.0,0.3790901309229524,0.005659890180429381,-10.0,15.839022357
2,EngyTime,silhouette,gmm,3.0,0.4333476489780359,0.0019143963377128072,-10.0,0.978634343
2,EngyTime,silhouette,dbscan,0.3,0.16050865500025896,0.010487179189725322,-10.0,2.049132341
