seed,data,criterion,geom_threshold,warm_start,method,K,silhouette,dunn,ari_true,runtime
2,EngyTime,dunnindex,0.9,oct,True,2.0,0.3980326690666044,0.00025852433131516773,1.0,0.0
2,EngyTime,dunnindex,0.9,oct,ICOT_local,5.0,0.26343280759001725,0.0073232988255882425,-10.0,98616.61819584
2,EngyTime,dunnindex,0.9,oct,OCT,9.0,0.283767836398881,0.0017346913904846687,-10.0,1.830331752
2,EngyTime,dunnindex,0.9,oct,kmeans_plus,9.0,0.3299212638356217,0.004450681269089438,-10.0,19.009798267
2,EngyTime,dunnindex,0.9,oct,hclust,2.0,0.3732246065433146,0.01377078273472417,0.0012525376594728524,16.596428857
2,EngyTime,dunnindex,0.9,oct,gmm,5.0,0.36289344918089833,0.005070687952923778,-10.0,1.953959008
2,EngyTime,dunnindex,0.9,oct,dbscan,0.3,0.16050865500025896,0.010487179189725322,-10.0,2.799640615
