seed,data,criterion,method,K,silhouette,dunn,ari_true,runtime
3,EngyTime,dunnindex,True,2.0,0.3980326690666044,0.00025852433131516773,1.0,0.0
3,EngyTime,dunnindex,ICOT_local,2.0,0.39451104899698364,0.0640383583898727,0.0,51717.891585301
3,EngyTime,dunnindex,OCT,9.0,0.2744243028130743,0.001653929422402421,-10.0,2.035758762
3,EngyTime,dunnindex,kmeans_plus,9.0,0.3299212638356217,0.004450681269089438,-10.0,19.99863883
3,EngyTime,dunnindex,hclust,2.0,0.3732246065433146,0.01377078273472417,0.0012525376594728524,17.603949175
3,EngyTime,dunnindex,gmm,7.0,0.34295777760835433,0.004087413110966413,-10.0,1.985953544
3,EngyTime,dunnindex,dbscan,0.3,0.16050865500025896,0.010487179189725322,-10.0,2.830078652
