"seed","data","criterion","geom_threshold","warm_start","method","K","silhouette","dunn","ari_true","runtime"
1,"EngyTime","silhouette",0.99,"oct","True",2,0.398032669066604,0.000258524331315168,1,0
1,"EngyTime","silhouette",0.99,"oct","ICOT_local",2,0.572664305563599,0.0586743469150118,0,3063.095924985
1,"EngyTime","silhouette",0.99,"oct","OCT",3,0.433724367218386,0.00352598712520468,-10,1.184433255
1,"EngyTime","silhouette",0.99,"oct","kmeans_plus",3,0.437867099692937,0.00250842466018572,-10,15.9389313
1,"EngyTime","silhouette",0.99,"oct","hclust",3,0.379090130922952,0.00565989018042938,-10,15.06335427
1,"EngyTime","silhouette",0.99,"oct","gmm",3,0.433347648978036,0.00191439633771281,-10,0.783397381
1,"EngyTime","silhouette",0.99,"oct","dbscan",0.3,0.160508655000259,0.0104871791897253,-10,1.736670002
