seed,data,criterion,method,K,silhouette,dunn,ari_true,runtime
1,Hepta,dunnindex,True,7.0,0.7017012208742637,1.0761834076521397,1.0,0.0
1,Hepta,dunnindex,ICOT_local,4.0,0.4491792676816866,0.3574752234387749,-10.0,9.331739246
1,Hepta,dunnindex,OCT,7.0,0.37297545602465615,0.027441712311285647,0.4924256910758499,0.075675541
1,Hepta,dunnindex,kmeans_plus,7.0,0.7017012208742637,1.0761834076521397,1.0,0.470935696
1,Hepta,dunnindex,hclust,7.0,0.7017012208742637,1.0761834076521397,1.0,0.525691428
1,Hepta,dunnindex,gmm,7.0,0.7017012208742637,1.0761834076521397,1.0,0.173081041
1,Hepta,dunnindex,dbscan,1.0,0.7017012208742637,1.0761834076521397,-10.0,0.383329753
