seed,data,criterion,geom_threshold,warm_start,method,K,silhouette,dunn,ari_true,runtime
5,Hepta,dunnindex,0.9,none,True,7.0,0.7017012208742637,1.0761834076521397,1.0,0.0
5,Hepta,dunnindex,0.9,none,ICOT_local,4.0,0.4491792676816866,0.3574752234387749,-10.0,38.013815321
5,Hepta,dunnindex,0.9,none,OCT,7.0,0.3765701115028053,0.027441712311285647,0.4927594520347346,0.068786115
5,Hepta,dunnindex,0.9,none,kmeans_plus,7.0,0.7017012208742637,1.0761834076521397,1.0,0.412148868
5,Hepta,dunnindex,0.9,none,hclust,7.0,0.7017012208742637,1.0761834076521397,1.0,0.465282512
5,Hepta,dunnindex,0.9,none,gmm,4.0,0.4522441874626679,0.3542102027243474,-10.0,0.183905645
5,Hepta,dunnindex,0.9,none,dbscan,1.0,0.7017012208742637,1.0761834076521397,-10.0,0.405076075
