seed,data,criterion,method,K,silhouette,dunn,ari_true,runtime
1,Hepta,silhouette,True,7.0,0.7017012208742637,1.0761834076521397,1.0,0.0
1,Hepta,silhouette,ICOT_local,4.0,0.4550718071196788,0.34253336531800727,-10.0,78.252162946
1,Hepta,silhouette,OCT,7.0,0.37297545602465615,0.027441712311285647,0.4924256910758499,0.337886318
1,Hepta,silhouette,kmeans_plus,7.0,0.7017012208742637,1.0761834076521397,1.0,0.444421781
1,Hepta,silhouette,hclust,7.0,0.7017012208742637,1.0761834076521397,1.0,0.572004422
1,Hepta,silhouette,gmm,7.0,0.7017012208742637,1.0761834076521397,1.0,0.159073678
1,Hepta,silhouette,dbscan,1.0,0.7017012208742637,1.0761834076521397,-10.0,0.383976477
