seed,data,criterion,method,K,silhouette,dunn,ari_true,runtime
5,Hepta,dunnindex,True,7.0,0.7017012208742637,1.0761834076521397,1.0,0.0
5,Hepta,dunnindex,ICOT_local,4.0,0.4491792676816866,0.3574752234387749,-10.0,10.262504706
5,Hepta,dunnindex,OCT,6.0,0.40754900388156584,0.042154453933565,-10.0,0.05896095
5,Hepta,dunnindex,kmeans_plus,6.0,0.652122490252214,0.5311229380683736,-10.0,0.112820389
5,Hepta,dunnindex,hclust,7.0,0.7017012208742637,1.0761834076521397,1.0,0.602131179
5,Hepta,dunnindex,gmm,7.0,0.7017012208742637,1.0761834076521397,1.0,0.175817016
5,Hepta,dunnindex,dbscan,1.0,0.7017012208742637,1.0761834076521397,-10.0,0.255927454
