seed,data,criterion,geom_threshold,warm_start,method,K,silhouette,dunn,ari_true,runtime
3,Hepta,silhouette,0.9,none,True,7.0,0.7017012208742637,1.0761834076521397,1.0,0.0
3,Hepta,silhouette,0.9,none,ICOT_local,4.0,0.4550718071196788,0.34253336531800727,-10.0,27.810644045
3,Hepta,silhouette,0.9,none,OCT,7.0,0.37297545602465615,0.027441712311285647,0.4924256910758499,0.218699719
3,Hepta,silhouette,0.9,none,kmeans_plus,7.0,0.7017012208742637,1.0761834076521397,1.0,0.460831788
3,Hepta,silhouette,0.9,none,hclust,7.0,0.7017012208742637,1.0761834076521397,1.0,0.34888001
3,Hepta,silhouette,0.9,none,gmm,7.0,0.5836451677030557,0.09651795720719102,0.8206613525741673,0.161136474
3,Hepta,silhouette,0.9,none,dbscan,1.0,0.7017012208742637,1.0761834076521397,-10.0,0.474927371
