seed,data,criterion,method,K,silhouette,dunn,ari_true,runtime
4,Hepta,dunnindex,True,7.0,0.7017012208742637,1.0761834076521397,1.0,0.0
4,Hepta,dunnindex,ICOT_local,4.0,0.4491792676816866,0.3574752234387749,-10.0,9.612596886
4,Hepta,dunnindex,OCT,7.0,0.37297545602465615,0.027441712311285647,0.4924256910758499,0.059079445
4,Hepta,dunnindex,kmeans_plus,7.0,0.7017012208742637,1.0761834076521397,1.0,0.451029792
4,Hepta,dunnindex,hclust,7.0,0.7017012208742637,1.0761834076521397,1.0,0.516466882
4,Hepta,dunnindex,gmm,4.0,0.4264281928075905,0.35457513285928655,-10.0,0.175522911
4,Hepta,dunnindex,dbscan,1.0,0.7017012208742637,1.0761834076521397,-10.0,0.351680938
