seed,data,criterion,geom_threshold,warm_start,method,K,silhouette,dunn,ari_true,runtime
4,Hepta,dunnindex,0.9,oct,True,7.0,0.7017012208742637,1.0761834076521397,1.0,0.0
4,Hepta,dunnindex,0.9,oct,ICOT_local,4.0,0.4491792676816866,0.3574752234387749,-10.0,15.619016952
4,Hepta,dunnindex,0.9,oct,OCT,7.0,0.37297545602465615,0.027441712311285647,0.4924256910758499,0.065049299
4,Hepta,dunnindex,0.9,oct,kmeans_plus,7.0,0.7017012208742637,1.0761834076521397,1.0,0.507654193
4,Hepta,dunnindex,0.9,oct,hclust,7.0,0.7017012208742637,1.0761834076521397,1.0,0.538310792
4,Hepta,dunnindex,0.9,oct,gmm,4.0,0.4264281928075905,0.35457513285928655,-10.0,0.172475612
4,Hepta,dunnindex,0.9,oct,dbscan,1.0,0.7017012208742637,1.0761834076521397,-10.0,0.367403081
