"seed","data","criterion","geom_threshold","warm_start","method","K","silhouette","dunn","ari_true","runtime"
2,"Hepta","dunnindex",0.99,"oct","True",7,0.701701220874264,1.07618340765214,1,0
2,"Hepta","dunnindex",0.99,"oct","ICOT_local",4,0.449179267681687,0.357475223438775,-10,9.726660208
2,"Hepta","dunnindex",0.99,"oct","OCT",7,0.372988625145858,0.0274417123112856,0.490513354367595,0.05744419
2,"Hepta","dunnindex",0.99,"oct","kmeans_plus",7,0.701701220874264,1.07618340765214,1,0.370223145
2,"Hepta","dunnindex",0.99,"oct","hclust",7,0.701701220874264,1.07618340765214,1,0.613600475
2,"Hepta","dunnindex",0.99,"oct","gmm",5,0.539329774550637,0.351974840536907,-10,0.172585351
2,"Hepta","dunnindex",0.99,"oct","dbscan",1,0.701701220874264,1.07618340765214,-10,0.372827861
