seed,data,criterion,geom_threshold,warm_start,method,K,silhouette,dunn,ari_true,runtime
1,Hepta,dunnindex,0.0,oct,True,7.0,0.7017012208742637,1.0761834076521397,1.0,0.0
1,Hepta,dunnindex,0.0,oct,ICOT_local,4.0,0.4491792676816866,0.3574752234387749,-10.0,110.744051991
1,Hepta,dunnindex,0.0,oct,OCT,7.0,0.37297545602465615,0.027441712311285647,0.4924256910758499,0.0748996
1,Hepta,dunnindex,0.0,oct,kmeans_plus,7.0,0.7017012208742637,1.0761834076521397,1.0,0.572618881
1,Hepta,dunnindex,0.0,oct,hclust,7.0,0.7017012208742637,1.0761834076521397,1.0,0.678836549
1,Hepta,dunnindex,0.0,oct,gmm,7.0,0.7017012208742637,1.0761834076521397,1.0,0.180676348
1,Hepta,dunnindex,0.0,oct,dbscan,1.0,0.7017012208742637,1.0761834076521397,-10.0,0.374496993
