seed,data,criterion,method,K,silhouette,dunn,ari_true,runtime
5,Hepta,dunnindex,True,7.0,0.7017012208742637,1.0761834076521397,1.0,0.0
5,Hepta,dunnindex,ICOT_local,4.0,0.410202851845909,0.2711591220006275,-10.0,9.576927999
5,Hepta,dunnindex,OCT,7.0,0.3765701115028053,0.027441712311285647,0.4927594520347346,0.061020053
5,Hepta,dunnindex,kmeans_plus,7.0,0.7017012208742637,1.0761834076521397,1.0,0.37740443
5,Hepta,dunnindex,hclust,7.0,0.7017012208742637,1.0761834076521397,1.0,0.626560088
5,Hepta,dunnindex,gmm,4.0,0.4522441874626679,0.3542102027243474,-10.0,0.173614892
5,Hepta,dunnindex,dbscan,1.0,0.7017012208742637,1.0761834076521397,-10.0,0.372722366
