"seed","data","criterion","geom_threshold","warm_start","method","K","silhouette","dunn","ari_true","runtime"
5,"Hepta","dunnindex",0.99,"oct","True",7,0.701701220874264,1.07618340765214,1,0
5,"Hepta","dunnindex",0.99,"oct","ICOT_local",4,0.410202851845909,0.271159122000627,-10,9.576927999
5,"Hepta","dunnindex",0.99,"oct","OCT",7,0.376570111502805,0.0274417123112856,0.492759452034735,0.061020053
5,"Hepta","dunnindex",0.99,"oct","kmeans_plus",7,0.701701220874264,1.07618340765214,1,0.37740443
5,"Hepta","dunnindex",0.99,"oct","hclust",7,0.701701220874264,1.07618340765214,1,0.626560088
5,"Hepta","dunnindex",0.99,"oct","gmm",4,0.452244187462668,0.354210202724347,-10,0.173614892
5,"Hepta","dunnindex",0.99,"oct","dbscan",1,0.701701220874264,1.07618340765214,-10,0.372722366
