seed,data,criterion,method,K,silhouette,dunn,ari_true,runtime
3,Hepta,silhouette,True,7.0,0.7017012208742637,1.0761834076521397,1.0,0.0
3,Hepta,silhouette,ICOT_local,4.0,0.4550718071196788,0.34253336531800727,-10.0,73.653530047
3,Hepta,silhouette,OCT,7.0,0.37297545602465615,0.027441712311285647,0.4924256910758499,0.14562496
3,Hepta,silhouette,kmeans_plus,7.0,0.7017012208742637,1.0761834076521397,1.0,0.642912921
3,Hepta,silhouette,hclust,7.0,0.7017012208742637,1.0761834076521397,1.0,0.56729335
3,Hepta,silhouette,gmm,7.0,0.5836451677030557,0.09651795720719102,0.8206613525741673,0.17711524
3,Hepta,silhouette,dbscan,1.0,0.7017012208742637,1.0761834076521397,-10.0,0.360291668
