seed,data,criterion,geom_threshold,warm_start,method,K,silhouette,dunn,ari_true,runtime
3,Hepta,dunnindex,0.99,none,True,7.0,0.7017012208742637,1.0761834076521397,1.0,0.0
3,Hepta,dunnindex,0.99,none,ICOT_local,4.0,0.4491792676816866,0.3574752234387749,-10.0,28.347490757
3,Hepta,dunnindex,0.99,none,OCT,7.0,0.37297545602465615,0.027441712311285647,0.4924256910758499,0.064525828
3,Hepta,dunnindex,0.99,none,kmeans_plus,7.0,0.7017012208742637,1.0761834076521397,1.0,0.419412265
3,Hepta,dunnindex,0.99,none,hclust,7.0,0.7017012208742637,1.0761834076521397,1.0,0.540128635
3,Hepta,dunnindex,0.99,none,gmm,2.0,0.09891455491247489,0.27461073520537177,-10.0,0.184449962
3,Hepta,dunnindex,0.99,none,dbscan,1.0,0.7017012208742637,1.0761834076521397,-10.0,0.382923252
