seed,data,criterion,geom_threshold,warm_start,method,K,silhouette,dunn,ari_true,runtime
4,Hepta,silhouette,0.99,none,True,7.0,0.7017012208742637,1.0761834076521397,1.0,0.0
4,Hepta,silhouette,0.99,none,ICOT_local,4.0,0.4550718071196788,0.34253336531800727,-10.0,23.524629707
4,Hepta,silhouette,0.99,none,OCT,7.0,0.37297545602465615,0.027441712311285647,0.4924256910758499,0.066112453
4,Hepta,silhouette,0.99,none,kmeans_plus,7.0,0.7017012208742637,1.0761834076521397,1.0,0.494170024
4,Hepta,silhouette,0.99,none,hclust,7.0,0.7017012208742637,1.0761834076521397,1.0,0.588063707
4,Hepta,silhouette,0.99,none,gmm,9.0,0.5892599416816287,0.1622665737471999,-10.0,0.194340614
4,Hepta,silhouette,0.99,none,dbscan,1.0,0.7017012208742637,1.0761834076521397,-10.0,0.366600174
