"seed","data","criterion","geom_threshold","warm_start","method","K","silhouette","dunn","ari_true","runtime"
3,"Hepta","dunnindex",0.99,"oct","True",7,0.701701220874264,1.07618340765214,1,0
3,"Hepta","dunnindex",0.99,"oct","ICOT_local",4,0.449179267681687,0.357475223438775,-10,9.470732387
3,"Hepta","dunnindex",0.99,"oct","OCT",7,0.372975456024656,0.0274417123112856,0.49242569107585,0.0576823
3,"Hepta","dunnindex",0.99,"oct","kmeans_plus",7,0.701701220874264,1.07618340765214,1,0.429730121
3,"Hepta","dunnindex",0.99,"oct","hclust",7,0.701701220874264,1.07618340765214,1,0.519584267
3,"Hepta","dunnindex",0.99,"oct","gmm",2,0.0989145549124749,0.274610735205372,-10,0.175229168
3,"Hepta","dunnindex",0.99,"oct","dbscan",1,0.701701220874264,1.07618340765214,-10,0.377489375
