seed,data,criterion,geom_threshold,warm_start,method,K,silhouette,dunn,ari_true,runtime
3,Hepta,silhouette,0.99,none,True,7.0,0.7017012208742637,1.0761834076521397,1.0,0.0
3,Hepta,silhouette,0.99,none,ICOT_local,4.0,0.4550718071196788,0.34253336531800727,-10.0,21.296944002
3,Hepta,silhouette,0.99,none,OCT,7.0,0.37297545602465615,0.027441712311285647,0.4924256910758499,0.139126917
3,Hepta,silhouette,0.99,none,kmeans_plus,7.0,0.7017012208742637,1.0761834076521397,1.0,0.454396199
3,Hepta,silhouette,0.99,none,hclust,7.0,0.7017012208742637,1.0761834076521397,1.0,0.565907176
3,Hepta,silhouette,0.99,none,gmm,7.0,0.5836451677030557,0.09651795720719102,0.8206613525741673,0.17931121
3,Hepta,silhouette,0.99,none,dbscan,1.0,0.7017012208742637,1.0761834076521397,-10.0,0.341059711
