seed,data,criterion,geom_threshold,warm_start,method,K,silhouette,dunn,ari_true,runtime
3,Hepta,silhouette,0.9,oct,True,7.0,0.7017012208742637,1.0761834076521397,1.0,0.0
3,Hepta,silhouette,0.9,oct,ICOT_local,4.0,0.4550718071196788,0.34253336531800727,-10.0,12.83121212
3,Hepta,silhouette,0.9,oct,OCT,7.0,0.37297545602465615,0.027441712311285647,0.4924256910758499,0.065275417
3,Hepta,silhouette,0.9,oct,kmeans_plus,7.0,0.7017012208742637,1.0761834076521397,1.0,0.410158338
3,Hepta,silhouette,0.9,oct,hclust,7.0,0.7017012208742637,1.0761834076521397,1.0,0.484564213
3,Hepta,silhouette,0.9,oct,gmm,7.0,0.5836451677030557,0.09651795720719102,0.8206613525741673,0.178947856
3,Hepta,silhouette,0.9,oct,dbscan,1.0,0.7017012208742637,1.0761834076521397,-10.0,0.800538904
