seed,data,criterion,geom_threshold,warm_start,method,K,silhouette,dunn,ari_true,runtime
4,Hepta,silhouette,0.0,oct,True,7.0,0.7017012208742637,1.0761834076521397,1.0,0.0
4,Hepta,silhouette,0.0,oct,ICOT_local,4.0,0.4550718071196788,0.34253336531800727,-10.0,60.976260436
4,Hepta,silhouette,0.0,oct,OCT,7.0,0.37297545602465615,0.027441712311285647,0.4924256910758499,0.076862929
4,Hepta,silhouette,0.0,oct,kmeans_plus,7.0,0.7017012208742637,1.0761834076521397,1.0,0.484197651
4,Hepta,silhouette,0.0,oct,hclust,7.0,0.7017012208742637,1.0761834076521397,1.0,0.616107036
4,Hepta,silhouette,0.0,oct,gmm,9.0,0.5892599416816287,0.1622665737471999,-10.0,0.180189029
4,Hepta,silhouette,0.0,oct,dbscan,1.0,0.7017012208742637,1.0761834076521397,-10.0,0.503763063
