seed,data,criterion,method,K,silhouette,dunn,ari_true,runtime
2,Hepta,silhouette,True,7.0,0.7017012208742637,1.0761834076521397,1.0,0.0
2,Hepta,silhouette,ICOT_local,4.0,0.4550718071196788,0.34253336531800727,-10.0,70.354270317
2,Hepta,silhouette,OCT,7.0,0.37298862514585834,0.027441712311285647,0.49051335436759486,0.065242169
2,Hepta,silhouette,kmeans_plus,7.0,0.7017012208742637,1.0761834076521397,1.0,0.476842556
2,Hepta,silhouette,hclust,7.0,0.7017012208742637,1.0761834076521397,1.0,0.582617928
2,Hepta,silhouette,gmm,7.0,0.5718525002285686,0.10656111106823811,0.8189701558111179,0.162853262
2,Hepta,silhouette,dbscan,1.0,0.7017012208742637,1.0761834076521397,-10.0,0.404729961
