seed,data,criterion,method,K,silhouette,dunn,ari_true,runtime
2,Hepta,dunnindex,True,7.0,0.7017012208742637,1.0761834076521397,1.0,0.0
2,Hepta,dunnindex,ICOT_local,4.0,0.4491792676816866,0.3574752234387749,-10.0,9.726660208
2,Hepta,dunnindex,OCT,7.0,0.37298862514585834,0.027441712311285647,0.49051335436759486,0.05744419
2,Hepta,dunnindex,kmeans_plus,7.0,0.7017012208742637,1.0761834076521397,1.0,0.370223145
2,Hepta,dunnindex,hclust,7.0,0.7017012208742637,1.0761834076521397,1.0,0.613600475
2,Hepta,dunnindex,gmm,5.0,0.5393297745506375,0.3519748405369068,-10.0,0.172585351
2,Hepta,dunnindex,dbscan,1.0,0.7017012208742637,1.0761834076521397,-10.0,0.372827861
