seed,data,criterion,geom_threshold,warm_start,method,K,silhouette,dunn,ari_true,runtime
4,Hepta,silhouette,0.9,oct,True,7.0,0.7017012208742637,1.0761834076521397,1.0,0.0
4,Hepta,silhouette,0.9,oct,ICOT_local,4.0,0.4550718071196788,0.34253336531800727,-10.0,12.795705562
4,Hepta,silhouette,0.9,oct,OCT,7.0,0.37297545602465615,0.027441712311285647,0.4924256910758499,0.078610463
4,Hepta,silhouette,0.9,oct,kmeans_plus,7.0,0.7017012208742637,1.0761834076521397,1.0,0.433134195
4,Hepta,silhouette,0.9,oct,hclust,7.0,0.7017012208742637,1.0761834076521397,1.0,0.542722361
4,Hepta,silhouette,0.9,oct,gmm,9.0,0.5892599416816287,0.1622665737471999,-10.0,0.163614754
4,Hepta,silhouette,0.9,oct,dbscan,1.0,0.7017012208742637,1.0761834076521397,-10.0,0.527063659
