seed,data,criterion,geom_threshold,warm_start,method,K,silhouette,dunn,ari_true,runtime
5,Hepta,silhouette,0.0,oct,True,7.0,0.7017012208742637,1.0761834076521397,1.0,0.0
5,Hepta,silhouette,0.0,oct,ICOT_local,4.0,0.4550718071196788,0.34253336531800727,-10.0,60.977309879
5,Hepta,silhouette,0.0,oct,OCT,7.0,0.3765701115028053,0.027441712311285647,0.4927594520347346,0.068794607
5,Hepta,silhouette,0.0,oct,kmeans_plus,7.0,0.7017012208742637,1.0761834076521397,1.0,0.401651515
5,Hepta,silhouette,0.0,oct,hclust,7.0,0.7017012208742637,1.0761834076521397,1.0,0.656220597
5,Hepta,silhouette,0.0,oct,gmm,10.0,0.5921435843943889,0.14500613456908357,-10.0,0.160414687
5,Hepta,silhouette,0.0,oct,dbscan,1.0,0.7017012208742637,1.0761834076521397,-10.0,0.364391885
