seed,data,criterion,method,K,silhouette,dunn,ari_true,runtime
3,Hepta,dunnindex,True,7.0,0.7017012208742637,1.0761834076521397,1.0,0.0
3,Hepta,dunnindex,ICOT_local,4.0,0.4491792676816866,0.3574752234387749,-10.0,9.470732387
3,Hepta,dunnindex,OCT,7.0,0.37297545602465615,0.027441712311285647,0.4924256910758499,0.0576823
3,Hepta,dunnindex,kmeans_plus,7.0,0.7017012208742637,1.0761834076521397,1.0,0.429730121
3,Hepta,dunnindex,hclust,7.0,0.7017012208742637,1.0761834076521397,1.0,0.519584267
3,Hepta,dunnindex,gmm,2.0,0.09891455491247489,0.27461073520537177,-10.0,0.175229168
3,Hepta,dunnindex,dbscan,1.0,0.7017012208742637,1.0761834076521397,-10.0,0.377489375
