"seed","data","criterion","geom_threshold","warm_start","method","K","silhouette","dunn","ari_true","runtime"
4,"Hepta","dunnindex",0.99,"oct","True",7,0.701701220874264,1.07618340765214,1,0
4,"Hepta","dunnindex",0.99,"oct","ICOT_local",4,0.449179267681687,0.357475223438775,-10,9.612596886
4,"Hepta","dunnindex",0.99,"oct","OCT",7,0.372975456024656,0.0274417123112856,0.49242569107585,0.059079445
4,"Hepta","dunnindex",0.99,"oct","kmeans_plus",7,0.701701220874264,1.07618340765214,1,0.451029792
4,"Hepta","dunnindex",0.99,"oct","hclust",7,0.701701220874264,1.07618340765214,1,0.516466882
4,"Hepta","dunnindex",0.99,"oct","gmm",4,0.42642819280759,0.354575132859287,-10,0.175522911
4,"Hepta","dunnindex",0.99,"oct","dbscan",1,0.701701220874264,1.07618340765214,-10,0.351680938
