seed,data,criterion,method,K,silhouette,dunn,ari_true,runtime
5,Hepta,silhouette,True,7.0,0.7017012208742637,1.0761834076521397,1.0,0.0
5,Hepta,silhouette,ICOT_local,4.0,0.4550718071196788,0.34253336531800727,-10.0,12.519964094
5,Hepta,silhouette,OCT,8.0,0.30392570100418076,0.02843962467478616,-10.0,0.114390377
5,Hepta,silhouette,kmeans_plus,8.0,0.6527367251597509,0.1888062708963862,-10.0,0.122943667
5,Hepta,silhouette,hclust,7.0,0.7017012208742637,1.0761834076521397,1.0,0.505690718
5,Hepta,silhouette,gmm,7.0,0.7017012208742637,1.0761834076521397,1.0,0.176025772
5,Hepta,silhouette,dbscan,1.0,0.7017012208742637,1.0761834076521397,-10.0,0.234359151
