seed,data,criterion,geom_threshold,warm_start,method,K,silhouette,dunn,ari_true,runtime
4,Hepta,dunnindex,0.0,none,True,7.0,0.7017012208742637,1.0761834076521397,1.0,0.0
4,Hepta,dunnindex,0.0,none,ICOT_local,4.0,0.4491792676816866,0.3574752234387749,-10.0,122.789520711
4,Hepta,dunnindex,0.0,none,OCT,7.0,0.37297545602465615,0.027441712311285647,0.4924256910758499,0.064549727
4,Hepta,dunnindex,0.0,none,kmeans_plus,7.0,0.7017012208742637,1.0761834076521397,1.0,0.444046526
4,Hepta,dunnindex,0.0,none,hclust,7.0,0.7017012208742637,1.0761834076521397,1.0,0.54431443
4,Hepta,dunnindex,0.0,none,gmm,4.0,0.4264281928075905,0.35457513285928655,-10.0,0.219074234
4,Hepta,dunnindex,0.0,none,dbscan,1.0,0.7017012208742637,1.0761834076521397,-10.0,0.347304821
