"seed","data","criterion","geom_threshold","warm_start","method","K","silhouette","dunn","ari_true","runtime"
3,"Hepta","silhouette",0.99,"oct","True",7,0.701701220874264,1.07618340765214,1,0
3,"Hepta","silhouette",0.99,"oct","ICOT_local",4,0.455071807119679,0.342533365318007,-10,8.494326164
3,"Hepta","silhouette",0.99,"oct","OCT",7,0.372975456024656,0.0274417123112856,0.49242569107585,0.059256401
3,"Hepta","silhouette",0.99,"oct","kmeans_plus",7,0.701701220874264,1.07618340765214,1,0.374269174
3,"Hepta","silhouette",0.99,"oct","hclust",7,0.701701220874264,1.07618340765214,1,0.626308934
3,"Hepta","silhouette",0.99,"oct","gmm",7,0.583645167703056,0.096517957207191,0.820661352574167,0.166215268
3,"Hepta","silhouette",0.99,"oct","dbscan",1,0.701701220874264,1.07618340765214,-10,0.32524758
