seed,data,criterion,method,K,silhouette,dunn,ari_true,runtime
2,Hepta,silhouette,True,7.0,0.7017012208742637,1.0761834076521397,1.0,0.0
2,Hepta,silhouette,ICOT_local,4.0,0.4550718071196788,0.34253336531800727,-10.0,8.586359442
2,Hepta,silhouette,OCT,7.0,0.37298862514585834,0.027441712311285647,0.49051335436759486,0.05733018
2,Hepta,silhouette,kmeans_plus,7.0,0.7017012208742637,1.0761834076521397,1.0,0.422833376
2,Hepta,silhouette,hclust,7.0,0.7017012208742637,1.0761834076521397,1.0,0.563386194
2,Hepta,silhouette,gmm,7.0,0.5718525002285686,0.10656111106823811,0.8189701558111179,0.161257943
2,Hepta,silhouette,dbscan,1.0,0.7017012208742637,1.0761834076521397,-10.0,0.323132068
