seed,data,criterion,method,K,silhouette,dunn,ari_true,runtime
2,Hepta,silhouette,True,7.0,0.7017012208742637,1.0761834076521397,1.0,0.0
2,Hepta,silhouette,ICOT_local,4.0,0.4550718071196788,0.34253336531800727,-10.0,12.227460996
2,Hepta,silhouette,OCT,8.0,0.3227113083331477,0.02843962467478616,-10.0,0.101017788
2,Hepta,silhouette,kmeans_plus,8.0,0.6527367251597509,0.1888062708963862,-10.0,0.067957184
2,Hepta,silhouette,hclust,7.0,0.7017012208742637,1.0761834076521397,1.0,0.465285033
2,Hepta,silhouette,gmm,7.0,0.7017012208742637,1.0761834076521397,1.0,0.17545304
2,Hepta,silhouette,dbscan,1.0,0.7017012208742637,1.0761834076521397,-10.0,0.159233809
