"seed","data","criterion","geom_threshold","warm_start","method","K","silhouette","dunn","ari_true","runtime"
2,"Hepta","silhouette",0.99,"oct","True",7,0.701701220874264,1.07618340765214,1,0
2,"Hepta","silhouette",0.99,"oct","ICOT_local",4,0.455071807119679,0.342533365318007,-10,8.586359442
2,"Hepta","silhouette",0.99,"oct","OCT",7,0.372988625145858,0.0274417123112856,0.490513354367595,0.05733018
2,"Hepta","silhouette",0.99,"oct","kmeans_plus",7,0.701701220874264,1.07618340765214,1,0.422833376
2,"Hepta","silhouette",0.99,"oct","hclust",7,0.701701220874264,1.07618340765214,1,0.563386194
2,"Hepta","silhouette",0.99,"oct","gmm",7,0.571852500228569,0.106561111068238,0.818970155811118,0.161257943
2,"Hepta","silhouette",0.99,"oct","dbscan",1,0.701701220874264,1.07618340765214,-10,0.323132068
