seed,data,criterion,geom_threshold,warm_start,method,K,silhouette,dunn,ari_true,runtime
3,Hepta,dunnindex,0.9,oct,True,7.0,0.7017012208742637,1.0761834076521397,1.0,0.0
3,Hepta,dunnindex,0.9,oct,ICOT_local,4.0,0.4074408633837303,0.2715052517095797,-10.0,16.532480632
3,Hepta,dunnindex,0.9,oct,OCT,7.0,0.37297545602465615,0.027441712311285647,0.4924256910758499,0.073894294
3,Hepta,dunnindex,0.9,oct,kmeans_plus,7.0,0.7017012208742637,1.0761834076521397,1.0,0.473314331
3,Hepta,dunnindex,0.9,oct,hclust,7.0,0.7017012208742637,1.0761834076521397,1.0,0.556279975
3,Hepta,dunnindex,0.9,oct,gmm,2.0,0.09891455491247489,0.27461073520537177,-10.0,0.190545873
3,Hepta,dunnindex,0.9,oct,dbscan,1.0,0.7017012208742637,1.0761834076521397,-10.0,0.333847617
