seed,data,criterion,geom_threshold,warm_start,method,K,silhouette,dunn,ari_true,runtime
5,Hepta,dunnindex,0.9,oct,True,7.0,0.7017012208742637,1.0761834076521397,1.0,0.0
5,Hepta,dunnindex,0.9,oct,ICOT_local,4.0,0.4491792676816866,0.3574752234387749,-10.0,18.208811076
5,Hepta,dunnindex,0.9,oct,OCT,7.0,0.3765701115028053,0.027441712311285647,0.4927594520347346,0.067323534
5,Hepta,dunnindex,0.9,oct,kmeans_plus,7.0,0.7017012208742637,1.0761834076521397,1.0,0.468071146
5,Hepta,dunnindex,0.9,oct,hclust,7.0,0.7017012208742637,1.0761834076521397,1.0,0.584049107
5,Hepta,dunnindex,0.9,oct,gmm,4.0,0.4522441874626679,0.3542102027243474,-10.0,0.183540625
5,Hepta,dunnindex,0.9,oct,dbscan,1.0,0.7017012208742637,1.0761834076521397,-10.0,0.356007243
