seed,data,criterion,method,K,silhouette,dunn,ari_true,runtime
5,Hepta,dunnindex,True,7.0,0.7017012208742637,1.0761834076521397,1.0,0.0
5,Hepta,dunnindex,ICOT_local,4.0,0.4491792676816866,0.3574752234387749,-10.0,121.146026806
5,Hepta,dunnindex,OCT,7.0,0.3765701115028053,0.027441712311285647,0.4927594520347346,0.090147725
5,Hepta,dunnindex,kmeans_plus,7.0,0.7017012208742637,1.0761834076521397,1.0,0.422752583
5,Hepta,dunnindex,hclust,7.0,0.7017012208742637,1.0761834076521397,1.0,0.675184907
5,Hepta,dunnindex,gmm,4.0,0.4522441874626679,0.3542102027243474,-10.0,0.195843436
5,Hepta,dunnindex,dbscan,1.0,0.7017012208742637,1.0761834076521397,-10.0,0.422780112
