seed,data,criterion,method,K,silhouette,dunn,ari_true,runtime
1,Hepta,dunnindex,True,7.0,0.7017012208742637,1.0761834076521397,1.0,0.0
1,Hepta,dunnindex,ICOT_local,4.0,0.4074408633837303,0.2715052517095797,-10.0,9.79559644
1,Hepta,dunnindex,OCT,7.0,0.37297545602465615,0.027441712311285647,0.4924256910758499,0.074957575
1,Hepta,dunnindex,kmeans_plus,7.0,0.7017012208742637,1.0761834076521397,1.0,0.493723901
1,Hepta,dunnindex,hclust,7.0,0.7017012208742637,1.0761834076521397,1.0,0.668001277
1,Hepta,dunnindex,gmm,7.0,0.7017012208742637,1.0761834076521397,1.0,0.174719208
1,Hepta,dunnindex,dbscan,1.0,0.7017012208742637,1.0761834076521397,-10.0,0.384106357
