seed,data,criterion,method,K,silhouette,dunn,ari_true,runtime
4,Hepta,silhouette,True,7.0,0.7017012208742637,1.0761834076521397,1.0,0.0
4,Hepta,silhouette,ICOT_local,4.0,0.4550718071196788,0.34253336531800727,-10.0,8.456327894
4,Hepta,silhouette,OCT,7.0,0.37297545602465615,0.027441712311285647,0.4924256910758499,0.069346126
4,Hepta,silhouette,kmeans_plus,7.0,0.7017012208742637,1.0761834076521397,1.0,0.454369855
4,Hepta,silhouette,hclust,7.0,0.7017012208742637,1.0761834076521397,1.0,0.496211291
4,Hepta,silhouette,gmm,9.0,0.5892599416816287,0.1622665737471999,-10.0,0.172594613
4,Hepta,silhouette,dbscan,1.0,0.7017012208742637,1.0761834076521397,-10.0,0.439702344
