seed,data,criterion,geom_threshold,warm_start,method,K,silhouette,dunn,ari_true,runtime
3,Hepta,dunnindex,0.0,oct,True,7.0,0.7017012208742637,1.0761834076521397,1.0,0.0
3,Hepta,dunnindex,0.0,oct,ICOT_local,4.0,0.4491792676816866,0.3574752234387749,-10.0,110.968061469
3,Hepta,dunnindex,0.0,oct,OCT,7.0,0.37297545602465615,0.027441712311285647,0.4924256910758499,0.071482271
3,Hepta,dunnindex,0.0,oct,kmeans_plus,7.0,0.7017012208742637,1.0761834076521397,1.0,0.495352831
3,Hepta,dunnindex,0.0,oct,hclust,7.0,0.7017012208742637,1.0761834076521397,1.0,0.544282522
3,Hepta,dunnindex,0.0,oct,gmm,2.0,0.09891455491247489,0.27461073520537177,-10.0,0.181049918
3,Hepta,dunnindex,0.0,oct,dbscan,1.0,0.7017012208742637,1.0761834076521397,-10.0,0.381284842
