seed,data,criterion,geom_threshold,warm_start,method,K,silhouette,dunn,ari_true,runtime
1,Hepta,dunnindex,0.0,none,True,7.0,0.7017012208742637,1.0761834076521397,1.0,0.0
1,Hepta,dunnindex,0.0,none,ICOT_local,4.0,0.4491792676816866,0.3574752234387749,-10.0,98.407721382
1,Hepta,dunnindex,0.0,none,OCT,7.0,0.37297545602465615,0.027441712311285647,0.4924256910758499,0.06026514
1,Hepta,dunnindex,0.0,none,kmeans_plus,7.0,0.7017012208742637,1.0761834076521397,1.0,0.460726692
1,Hepta,dunnindex,0.0,none,hclust,7.0,0.7017012208742637,1.0761834076521397,1.0,0.488956728
1,Hepta,dunnindex,0.0,none,gmm,7.0,0.7017012208742637,1.0761834076521397,1.0,0.172726716
1,Hepta,dunnindex,0.0,none,dbscan,1.0,0.7017012208742637,1.0761834076521397,-10.0,0.409000176
