seed,data,criterion,geom_threshold,warm_start,method,K,silhouette,dunn,ari_true,runtime
2,Hepta,silhouette,0.9,none,True,7.0,0.7017012208742637,1.0761834076521397,1.0,0.0
2,Hepta,silhouette,0.9,none,ICOT_local,4.0,0.4550718071196788,0.34253336531800727,-10.0,26.074789279
2,Hepta,silhouette,0.9,none,OCT,7.0,0.37298862514585834,0.027441712311285647,0.49051335436759486,0.131958171
2,Hepta,silhouette,0.9,none,kmeans_plus,7.0,0.7017012208742637,1.0761834076521397,1.0,0.402110723
2,Hepta,silhouette,0.9,none,hclust,7.0,0.7017012208742637,1.0761834076521397,1.0,0.634088944
2,Hepta,silhouette,0.9,none,gmm,7.0,0.5718525002285686,0.10656111106823811,0.8189701558111179,0.190033865
2,Hepta,silhouette,0.9,none,dbscan,1.0,0.7017012208742637,1.0761834076521397,-10.0,0.392103158
