seed,data,criterion,geom_threshold,warm_start,method,K,silhouette,dunn,ari_true,runtime
1,Hepta,silhouette,0.0,oct,True,7.0,0.7017012208742637,1.0761834076521397,1.0,0.0
1,Hepta,silhouette,0.0,oct,ICOT_local,4.0,0.4550718071196788,0.34253336531800727,-10.0,63.49605211
1,Hepta,silhouette,0.0,oct,OCT,7.0,0.37297545602465615,0.027441712311285647,0.4924256910758499,0.078970192
1,Hepta,silhouette,0.0,oct,kmeans_plus,7.0,0.7017012208742637,1.0761834076521397,1.0,0.529380365
1,Hepta,silhouette,0.0,oct,hclust,7.0,0.7017012208742637,1.0761834076521397,1.0,0.440369221
1,Hepta,silhouette,0.0,oct,gmm,7.0,0.7017012208742637,1.0761834076521397,1.0,0.328780455
1,Hepta,silhouette,0.0,oct,dbscan,1.0,0.7017012208742637,1.0761834076521397,-10.0,0.445976113
