seed,data,criterion,method,K,silhouette,dunn,ari_true,runtime
1,Lsun,dunnindex,True,3.0,0.4393619698491053,0.11705239553975084,1.0,0.0
1,Lsun,dunnindex,ICOT_local,6.0,0.4974408842729268,0.06554800469001384,-10.0,73.236689602
1,Lsun,dunnindex,OCT,5.0,0.5378229028671915,0.055973938452984,-10.0,0.10786614
1,Lsun,dunnindex,kmeans_plus,5.0,0.5378229028671915,0.055973938452984,-10.0,0.161387728
1,Lsun,dunnindex,hclust,10.0,0.388729887157816,0.0705328095456078,-10.0,1.338809081
1,Lsun,dunnindex,gmm,9.0,0.42378252517438075,0.04195634305587445,-10.0,0.212352169
1,Lsun,dunnindex,dbscan,0.5,0.4393619698491053,0.11705239553975084,-10.0,0.265263524
