seed,data,criterion,geom_threshold,warm_start,method,K,silhouette,dunn,ari_true,runtime
4,Lsun,dunnindex,0.0,oct,True,3.0,0.4393619698491053,0.11705239553975084,1.0,0.0
4,Lsun,dunnindex,0.0,oct,ICOT_local,6.0,0.4809887297229096,0.06816464844313684,-10.0,465.384918406
4,Lsun,dunnindex,0.0,oct,OCT,5.0,0.5378229028671915,0.055973938452984,-10.0,0.103691409
4,Lsun,dunnindex,0.0,oct,kmeans_plus,5.0,0.5378229028671915,0.055973938452984,-10.0,0.963184561
4,Lsun,dunnindex,0.0,oct,hclust,10.0,0.388729887157816,0.0705328095456078,-10.0,1.044426484
4,Lsun,dunnindex,0.0,oct,gmm,3.0,0.4393619698491053,0.11705239553975084,1.0,0.2291786
4,Lsun,dunnindex,0.0,oct,dbscan,0.4,0.4393619698491053,0.11705239553975084,-10.0,0.447583798
