seed,data,criterion,geom_threshold,warm_start,method,K,silhouette,dunn,ari_true,runtime
5,Lsun,dunnindex,0.0,oct,True,3.0,0.4393619698491053,0.11705239553975084,1.0,0.0
5,Lsun,dunnindex,0.0,oct,ICOT_local,6.0,0.4809887297229096,0.06816464844313684,-10.0,479.367952944
5,Lsun,dunnindex,0.0,oct,OCT,5.0,0.5378229028671915,0.055973938452984,-10.0,0.112333225
5,Lsun,dunnindex,0.0,oct,kmeans_plus,5.0,0.5378229028671915,0.055973938452984,-10.0,0.998117591
5,Lsun,dunnindex,0.0,oct,hclust,10.0,0.388729887157816,0.0705328095456078,-10.0,1.551490072
5,Lsun,dunnindex,0.0,oct,gmm,3.0,0.4393619698491053,0.11705239553975084,1.0,0.204120633
5,Lsun,dunnindex,0.0,oct,dbscan,0.4,0.4393619698491053,0.11705239553975084,-10.0,0.495916914
