seed,data,criterion,geom_threshold,warm_start,method,K,silhouette,dunn,ari_true,runtime
3,Lsun,silhouette,0.9,oct,True,3.0,0.4393619698491053,0.11705239553975084,1.0,0.0
3,Lsun,silhouette,0.9,oct,ICOT_local,4.0,0.5682252929878685,0.04038393275373525,-10.0,39.529678418
3,Lsun,silhouette,0.9,oct,OCT,4.0,0.5680427435043047,0.04038393275373525,-10.0,0.10126256
3,Lsun,silhouette,0.9,oct,kmeans_plus,4.0,0.5677560543758627,0.03348063351927147,-10.0,0.929769473
3,Lsun,silhouette,0.9,oct,hclust,4.0,0.5538263372540496,0.057498749732389484,-10.0,1.177020007
3,Lsun,silhouette,0.9,oct,gmm,6.0,0.5369696674816495,0.01964980293526817,-10.0,0.192397254
3,Lsun,silhouette,0.9,oct,dbscan,0.4,0.4393619698491053,0.11705239553975084,-10.0,0.416682879
