seed,data,criterion,method,K,silhouette,dunn,ari_true,runtime
2,Lsun,dunnindex,True,3.0,0.4393619698491053,0.11705239553975084,1.0,0.0
2,Lsun,dunnindex,ICOT_local,3.0,0.4393619698491053,0.11705239553975084,1.0,96.099193083
2,Lsun,dunnindex,OCT,8.0,0.4297253537091976,0.006170155557849488,-10.0,0.138806475
2,Lsun,dunnindex,kmeans_plus,8.0,0.45264948045180764,0.05866854215310349,-10.0,0.91510712
2,Lsun,dunnindex,hclust,10.0,0.388729887157816,0.0705328095456078,-10.0,1.144579465
2,Lsun,dunnindex,gmm,3.0,0.4393619698491053,0.11705239553975084,1.0,0.194089699
2,Lsun,dunnindex,dbscan,0.4,0.4393619698491053,0.11705239553975084,-10.0,0.48369555
