seed,data,criterion,method,K,silhouette,dunn,ari_true,runtime
4,Lsun,dunnindex,True,3.0,0.4393619698491053,0.11705239553975084,1.0,0.0
4,Lsun,dunnindex,ICOT_local,6.0,0.4809887297229096,0.06816464844313684,-10.0,460.258883273
4,Lsun,dunnindex,OCT,5.0,0.5378229028671915,0.055973938452984,-10.0,0.105817341
4,Lsun,dunnindex,kmeans_plus,5.0,0.5378229028671915,0.055973938452984,-10.0,0.999438997
4,Lsun,dunnindex,hclust,10.0,0.388729887157816,0.0705328095456078,-10.0,1.026313866
4,Lsun,dunnindex,gmm,3.0,0.4393619698491053,0.11705239553975084,1.0,0.193194588
4,Lsun,dunnindex,dbscan,0.4,0.4393619698491053,0.11705239553975084,-10.0,0.506656488
