seed,data,criterion,method,K,silhouette,dunn,ari_true,runtime
2,Lsun,silhouette,True,3,0.43936196984910525,0.11705239553975084,1,0
2,Lsun,silhouette,ICOT_local,4,0.5680427435043048,0.04038393275373525,-10,57.308238857
2,Lsun,silhouette,OCT,4,0.5680427435043048,0.04038393275373525,-10,0.354256222
2,Lsun,silhouette,kmeans_plus,4,0.5677560543758627,0.03348063351927147,-10,0.088829288
2,Lsun,silhouette,hclust,4,0.5538263372540498,0.057498749732389484,-10,0.345182056
2,Lsun,silhouette,gmm,6,0.5440488174197234,0.025920884074426446,-10,0.083334088
2,Lsun,silhouette,dbscan,0.5,0.43936196984910525,0.11705239553975084,-10,0.115200396
