seed,data,criterion,geom_threshold,warm_start,method,K,silhouette,dunn,ari_true,runtime
1,Lsun,silhouette,0.0,oct,True,3.0,0.4393619698491053,0.11705239553975084,1.0,0.0
1,Lsun,silhouette,0.0,oct,ICOT_local,4.0,0.5682252929878685,0.04038393275373525,-10.0,210.319930705
1,Lsun,silhouette,0.0,oct,OCT,4.0,0.5680427435043047,0.04038393275373525,-10.0,0.112554664
1,Lsun,silhouette,0.0,oct,kmeans_plus,4.0,0.5677560543758627,0.03348063351927147,-10.0,1.016872354
1,Lsun,silhouette,0.0,oct,hclust,4.0,0.5538263372540496,0.057498749732389484,-10.0,1.220043969
1,Lsun,silhouette,0.0,oct,gmm,6.0,0.5384883422905458,0.01964980293526817,-10.0,0.214353311
1,Lsun,silhouette,0.0,oct,dbscan,0.4,0.4393619698491053,0.11705239553975084,-10.0,0.479119498
