seed,data,criterion,method,K,silhouette,dunn,ari_true,runtime
1,Lsun,dunnindex,True,3.0,0.4393619698491053,0.11705239553975084,1.0,0.0
1,Lsun,dunnindex,ICOT_local,3.0,0.4393619698491053,0.11705239553975084,1.0,76.548157426
1,Lsun,dunnindex,OCT,9.0,0.4447208092563635,0.027984257938608273,-10.0,0.173742778
1,Lsun,dunnindex,kmeans_plus,9.0,0.4250771651525562,0.06691627392753746,-10.0,0.917382661
1,Lsun,dunnindex,hclust,10.0,0.388729887157816,0.0705328095456078,-10.0,1.219081238
1,Lsun,dunnindex,gmm,3.0,0.4393619698491053,0.11705239553975084,1.0,0.190873344
1,Lsun,dunnindex,dbscan,0.4,0.4393619698491053,0.11705239553975084,-10.0,0.403784472
