seed,data,criterion,geom_threshold,warm_start,method,K,silhouette,dunn,ari_true,runtime
2,Lsun,dunnindex,0.9,oct,True,3.0,0.4393619698491053,0.11705239553975084,1.0,0.0
2,Lsun,dunnindex,0.9,oct,ICOT_local,3.0,0.4393619698491053,0.11705239553975084,1.0,125.179821932
2,Lsun,dunnindex,0.9,oct,OCT,8.0,0.4297253537091976,0.006170155557849488,-10.0,0.145457147
2,Lsun,dunnindex,0.9,oct,kmeans_plus,8.0,0.45264948045180764,0.05866854215310349,-10.0,0.938414386
2,Lsun,dunnindex,0.9,oct,hclust,10.0,0.388729887157816,0.0705328095456078,-10.0,1.353107443
2,Lsun,dunnindex,0.9,oct,gmm,3.0,0.4393619698491053,0.11705239553975084,1.0,0.211662778
2,Lsun,dunnindex,0.9,oct,dbscan,0.4,0.4393619698491053,0.11705239553975084,-10.0,0.495744648
