"seed","data","criterion","geom_threshold","warm_start","method","K","silhouette","dunn","ari_true","runtime"
1,"Lsun","dunnindex",0.99,"oct","True",3,0.439361969849105,0.117052395539751,1,0
1,"Lsun","dunnindex",0.99,"oct","ICOT_local",3,0.439361969849105,0.117052395539751,1,77.512294597
1,"Lsun","dunnindex",0.99,"oct","OCT",9,0.444720809256363,0.0279842579386083,-10,0.175794737
1,"Lsun","dunnindex",0.99,"oct","kmeans_plus",9,0.425077165152556,0.0669162739275375,-10,0.889742508
1,"Lsun","dunnindex",0.99,"oct","hclust",10,0.388729887157816,0.0705328095456078,-10,1.136245999
1,"Lsun","dunnindex",0.99,"oct","gmm",3,0.439361969849105,0.117052395539751,1,0.166616365
1,"Lsun","dunnindex",0.99,"oct","dbscan",0.4,0.439361969849105,0.117052395539751,-10,0.414905236
