"seed","data","criterion","geom_threshold","warm_start","method","K","silhouette","dunn","ari_true","runtime"
3,"Lsun","dunnindex",0.99,"oct","True",3,0.439361969849105,0.117052395539751,1,0
3,"Lsun","dunnindex",0.99,"oct","ICOT_local",3,0.439361969849105,0.117052395539751,1,88.880425816
3,"Lsun","dunnindex",0.99,"oct","OCT",9,0.443985157916992,0.0279842579386083,-10,0.187468885
3,"Lsun","dunnindex",0.99,"oct","kmeans_plus",9,0.424794440759653,0.0646572382804996,-10,0.848846265
3,"Lsun","dunnindex",0.99,"oct","hclust",10,0.388729887157816,0.0705328095456078,-10,1.245568163
3,"Lsun","dunnindex",0.99,"oct","gmm",3,0.439361969849105,0.117052395539751,1,0.186191445
3,"Lsun","dunnindex",0.99,"oct","dbscan",0.4,0.439361969849105,0.117052395539751,-10,0.428270414
