seed,data,criterion,geom_threshold,warm_start,method,K,silhouette,dunn,ari_true,runtime
2,Lsun,silhouette,0.9,none,True,3.0,0.4393619698491053,0.11705239553975084,1.0,0.0
2,Lsun,silhouette,0.9,none,ICOT_local,4.0,0.5675574156727285,0.031808053860220786,-10.0,117.522610943
2,Lsun,silhouette,0.9,none,OCT,4.0,0.5680427435043047,0.04038393275373525,-10.0,0.109386663
2,Lsun,silhouette,0.9,none,kmeans_plus,4.0,0.5677560543758627,0.03348063351927147,-10.0,0.891776277
2,Lsun,silhouette,0.9,none,hclust,4.0,0.5538263372540496,0.057498749732389484,-10.0,1.294045111
2,Lsun,silhouette,0.9,none,gmm,6.0,0.5369696674816495,0.01964980293526817,-10.0,0.19801813
2,Lsun,silhouette,0.9,none,dbscan,0.4,0.4393619698491053,0.11705239553975084,-10.0,0.489085451
