seed,data,criterion,method,K,silhouette,dunn,ari_true,runtime
1,Lsun,silhouette,True,3,0.43936196984910525,0.11705239553975084,1,0
1,Lsun,silhouette,ICOT_local,4,0.5663054745634324,0.04180699509123741,-10,1.914029244
1,Lsun,silhouette,OCT,4,0.5680427435043048,0.04038393275373525,-10,0.074223977
1,Lsun,silhouette,kmeans_plus,4,0.5677560543758627,0.03348063351927147,-10,0.695578758
1,Lsun,silhouette,hclust,4,0.5538263372540498,0.057498749732389484,-10,0.224338363
1,Lsun,silhouette,gmm,6,0.5384883422905458,0.01964980293526817,-10,0.049925052
1,Lsun,silhouette,dbscan,0.4,0.43936196984910525,0.11705239553975084,-10,0.318511713
