seed,data,criterion,geom_threshold,warm_start,method,K,silhouette,dunn,ari_true,runtime
1,Lsun,dunnindex,0.0,oct,True,3.0,0.4393619698491053,0.11705239553975084,1.0,0.0
1,Lsun,dunnindex,0.0,oct,ICOT_local,3.0,0.4393619698491053,0.11705239553975084,1.0,481.747752756
1,Lsun,dunnindex,0.0,oct,OCT,9.0,0.4447208092563635,0.027984257938608273,-10.0,0.191067996
1,Lsun,dunnindex,0.0,oct,kmeans_plus,9.0,0.4250771651525562,0.06691627392753746,-10.0,1.026138409
1,Lsun,dunnindex,0.0,oct,hclust,10.0,0.388729887157816,0.0705328095456078,-10.0,1.277718777
1,Lsun,dunnindex,0.0,oct,gmm,3.0,0.4393619698491053,0.11705239553975084,1.0,0.190641717
1,Lsun,dunnindex,0.0,oct,dbscan,0.4,0.4393619698491053,0.11705239553975084,-10.0,0.506599154
