seed,data,criterion,method,K,silhouette,dunn,ari_true,runtime
4,Lsun,silhouette,True,3.0,0.4393619698491053,0.11705239553975084,1.0,0.0
4,Lsun,silhouette,ICOT_local,4.0,0.5663054745634323,0.04180699509123741,-10.0,91.119036503
4,Lsun,silhouette,OCT,4.0,0.5680427435043047,0.04038393275373525,-10.0,0.100839917
4,Lsun,silhouette,kmeans_plus,4.0,0.5677560543758627,0.03348063351927147,-10.0,1.005406537
4,Lsun,silhouette,hclust,4.0,0.5538263372540496,0.057498749732389484,-10.0,1.11524364
4,Lsun,silhouette,gmm,6.0,0.5375369330143183,0.01964980293526817,-10.0,0.189684787
4,Lsun,silhouette,dbscan,0.4,0.4393619698491053,0.11705239553975084,-10.0,0.497183157
