seed,data,criterion,method,K,silhouette,dunn,ari_true,runtime
2,Lsun,dunnindex,True,3.0,0.4393619698491053,0.11705239553975084,1.0,0.0
2,Lsun,dunnindex,ICOT_local,3.0,0.4393619698491053,0.11705239553975084,1.0,468.225290961
2,Lsun,dunnindex,OCT,8.0,0.4297253537091976,0.006170155557849488,-10.0,0.132835271
2,Lsun,dunnindex,kmeans_plus,8.0,0.45264948045180764,0.05866854215310349,-10.0,0.929379709
2,Lsun,dunnindex,hclust,10.0,0.388729887157816,0.0705328095456078,-10.0,1.278665704
2,Lsun,dunnindex,gmm,3.0,0.4393619698491053,0.11705239553975084,1.0,0.174081604
2,Lsun,dunnindex,dbscan,0.4,0.4393619698491053,0.11705239553975084,-10.0,0.566841884
