seed,data,criterion,method,K,silhouette,dunn,ari_true,runtime
4,Lsun,silhouette,True,3.0,0.4393619698491053,0.11705239553975084,1.0,0.0
4,Lsun,silhouette,ICOT_local,4.0,0.5672640012898834,0.011878372632106646,-10.0,380.078281492
4,Lsun,silhouette,OCT,4.0,0.5680427435043047,0.04038393275373525,-10.0,0.192085189
4,Lsun,silhouette,kmeans_plus,4.0,0.5677560543758627,0.03348063351927147,-10.0,1.018945576
4,Lsun,silhouette,hclust,4.0,0.5538263372540496,0.057498749732389484,-10.0,1.129704657
4,Lsun,silhouette,gmm,6.0,0.5375369330143183,0.01964980293526817,-10.0,0.197260066
4,Lsun,silhouette,dbscan,0.4,0.4393619698491053,0.11705239553975084,-10.0,0.409616929
