seed,data,criterion,method,K,silhouette,dunn,ari_true,runtime
4,Lsun,dunnindex,True,3.0,0.4393619698491053,0.11705239553975084,1.0,0.0
4,Lsun,dunnindex,ICOT_local,6.0,0.4974408842729268,0.06554800469001384,-10.0,75.106915544
4,Lsun,dunnindex,OCT,5.0,0.5378229028671915,0.055973938452984,-10.0,0.102755357
4,Lsun,dunnindex,kmeans_plus,5.0,0.5378229028671915,0.055973938452984,-10.0,0.171569995
4,Lsun,dunnindex,hclust,10.0,0.388729887157816,0.0705328095456078,-10.0,0.984161463
4,Lsun,dunnindex,gmm,9.0,0.42378252517438075,0.04195634305587445,-10.0,0.18590234
4,Lsun,dunnindex,dbscan,0.5,0.4393619698491053,0.11705239553975084,-10.0,0.224978683
