seed,data,criterion,method,K,silhouette,dunn,ari_true,runtime
5,Lsun,dunnindex,True,3.0,0.4393619698491053,0.11705239553975084,1.0,0.0
5,Lsun,dunnindex,ICOT_local,6.0,0.4974408842729268,0.06554800469001384,-10.0,65.293838966
5,Lsun,dunnindex,OCT,5.0,0.5378229028671915,0.055973938452984,-10.0,0.099133126
5,Lsun,dunnindex,kmeans_plus,5.0,0.5378229028671915,0.055973938452984,-10.0,0.15465329
5,Lsun,dunnindex,hclust,10.0,0.388729887157816,0.0705328095456078,-10.0,1.101240473
5,Lsun,dunnindex,gmm,9.0,0.42378252517438075,0.04195634305587445,-10.0,0.219818329
5,Lsun,dunnindex,dbscan,0.5,0.4393619698491053,0.11705239553975084,-10.0,0.208868809
