"seed","data","criterion","geom_threshold","warm_start","method","K","silhouette","dunn","ari_true","runtime"
2,"Lsun","dunnindex",0.99,"oct","True",3,0.439361969849105,0.117052395539751,1,0
2,"Lsun","dunnindex",0.99,"oct","ICOT_local",3,0.439361969849105,0.117052395539751,1,96.099193083
2,"Lsun","dunnindex",0.99,"oct","OCT",8,0.429725353709198,0.00617015555784949,-10,0.138806475
2,"Lsun","dunnindex",0.99,"oct","kmeans_plus",8,0.452649480451808,0.0586685421531035,-10,0.91510712
2,"Lsun","dunnindex",0.99,"oct","hclust",10,0.388729887157816,0.0705328095456078,-10,1.144579465
2,"Lsun","dunnindex",0.99,"oct","gmm",3,0.439361969849105,0.117052395539751,1,0.194089699
2,"Lsun","dunnindex",0.99,"oct","dbscan",0.4,0.439361969849105,0.117052395539751,-10,0.48369555
