seed,data,criterion,geom_threshold,warm_start,method,K,silhouette,dunn,ari_true,runtime
5,Lsun,dunnindex,0.9,oct,True,3.0,0.4393619698491053,0.11705239553975084,1.0,0.0
5,Lsun,dunnindex,0.9,oct,ICOT_local,6.0,0.4839460792739274,0.06554800469001384,-10.0,64.369734224
5,Lsun,dunnindex,0.9,oct,OCT,5.0,0.5378229028671915,0.055973938452984,-10.0,0.114607358
5,Lsun,dunnindex,0.9,oct,kmeans_plus,5.0,0.5378229028671915,0.055973938452984,-10.0,1.274046372
5,Lsun,dunnindex,0.9,oct,hclust,10.0,0.388729887157816,0.0705328095456078,-10.0,1.088216935
5,Lsun,dunnindex,0.9,oct,gmm,3.0,0.4393619698491053,0.11705239553975084,1.0,0.204104363
5,Lsun,dunnindex,0.9,oct,dbscan,0.4,0.4393619698491053,0.11705239553975084,-10.0,0.4498964
