seed,data,criterion,geom_threshold,warm_start,method,K,silhouette,dunn,ari_true,runtime
1,Lsun,dunnindex,0.9,none,True,3.0,0.4393619698491053,0.11705239553975084,1.0,0.0
1,Lsun,dunnindex,0.9,none,ICOT_local,3.0,0.4393619698491053,0.11705239553975084,1.0,263.818556324
1,Lsun,dunnindex,0.9,none,OCT,9.0,0.4447208092563635,0.027984257938608273,-10.0,0.315929188
1,Lsun,dunnindex,0.9,none,kmeans_plus,9.0,0.4250771651525562,0.06691627392753746,-10.0,1.048560426
1,Lsun,dunnindex,0.9,none,hclust,10.0,0.388729887157816,0.0705328095456078,-10.0,1.310369536
1,Lsun,dunnindex,0.9,none,gmm,3.0,0.4393619698491053,0.11705239553975084,1.0,0.20041228
1,Lsun,dunnindex,0.9,none,dbscan,0.4,0.4393619698491053,0.11705239553975084,-10.0,0.561131481
