seed,data,criterion,geom_threshold,warm_start,method,K,silhouette,dunn,ari_true,runtime
4,Lsun,dunnindex,0.9,oct,True,3.0,0.4393619698491053,0.11705239553975084,1.0,0.0
4,Lsun,dunnindex,0.9,oct,ICOT_local,6.0,0.4839460792739274,0.06554800469001384,-10.0,65.18377914
4,Lsun,dunnindex,0.9,oct,OCT,5.0,0.5378229028671915,0.055973938452984,-10.0,0.115305405
4,Lsun,dunnindex,0.9,oct,kmeans_plus,5.0,0.5378229028671915,0.055973938452984,-10.0,0.99593619
4,Lsun,dunnindex,0.9,oct,hclust,10.0,0.388729887157816,0.0705328095456078,-10.0,1.302592719
4,Lsun,dunnindex,0.9,oct,gmm,3.0,0.4393619698491053,0.11705239553975084,1.0,0.209422545
4,Lsun,dunnindex,0.9,oct,dbscan,0.4,0.4393619698491053,0.11705239553975084,-10.0,0.510593783
