seed,data,criterion,geom_threshold,warm_start,method,K,silhouette,dunn,ari_true,runtime
3,Lsun,dunnindex,0.0,oct,True,3.0,0.4393619698491053,0.11705239553975084,1.0,0.0
3,Lsun,dunnindex,0.0,oct,ICOT_local,3.0,0.4393619698491053,0.11705239553975084,1.0,669.884272785
3,Lsun,dunnindex,0.0,oct,OCT,9.0,0.4439851579169922,0.027984257938608273,-10.0,0.200661435
3,Lsun,dunnindex,0.0,oct,kmeans_plus,9.0,0.42479444075965345,0.06465723828049964,-10.0,0.949074244
3,Lsun,dunnindex,0.0,oct,hclust,10.0,0.388729887157816,0.0705328095456078,-10.0,1.493801456
3,Lsun,dunnindex,0.0,oct,gmm,3.0,0.4393619698491053,0.11705239553975084,1.0,0.196479171
3,Lsun,dunnindex,0.0,oct,dbscan,0.4,0.4393619698491053,0.11705239553975084,-10.0,0.483602295
