seed,data,criterion,geom_threshold,warm_start,method,K,silhouette,dunn,ari_true,runtime
5,Lsun,silhouette,0.0,oct,True,3.0,0.4393619698491053,0.11705239553975084,1.0,0.0
5,Lsun,silhouette,0.0,oct,ICOT_local,4.0,0.5682252929878685,0.04038393275373525,-10.0,222.562349687
5,Lsun,silhouette,0.0,oct,OCT,4.0,0.5680427435043047,0.04038393275373525,-10.0,0.109058092
5,Lsun,silhouette,0.0,oct,kmeans_plus,4.0,0.5677560543758627,0.03348063351927147,-10.0,0.998137995
5,Lsun,silhouette,0.0,oct,hclust,4.0,0.5538263372540496,0.057498749732389484,-10.0,1.185124734
5,Lsun,silhouette,0.0,oct,gmm,6.0,0.5369696674816495,0.01964980293526817,-10.0,0.227893859
5,Lsun,silhouette,0.0,oct,dbscan,0.4,0.4393619698491053,0.11705239553975084,-10.0,0.343780632
