"seed","data","criterion","geom_threshold","warm_start","method","K","silhouette","dunn","ari_true","runtime"
3,"Lsun","silhouette",0.99,"oct","True",3,0.439361969849105,0.117052395539751,1,0
3,"Lsun","silhouette",0.99,"oct","ICOT_local",4,0.568042743504305,0.0403839327537353,-10,20.81910909
3,"Lsun","silhouette",0.99,"oct","OCT",4,0.568042743504305,0.0403839327537353,-10,0.095019514
3,"Lsun","silhouette",0.99,"oct","kmeans_plus",4,0.567756054375863,0.0334806335192715,-10,0.847067748
3,"Lsun","silhouette",0.99,"oct","hclust",4,0.55382633725405,0.0574987497323895,-10,1.113859424
3,"Lsun","silhouette",0.99,"oct","gmm",6,0.53696966748165,0.0196498029352682,-10,0.193644271
3,"Lsun","silhouette",0.99,"oct","dbscan",0.4,0.439361969849105,0.117052395539751,-10,0.44802487
