seed,data,criterion,geom_threshold,warm_start,method,K,silhouette,dunn,ari_true,runtime
4,Lsun,dunnindex,0.9,none,True,3.0,0.4393619698491053,0.11705239553975084,1.0,0.0
4,Lsun,dunnindex,0.9,none,ICOT_local,3.0,0.4393619698491053,0.11705239553975084,1.0,270.666808653
4,Lsun,dunnindex,0.9,none,OCT,5.0,0.5378229028671915,0.055973938452984,-10.0,0.108933315
4,Lsun,dunnindex,0.9,none,kmeans_plus,5.0,0.5378229028671915,0.055973938452984,-10.0,1.037674741
4,Lsun,dunnindex,0.9,none,hclust,10.0,0.388729887157816,0.0705328095456078,-10.0,1.222432222
4,Lsun,dunnindex,0.9,none,gmm,3.0,0.4393619698491053,0.11705239553975084,1.0,0.207093556
4,Lsun,dunnindex,0.9,none,dbscan,0.4,0.4393619698491053,0.11705239553975084,-10.0,0.507891896
