seed,data,criterion,geom_threshold,warm_start,method,K,silhouette,dunn,ari_true,runtime
5,Lsun,dunnindex,0.99,none,True,3.0,0.4393619698491053,0.11705239553975084,1.0,0.0
5,Lsun,dunnindex,0.99,none,ICOT_local,3.0,0.4393619698491053,0.11705239553975084,1.0,220.226170012
5,Lsun,dunnindex,0.99,none,OCT,5.0,0.5378229028671915,0.055973938452984,-10.0,0.188712418
5,Lsun,dunnindex,0.99,none,kmeans_plus,5.0,0.5378229028671915,0.055973938452984,-10.0,1.006289297
5,Lsun,dunnindex,0.99,none,hclust,10.0,0.388729887157816,0.0705328095456078,-10.0,1.273837899
5,Lsun,dunnindex,0.99,none,gmm,3.0,0.4393619698491053,0.11705239553975084,1.0,0.197894278
5,Lsun,dunnindex,0.99,none,dbscan,0.4,0.4393619698491053,0.11705239553975084,-10.0,0.523893394
