seed,data,criterion,method,K,silhouette,dunn,ari_true,runtime
5,Lsun,dunnindex,True,3.0,0.4393619698491053,0.11705239553975084,1.0,0.0
5,Lsun,dunnindex,ICOT_local,3.0,0.4393619698491053,0.11705239553975084,1.0,217.471788535
5,Lsun,dunnindex,OCT,5.0,0.5378229028671915,0.055973938452984,-10.0,0.104577003
5,Lsun,dunnindex,kmeans_plus,5.0,0.5378229028671915,0.055973938452984,-10.0,1.017603741
5,Lsun,dunnindex,hclust,10.0,0.388729887157816,0.0705328095456078,-10.0,1.152614802
5,Lsun,dunnindex,gmm,3.0,0.4393619698491053,0.11705239553975084,1.0,0.176769914
5,Lsun,dunnindex,dbscan,0.4,0.4393619698491053,0.11705239553975084,-10.0,0.439597753
