seed,data,criterion,method,K,silhouette,dunn,ari_true,runtime
1,Lsun,silhouette,True,3.0,0.4393619698491053,0.11705239553975084,1.0,0.0
1,Lsun,silhouette,ICOT_local,5.0,0.43914649682448803,0.04038393275373525,-10.0,208.264414154
1,Lsun,silhouette,OCT,4.0,0.5680427435043047,0.04038393275373525,-10.0,0.101925149
1,Lsun,silhouette,kmeans_plus,4.0,0.5677560543758627,0.03348063351927147,-10.0,1.022675095
1,Lsun,silhouette,hclust,4.0,0.5538263372540496,0.057498749732389484,-10.0,1.160568741
1,Lsun,silhouette,gmm,6.0,0.5384883422905458,0.01964980293526817,-10.0,0.19583573
1,Lsun,silhouette,dbscan,0.4,0.4393619698491053,0.11705239553975084,-10.0,0.673817868
