seed,data,criterion,geom_threshold,warm_start,method,K,silhouette,dunn,ari_true,runtime
3,Lsun,dunnindex,0.9,oct,True,3.0,0.4393619698491053,0.11705239553975084,1.0,0.0
3,Lsun,dunnindex,0.9,oct,ICOT_local,3.0,0.4393619698491053,0.11705239553975084,1.0,119.509097326
3,Lsun,dunnindex,0.9,oct,OCT,9.0,0.4439851579169922,0.027984257938608273,-10.0,0.202967476
3,Lsun,dunnindex,0.9,oct,kmeans_plus,9.0,0.42479444075965345,0.06465723828049964,-10.0,0.941250946
3,Lsun,dunnindex,0.9,oct,hclust,10.0,0.388729887157816,0.0705328095456078,-10.0,1.194859909
3,Lsun,dunnindex,0.9,oct,gmm,3.0,0.4393619698491053,0.11705239553975084,1.0,0.194359292
3,Lsun,dunnindex,0.9,oct,dbscan,0.4,0.4393619698491053,0.11705239553975084,-10.0,0.473739107
