seed,data,criterion,method,K,silhouette,dunn,ari_true,runtime
2,Lsun,silhouette,True,3.0,0.4393619698491053,0.11705239553975084,1.0,0.0
2,Lsun,silhouette,ICOT_local,4.0,0.5680427435043047,0.04038393275373525,-10.0,0.34084714
2,Lsun,silhouette,OCT,4.0,0.552026207212524,0.028025789665379247,-10.0,0.005183184
2,Lsun,silhouette,kmeans_plus,4.0,0.5677560543758627,0.03348063351927147,-10.0,0.158402399
2,Lsun,silhouette,hclust,4.0,0.5538263372540496,0.057498749732389484,-10.0,1.343903717
2,Lsun,silhouette,gmm,6.0,0.5440488174197234,0.025920884074426446,-10.0,0.203621189
2,Lsun,silhouette,dbscan,0.5,0.4393619698491053,0.11705239553975084,-10.0,0.204754213
