"seed","data","criterion","geom_threshold","warm_start","method","K","silhouette","dunn","ari_true","runtime"
5,"Lsun","dunnindex",0.99,"oct","True",3,0.439361969849105,0.117052395539751,1,0
5,"Lsun","dunnindex",0.99,"oct","ICOT_local",6,0.497440884272927,0.0655480046900138,-10,63.482590146
5,"Lsun","dunnindex",0.99,"oct","OCT",5,0.537822902867191,0.055973938452984,-10,0.101890905
5,"Lsun","dunnindex",0.99,"oct","kmeans_plus",5,0.537822902867191,0.055973938452984,-10,0.943626716
5,"Lsun","dunnindex",0.99,"oct","hclust",10,0.388729887157816,0.0705328095456078,-10,1.401551928
5,"Lsun","dunnindex",0.99,"oct","gmm",3,0.439361969849105,0.117052395539751,1,0.172206512
5,"Lsun","dunnindex",0.99,"oct","dbscan",0.4,0.439361969849105,0.117052395539751,-10,0.412111457
