seed,data,criterion,geom_threshold,warm_start,method,K,silhouette,dunn,ari_true,runtime
2,Lsun,dunnindex,0.0,oct,True,3.0,0.4393619698491053,0.11705239553975084,1.0,0.0
2,Lsun,dunnindex,0.0,oct,ICOT_local,3.0,0.4393619698491053,0.11705239553975084,1.0,452.993013703
2,Lsun,dunnindex,0.0,oct,OCT,8.0,0.4297253537091976,0.006170155557849488,-10.0,0.152084262
2,Lsun,dunnindex,0.0,oct,kmeans_plus,8.0,0.45264948045180764,0.05866854215310349,-10.0,0.910228723
2,Lsun,dunnindex,0.0,oct,hclust,10.0,0.388729887157816,0.0705328095456078,-10.0,1.128488194
2,Lsun,dunnindex,0.0,oct,gmm,3.0,0.4393619698491053,0.11705239553975084,1.0,0.196288282
2,Lsun,dunnindex,0.0,oct,dbscan,0.4,0.4393619698491053,0.11705239553975084,-10.0,0.481440828
