seed,data,criterion,method,K,silhouette,dunn,ari_true,runtime
1,Lsun,dunnindex,True,3.0,0.4393619698491053,0.11705239553975084,1.0,0.0
1,Lsun,dunnindex,ICOT_local,3.0,0.4393619698491053,0.11705239553975084,1.0,218.212180659
1,Lsun,dunnindex,OCT,9.0,0.4447208092563635,0.027984257938608273,-10.0,0.276876437
1,Lsun,dunnindex,kmeans_plus,9.0,0.4250771651525562,0.06691627392753746,-10.0,1.014284358
1,Lsun,dunnindex,hclust,10.0,0.388729887157816,0.0705328095456078,-10.0,1.200185658
1,Lsun,dunnindex,gmm,3.0,0.4393619698491053,0.11705239553975084,1.0,0.238668158
1,Lsun,dunnindex,dbscan,0.4,0.4393619698491053,0.11705239553975084,-10.0,0.444385926
