seed,data,criterion,geom_threshold,warm_start,method,K,silhouette,dunn,ari_true,runtime
3,Lsun,dunnindex,0.9,none,True,3.0,0.4393619698491053,0.11705239553975084,1.0,0.0
3,Lsun,dunnindex,0.9,none,ICOT_local,3.0,0.4393619698491053,0.11705239553975084,1.0,268.991345543
3,Lsun,dunnindex,0.9,none,OCT,9.0,0.4439851579169922,0.027984257938608273,-10.0,0.262715302
3,Lsun,dunnindex,0.9,none,kmeans_plus,9.0,0.42479444075965345,0.06465723828049964,-10.0,0.939493036
3,Lsun,dunnindex,0.9,none,hclust,10.0,0.388729887157816,0.0705328095456078,-10.0,1.208407345
3,Lsun,dunnindex,0.9,none,gmm,3.0,0.4393619698491053,0.11705239553975084,1.0,0.226760404
3,Lsun,dunnindex,0.9,none,dbscan,0.4,0.4393619698491053,0.11705239553975084,-10.0,0.3780576
