seed,data,criterion,geom_threshold,warm_start,method,K,silhouette,dunn,ari_true,runtime
5,Target,silhouette,0.0,none,True,6.0,0.29520828013791023,0.25329913298274587,1.0,0.0
5,Target,silhouette,0.0,none,ICOT_local,2.0,0.6293258938554152,0.3617041171316212,-10.0,1310.690146648
5,Target,silhouette,0.0,none,OCT,9.0,0.5111713282881235,0.01812856458291214,-10.0,0.361091072
5,Target,silhouette,0.0,none,kmeans_plus,9.0,0.5934930991289754,0.026778835711248998,-10.0,2.164755384
5,Target,silhouette,0.0,none,hclust,2.0,0.6187945806979066,0.26631728961233314,-10.0,1.77133143
5,Target,silhouette,0.0,none,gmm,2.0,0.6345429365291497,0.2536922770389607,-10.0,0.22082202
5,Target,silhouette,0.0,none,dbscan,0.2,0.4160897939249258,0.031862524354839106,-10.0,0.559614936
