seed,data,criterion,geom_threshold,warm_start,method,K,silhouette,dunn,ari_true,runtime
5,Target,silhouette,0.0,oct,True,6.0,0.29520828013791023,0.25329913298274587,1.0,0.0
5,Target,silhouette,0.0,oct,ICOT_local,8.0,0.5362767461028557,0.008357497858641944,-10.0,1373.973929662
5,Target,silhouette,0.0,oct,OCT,9.0,0.5111713282881235,0.01812856458291214,-10.0,0.315612715
5,Target,silhouette,0.0,oct,kmeans_plus,9.0,0.5934930991289754,0.026778835711248998,-10.0,2.234910343
5,Target,silhouette,0.0,oct,hclust,2.0,0.6187945806979066,0.26631728961233314,-10.0,2.057054438
5,Target,silhouette,0.0,oct,gmm,2.0,0.6345429365291497,0.2536922770389607,-10.0,0.232777853
5,Target,silhouette,0.0,oct,dbscan,0.2,0.4160897939249258,0.031862524354839106,-10.0,0.703345486
