seed,data,criterion,method,K,silhouette,dunn,ari_true,runtime
1,Target,silhouette,True,6.0,0.2952082801379103,0.25329913298274587,1.0,0.0
1,Target,silhouette,ICOT_local,8.0,0.5241843477379993,0.024420776478949306,-10.0,74.61712689
1,Target,silhouette,OCT,9.0,0.5024924710203635,0.01775181889390813,-10.0,0.270158592
1,Target,silhouette,kmeans_plus,9.0,0.5928690898803926,0.026778835711248998,-10.0,1.574629912
1,Target,silhouette,hclust,2.0,0.6187945806979065,0.26631728961233314,-10.0,1.006427488
1,Target,silhouette,gmm,8.0,0.5450745856821219,0.009739430501920542,-10.0,0.315040039
1,Target,silhouette,dbscan,0.2,0.4160897939249259,0.031862524354839106,-10.0,0.514173741
