seed,data,criterion,geom_threshold,warm_start,method,K,silhouette,dunn,ari_true,runtime
3,Target,silhouette,0.9,oct,True,6.0,0.29520828013791023,0.25329913298274587,1.0,0.0
3,Target,silhouette,0.9,oct,ICOT_local,8.0,0.5381110408813383,0.01026726873402743,-10.0,256.98703164
3,Target,silhouette,0.9,oct,OCT,7.0,0.5235147923245674,0.011134472072741904,-10.0,0.257974594
3,Target,silhouette,0.9,oct,kmeans_plus,7.0,0.5891930529287043,0.02876102963518904,-10.0,2.019932056
3,Target,silhouette,0.9,oct,hclust,2.0,0.6187945806979066,0.26631728961233314,-10.0,1.862462446
3,Target,silhouette,0.9,oct,gmm,5.0,0.5374945015632305,0.010131752642392905,-10.0,0.224276482
3,Target,silhouette,0.9,oct,dbscan,0.2,0.4160897939249258,0.031862524354839106,-10.0,0.707177121
