seed,data,criterion,method,K,silhouette,dunn,ari_true,runtime
1,Target,silhouette,True,6.0,0.29520828013791023,0.25329913298274587,1.0,0.0
1,Target,silhouette,ICOT_local,2.0,0.6293258938554152,0.3617041171316212,-10.0,468.635671786
1,Target,silhouette,OCT,9.0,0.5024924710203637,0.01775181889390813,-10.0,0.391233195
1,Target,silhouette,kmeans_plus,9.0,0.5928690898803927,0.026778835711248998,-10.0,2.103361976
1,Target,silhouette,hclust,2.0,0.6187945806979066,0.26631728961233314,-10.0,1.85412537
1,Target,silhouette,gmm,8.0,0.5450745856821219,0.009739430501920542,-10.0,0.217806591
1,Target,silhouette,dbscan,0.2,0.4160897939249258,0.031862524354839106,-10.0,0.677294642
