seed,data,criterion,geom_threshold,warm_start,method,K,silhouette,dunn,ari_true,runtime
5,Target,silhouette,0.9,oct,True,6.0,0.29520828013791023,0.25329913298274587,1.0,0.0
5,Target,silhouette,0.9,oct,ICOT_local,8.0,0.5356547207661809,0.008357497858641944,-10.0,342.170552503
5,Target,silhouette,0.9,oct,OCT,9.0,0.5111713282881235,0.01812856458291214,-10.0,0.315603375
5,Target,silhouette,0.9,oct,kmeans_plus,9.0,0.5934930991289754,0.026778835711248998,-10.0,2.226551497
5,Target,silhouette,0.9,oct,hclust,2.0,0.6187945806979066,0.26631728961233314,-10.0,1.979525421
5,Target,silhouette,0.9,oct,gmm,2.0,0.6345429365291497,0.2536922770389607,-10.0,0.252507787
5,Target,silhouette,0.9,oct,dbscan,0.2,0.4160897939249258,0.031862524354839106,-10.0,0.841757786
