seed,data,criterion,method,K,silhouette,dunn,ari_true,runtime
5,Target,dunnindex,True,6.0,0.29520828013791023,0.25329913298274587,1.0,0.0
5,Target,dunnindex,ICOT_local,2.0,0.6293258938554152,0.3617041171316212,-10.0,890.334921279
5,Target,dunnindex,OCT,7.0,0.5336854807329053,0.016608882115027805,-10.0,0.291645313
5,Target,dunnindex,kmeans_plus,7.0,0.5891930529287043,0.02876102963518904,-10.0,2.179104918
5,Target,dunnindex,hclust,5.0,0.5070454045474697,0.54970578533082,-10.0,1.953950541
5,Target,dunnindex,gmm,2.0,0.6345429365291497,0.2536922770389607,-10.0,0.240473321
5,Target,dunnindex,dbscan,0.4,0.27378431592522884,0.1168989585578307,-10.0,0.696253344
