seed,data,criterion,method,K,silhouette,dunn,ari_true,runtime
3,Target,silhouette,True,6.0,0.29520828013791023,0.25329913298274587,1.0,0.0
3,Target,silhouette,ICOT_local,2.0,0.6293258938554152,0.3617041171316212,-10.0,433.215054059
3,Target,silhouette,OCT,7.0,0.5235147923245674,0.011134472072741904,-10.0,0.314651609
3,Target,silhouette,kmeans_plus,7.0,0.5891930529287043,0.02876102963518904,-10.0,1.978139632
3,Target,silhouette,hclust,2.0,0.6187945806979066,0.26631728961233314,-10.0,1.983762178
3,Target,silhouette,gmm,5.0,0.5374945015632305,0.010131752642392905,-10.0,0.234033501
3,Target,silhouette,dbscan,0.2,0.4160897939249258,0.031862524354839106,-10.0,0.682296326
