seed,data,criterion,method,K,silhouette,dunn,ari_true,runtime
1,Target,dunnindex,True,6.0,0.29520828013791023,0.25329913298274587,1.0,0.0
1,Target,dunnindex,ICOT_local,5.0,0.5070454045474697,0.54970578533082,-10.0,134.431699868
1,Target,dunnindex,OCT,7.0,0.5235147923245674,0.011134472072741904,-10.0,0.226145631
1,Target,dunnindex,kmeans_plus,7.0,0.5891930529287043,0.02876102963518904,-10.0,1.982357464
1,Target,dunnindex,hclust,5.0,0.5070454045474697,0.54970578533082,-10.0,2.205583669
1,Target,dunnindex,gmm,4.0,0.4611688233913726,0.016188665242115513,-10.0,0.262411817
1,Target,dunnindex,dbscan,0.4,0.27378431592522884,0.1168989585578307,-10.0,0.695328299
