seed,data,criterion,geom_threshold,warm_start,method,K,silhouette,dunn,ari_true,runtime
4,Target,silhouette,0.9,none,True,6.0,0.29520828013791023,0.25329913298274587,1.0,0.0
4,Target,silhouette,0.9,none,ICOT_local,2.0,0.6293258938554152,0.3617041171316212,-10.0,545.904370897
4,Target,silhouette,0.9,none,OCT,9.0,0.5024924710203637,0.01775181889390813,-10.0,0.371361747
4,Target,silhouette,0.9,none,kmeans_plus,9.0,0.5928690898803927,0.026778835711248998,-10.0,2.197759948
4,Target,silhouette,0.9,none,hclust,2.0,0.6187945806979066,0.26631728961233314,-10.0,2.131843151
4,Target,silhouette,0.9,none,gmm,6.0,0.5375990436214734,0.006907102678412806,0.6927611253316359,0.230975557
4,Target,silhouette,0.9,none,dbscan,0.2,0.4160897939249258,0.031862524354839106,-10.0,0.740581952
