seed,data,criterion,method,K,silhouette,dunn,ari_true,runtime
1,Target,silhouette,True,6.0,0.29520828013791023,0.25329913298274587,1.0,0.0
1,Target,silhouette,ICOT_local,8.0,0.529079171047928,0.003434265327860134,-10.0,1251.169455484
1,Target,silhouette,OCT,9.0,0.5024924710203637,0.01775181889390813,-10.0,0.305071286
1,Target,silhouette,kmeans_plus,9.0,0.5928690898803927,0.026778835711248998,-10.0,2.052256584
1,Target,silhouette,hclust,2.0,0.6187945806979066,0.26631728961233314,-10.0,2.072014816
1,Target,silhouette,gmm,8.0,0.5450745856821219,0.009739430501920542,-10.0,0.222688596
1,Target,silhouette,dbscan,0.2,0.4160897939249258,0.031862524354839106,-10.0,0.560391843
