seed,data,criterion,geom_threshold,warm_start,method,K,silhouette,dunn,ari_true,runtime
4,Target,silhouette,0.99,none,True,6.0,0.2952082801379103,0.25329913298274587,1.0,0.0
4,Target,silhouette,0.99,none,ICOT_local,2.0,0.6293258938554152,0.3617041171316212,-10.0,456.844180092
4,Target,silhouette,0.99,none,OCT,9.0,0.5024924710203635,0.01775181889390813,-10.0,0.390037373
4,Target,silhouette,0.99,none,kmeans_plus,9.0,0.5928690898803926,0.026778835711248998,-10.0,1.886489576
4,Target,silhouette,0.99,none,hclust,2.0,0.6187945806979065,0.26631728961233314,-10.0,2.175787572
4,Target,silhouette,0.99,none,gmm,6.0,0.5375990436214733,0.006907102678412806,0.6927611253316359,0.249657169
4,Target,silhouette,0.99,none,dbscan,0.2,0.4160897939249259,0.031862524354839106,-10.0,0.646116141
