seed,data,criterion,geom_threshold,warm_start,method,K,silhouette,dunn,ari_true,runtime
3,Target,dunnindex,0.0,oct,True,6.0,0.29520828013791023,0.25329913298274587,1.0,0.0
3,Target,dunnindex,0.0,oct,ICOT_local,5.0,0.5070454045474697,0.54970578533082,-10.0,4279.622080298
3,Target,dunnindex,0.0,oct,OCT,7.0,0.5235147923245674,0.011134472072741904,-10.0,0.24940082
3,Target,dunnindex,0.0,oct,kmeans_plus,7.0,0.5891930529287043,0.02876102963518904,-10.0,2.069882672
3,Target,dunnindex,0.0,oct,hclust,5.0,0.5070454045474697,0.54970578533082,-10.0,2.164050142
3,Target,dunnindex,0.0,oct,gmm,4.0,0.4860447479973028,0.018885909722034102,-10.0,0.273339764
3,Target,dunnindex,0.0,oct,dbscan,0.4,0.27378431592522884,0.1168989585578307,-10.0,0.802462012
