"seed","data","criterion","geom_threshold","warm_start","method","K","silhouette","dunn","ari_true","runtime"
3,"Target","dunnindex",0.99,"oct","True",6,0.29520828013791,0.253299132982746,1,0
3,"Target","dunnindex",0.99,"oct","ICOT_local",5,0.50704540454747,0.54970578533082,-10,142.805542959
3,"Target","dunnindex",0.99,"oct","OCT",7,0.523514792324567,0.0111344720727419,-10,0.237425857
3,"Target","dunnindex",0.99,"oct","kmeans_plus",7,0.589193052928704,0.028761029635189,-10,2.008517474
3,"Target","dunnindex",0.99,"oct","hclust",5,0.50704540454747,0.54970578533082,-10,2.184912637
3,"Target","dunnindex",0.99,"oct","gmm",4,0.486044747997303,0.0188859097220341,-10,0.244645534
3,"Target","dunnindex",0.99,"oct","dbscan",0.4,0.273784315925229,0.116898958557831,-10,0.705813421
