seed,data,criterion,geom_threshold,warm_start,method,K,silhouette,dunn,ari_true,runtime
4,Target,dunnindex,0.9,oct,True,6.0,0.29520828013791023,0.25329913298274587,1.0,0.0
4,Target,dunnindex,0.9,oct,ICOT_local,5.0,0.5070454045474697,0.54970578533082,-10.0,654.983292226
4,Target,dunnindex,0.9,oct,OCT,7.0,0.5063182171573686,0.010504660696542394,-10.0,0.238507372
4,Target,dunnindex,0.9,oct,kmeans_plus,7.0,0.5891930529287043,0.02876102963518904,-10.0,2.185476203
4,Target,dunnindex,0.9,oct,hclust,5.0,0.5070454045474697,0.54970578533082,-10.0,1.984405601
4,Target,dunnindex,0.9,oct,gmm,2.0,0.4154577982311347,0.02005392161744479,-10.0,0.234746476
4,Target,dunnindex,0.9,oct,dbscan,0.4,0.27378431592522884,0.1168989585578307,-10.0,0.678055893
