seed,data,criterion,geom_threshold,warm_start,method,K,silhouette,dunn,ari_true,runtime
3,Target,silhouette,0.0,oct,True,6.0,0.29520828013791023,0.25329913298274587,1.0,0.0
3,Target,silhouette,0.0,oct,ICOT_local,8.0,0.5381110408813383,0.01026726873402743,-10.0,1006.909098341
3,Target,silhouette,0.0,oct,OCT,7.0,0.5235147923245674,0.011134472072741904,-10.0,0.230083034
3,Target,silhouette,0.0,oct,kmeans_plus,7.0,0.5891930529287043,0.02876102963518904,-10.0,1.875379918
3,Target,silhouette,0.0,oct,hclust,2.0,0.6187945806979066,0.26631728961233314,-10.0,1.923274115
3,Target,silhouette,0.0,oct,gmm,5.0,0.5374945015632305,0.010131752642392905,-10.0,0.224961058
3,Target,silhouette,0.0,oct,dbscan,0.2,0.4160897939249258,0.031862524354839106,-10.0,0.598644936
