seed,data,criterion,geom_threshold,warm_start,method,K,silhouette,dunn,ari_true,runtime
1,Target,dunnindex,0.9,oct,True,6.0,0.29520828013791023,0.25329913298274587,1.0,0.0
1,Target,dunnindex,0.9,oct,ICOT_local,5.0,0.5070454045474697,0.54970578533082,-10.0,608.435614381
1,Target,dunnindex,0.9,oct,OCT,7.0,0.5235147923245674,0.011134472072741904,-10.0,0.248588109
1,Target,dunnindex,0.9,oct,kmeans_plus,7.0,0.5891930529287043,0.02876102963518904,-10.0,2.143079609
1,Target,dunnindex,0.9,oct,hclust,5.0,0.5070454045474697,0.54970578533082,-10.0,2.05661557
1,Target,dunnindex,0.9,oct,gmm,4.0,0.4611688233913726,0.016188665242115513,-10.0,0.250353679
1,Target,dunnindex,0.9,oct,dbscan,0.4,0.27378431592522884,0.1168989585578307,-10.0,0.666105076
