seed,data,criterion,geom_threshold,warm_start,method,K,silhouette,dunn,ari_true,runtime
3,Target,silhouette,0.9,none,True,6.0,0.29520828013791023,0.25329913298274587,1.0,0.0
3,Target,silhouette,0.9,none,ICOT_local,2.0,0.6293258938554152,0.3617041171316212,-10.0,579.122808035
3,Target,silhouette,0.9,none,OCT,7.0,0.5235147923245674,0.011134472072741904,-10.0,0.254603356
3,Target,silhouette,0.9,none,kmeans_plus,7.0,0.5891930529287043,0.02876102963518904,-10.0,2.008971219
3,Target,silhouette,0.9,none,hclust,2.0,0.6187945806979066,0.26631728961233314,-10.0,2.031366196
3,Target,silhouette,0.9,none,gmm,5.0,0.5374945015632305,0.010131752642392905,-10.0,0.247751662
3,Target,silhouette,0.9,none,dbscan,0.2,0.4160897939249258,0.031862524354839106,-10.0,0.667156611
