seed,data,criterion,method,K,silhouette,dunn,ari_true,runtime
2,Target,silhouette,True,6.0,0.29520828013791023,0.25329913298274587,1.0,0.0
2,Target,silhouette,ICOT_local,8.0,0.5407673738035157,0.010187182491429725,-10.0,96.205500517
2,Target,silhouette,OCT,7.0,0.513311285089137,0.010504660696542394,-10.0,0.247781323
2,Target,silhouette,kmeans_plus,7.0,0.5900437832053864,0.025985087041119365,-10.0,0.192454173
2,Target,silhouette,hclust,2.0,0.6187945806979066,0.26631728961233314,-10.0,1.50516801
2,Target,silhouette,gmm,5.0,0.5405254789887788,0.006907102678412806,-10.0,0.199407413
2,Target,silhouette,dbscan,0.1,0.3320626421252588,0.005970625030433347,-10.0,0.256474062
