seed,data,criterion,method,K,silhouette,dunn,ari_true,runtime
2,Target,silhouette,True,6.0,0.29520828013791023,0.25329913298274587,1.0,0.0
2,Target,silhouette,ICOT_local,2.0,0.6293258938554152,0.3617041171316212,-10.0,483.125466943
2,Target,silhouette,OCT,7.0,0.5063182171573686,0.010504660696542394,-10.0,0.328985231
2,Target,silhouette,kmeans_plus,7.0,0.5891930529287043,0.02876102963518904,-10.0,1.992734255
2,Target,silhouette,hclust,2.0,0.6187945806979066,0.26631728961233314,-10.0,1.922056506
2,Target,silhouette,gmm,2.0,0.6345429365291497,0.2536922770389607,-10.0,0.228965268
2,Target,silhouette,dbscan,0.2,0.4160897939249258,0.031862524354839106,-10.0,0.688742309
