seed,data,criterion,geom_threshold,warm_start,method,K,silhouette,dunn,ari_true,runtime
4,Target,silhouette,0.9,oct,True,6.0,0.29520828013791023,0.25329913298274587,1.0,0.0
4,Target,silhouette,0.9,oct,ICOT_local,8.0,0.5282074503228495,0.014248864859173588,-10.0,257.57680766
4,Target,silhouette,0.9,oct,OCT,9.0,0.5024924710203637,0.01775181889390813,-10.0,0.309145367
4,Target,silhouette,0.9,oct,kmeans_plus,9.0,0.5928690898803927,0.026778835711248998,-10.0,2.202336507
4,Target,silhouette,0.9,oct,hclust,2.0,0.6187945806979066,0.26631728961233314,-10.0,2.00234847
4,Target,silhouette,0.9,oct,gmm,6.0,0.5375990436214734,0.006907102678412806,0.6927611253316359,0.236211119
4,Target,silhouette,0.9,oct,dbscan,0.2,0.4160897939249258,0.031862524354839106,-10.0,0.724244412
