seed,data,criterion,method,K,silhouette,dunn,ari_true,runtime
1,Target,silhouette,True,6.0,0.29520828013791023,0.25329913298274587,1.0,0.0
1,Target,silhouette,ICOT_local,8.0,0.5375273031255188,0.0109698936117052,-10.0,105.708850728
1,Target,silhouette,OCT,7.0,0.5242423836972533,0.011134472072741904,-10.0,0.247655053
1,Target,silhouette,kmeans_plus,7.0,0.5900437832053864,0.025985087041119365,-10.0,0.203298217
1,Target,silhouette,hclust,2.0,0.6187945806979066,0.26631728961233314,-10.0,1.691105779
1,Target,silhouette,gmm,5.0,0.5405254789887788,0.006907102678412806,-10.0,0.212515001
1,Target,silhouette,dbscan,0.1,0.3320626421252588,0.005970625030433347,-10.0,0.197247829
