seed,data,criterion,method,K,silhouette,dunn,ari_true,runtime
4,Target,silhouette,True,6.0,0.29520828013791023,0.25329913298274587,1.0,0.0
4,Target,silhouette,ICOT_local,2.0,0.6293258938554152,0.3617041171316212,-10.0,406.527364725
4,Target,silhouette,OCT,9.0,0.5024924710203637,0.01775181889390813,-10.0,0.342346514
4,Target,silhouette,kmeans_plus,9.0,0.5928690898803927,0.026778835711248998,-10.0,2.005699405
4,Target,silhouette,hclust,2.0,0.6187945806979066,0.26631728961233314,-10.0,1.899126154
4,Target,silhouette,gmm,6.0,0.5375990436214734,0.006907102678412806,0.6927611253316359,0.217192316
4,Target,silhouette,dbscan,0.2,0.4160897939249258,0.031862524354839106,-10.0,0.628672187
