seed,data,criterion,method,K,silhouette,dunn,ari_true,runtime
2,Target,dunnindex,True,6.0,0.29520828013791023,0.25329913298274587,1.0,0.0
2,Target,dunnindex,ICOT_local,5.0,0.5070454045474697,0.54970578533082,-10.0,3975.543953841
2,Target,dunnindex,OCT,7.0,0.5063182171573686,0.010504660696542394,-10.0,0.233485537
2,Target,dunnindex,kmeans_plus,7.0,0.5891930529287043,0.02876102963518904,-10.0,1.863553739
2,Target,dunnindex,hclust,5.0,0.5070454045474697,0.54970578533082,-10.0,1.976689973
2,Target,dunnindex,gmm,2.0,0.6345429365291497,0.2536922770389607,-10.0,0.227692815
2,Target,dunnindex,dbscan,0.4,0.27378431592522884,0.1168989585578307,-10.0,0.55695558
