seed,data,criterion,geom_threshold,warm_start,method,K,silhouette,dunn,ari_true,runtime
2,Target,dunnindex,0.9,none,True,6.0,0.29520828013791023,0.25329913298274587,1.0,0.0
2,Target,dunnindex,0.9,none,ICOT_local,2.0,0.6293258938554152,0.3617041171316212,-10.0,1134.940054321
2,Target,dunnindex,0.9,none,OCT,7.0,0.5063182171573686,0.010504660696542394,-10.0,0.335402364
2,Target,dunnindex,0.9,none,kmeans_plus,7.0,0.5891930529287043,0.02876102963518904,-10.0,2.023529512
2,Target,dunnindex,0.9,none,hclust,5.0,0.5070454045474697,0.54970578533082,-10.0,2.038215643
2,Target,dunnindex,0.9,none,gmm,2.0,0.6345429365291497,0.2536922770389607,-10.0,0.27362131
2,Target,dunnindex,0.9,none,dbscan,0.4,0.27378431592522884,0.1168989585578307,-10.0,0.720036324
