seed,data,criterion,method,K,silhouette,dunn,ari_true,runtime
1,Target,silhouette,True,6.0,0.2952082801379103,0.25329913298274587,1.0,0.0
1,Target,silhouette,ICOT_local,2.0,0.6293258938554152,0.3617041171316212,-10.0,1432.731448263
1,Target,silhouette,OCT,9.0,0.5024924710203635,0.01775181889390813,-10.0,0.373433779
1,Target,silhouette,kmeans_plus,9.0,0.5928690898803926,0.026778835711248998,-10.0,1.773604309
1,Target,silhouette,hclust,2.0,0.6187945806979065,0.26631728961233314,-10.0,1.95196431
1,Target,silhouette,gmm,8.0,0.5450745856821219,0.009739430501920542,-10.0,0.239564477
1,Target,silhouette,dbscan,0.2,0.4160897939249259,0.031862524354839106,-10.0,0.62664484
