seed,data,criterion,method,K,silhouette,dunn,ari_true,runtime
1,Target,dunnindex,True,6.0,0.29520828013791023,0.25329913298274587,1.0,0.0
1,Target,dunnindex,ICOT_local,5.0,0.5070454045474697,0.54970578533082,-10.0,173.64440792
1,Target,dunnindex,OCT,7.0,0.5242423836972533,0.011134472072741904,-10.0,0.254132888
1,Target,dunnindex,kmeans_plus,7.0,0.5900437832053864,0.025985087041119365,-10.0,0.257371658
1,Target,dunnindex,hclust,5.0,0.5070454045474697,0.54970578533082,-10.0,1.992671364
1,Target,dunnindex,gmm,4.0,0.4698519727657535,0.012927222517837704,-10.0,0.234267896
1,Target,dunnindex,dbscan,0.2,0.28096454867076776,0.01787050599319127,-10.0,0.337479696
