seed,data,criterion,method,K,silhouette,dunn,ari_true,runtime
2,Target,dunnindex,True,6.0,0.29520828013791023,0.25329913298274587,1.0,0.0
2,Target,dunnindex,ICOT_local,2.0,0.6293258938554152,0.3617041171316212,-10.0,2657.409424972
2,Target,dunnindex,OCT,7.0,0.5063182171573686,0.010504660696542394,-10.0,0.228839376
2,Target,dunnindex,kmeans_plus,7.0,0.5891930529287043,0.02876102963518904,-10.0,1.869810071
2,Target,dunnindex,hclust,5.0,0.5070454045474697,0.54970578533082,-10.0,1.994475468
2,Target,dunnindex,gmm,2.0,0.6345429365291497,0.2536922770389607,-10.0,0.240670619
2,Target,dunnindex,dbscan,0.4,0.27378431592522884,0.1168989585578307,-10.0,0.627622811
