seed,data,criterion,geom_threshold,warm_start,method,K,silhouette,dunn,ari_true,runtime
5,Target,silhouette,0.9,none,True,6.0,0.29520828013791023,0.25329913298274587,1.0,0.0
5,Target,silhouette,0.9,none,ICOT_local,2.0,0.6293258938554152,0.3617041171316212,-10.0,601.518142744
5,Target,silhouette,0.9,none,OCT,9.0,0.5111713282881235,0.01812856458291214,-10.0,0.376936512
5,Target,silhouette,0.9,none,kmeans_plus,9.0,0.5934930991289754,0.026778835711248998,-10.0,2.240335898
5,Target,silhouette,0.9,none,hclust,2.0,0.6187945806979066,0.26631728961233314,-10.0,2.068845744
5,Target,silhouette,0.9,none,gmm,2.0,0.6345429365291497,0.2536922770389607,-10.0,0.257252047
5,Target,silhouette,0.9,none,dbscan,0.2,0.4160897939249258,0.031862524354839106,-10.0,0.731719284
