seed,data,criterion,method,K,silhouette,dunn,ari_true,runtime
1,Target,dunnindex,True,6.0,0.29520828013791023,0.25329913298274587,1.0,0.0
1,Target,dunnindex,ICOT_local,5.0,0.5070454045474697,0.54970578533082,-10.0,3618.320233529
1,Target,dunnindex,OCT,7.0,0.5235147923245674,0.011134472072741904,-10.0,0.246697642
1,Target,dunnindex,kmeans_plus,7.0,0.5891930529287043,0.02876102963518904,-10.0,2.145381117
1,Target,dunnindex,hclust,5.0,0.5070454045474697,0.54970578533082,-10.0,2.037186212
1,Target,dunnindex,gmm,4.0,0.4611688233913726,0.016188665242115513,-10.0,0.253004869
1,Target,dunnindex,dbscan,0.4,0.27378431592522884,0.1168989585578307,-10.0,0.714268562
