"seed","data","criterion","geom_threshold","warm_start","method","K","silhouette","dunn","ari_true","runtime"
2,"Target","dunnindex",0.99,"oct","True",6,0.29520828013791,0.253299132982746,1,0
2,"Target","dunnindex",0.99,"oct","ICOT_local",5,0.50704540454747,0.54970578533082,-10,129.483817628
2,"Target","dunnindex",0.99,"oct","OCT",7,0.506318217157369,0.0105046606965424,-10,0.231362304
2,"Target","dunnindex",0.99,"oct","kmeans_plus",7,0.589193052928704,0.028761029635189,-10,1.878464006
2,"Target","dunnindex",0.99,"oct","hclust",5,0.50704540454747,0.54970578533082,-10,1.919259817
2,"Target","dunnindex",0.99,"oct","gmm",2,0.63454293652915,0.253692277038961,-10,0.247201925
2,"Target","dunnindex",0.99,"oct","dbscan",0.4,0.273784315925229,0.116898958557831,-10,0.588385134
