seed,data,criterion,geom_threshold,warm_start,method,K,silhouette,dunn,ari_true,runtime
4,Target,silhouette,0.0,oct,True,6.0,0.29520828013791023,0.25329913298274587,1.0,0.0
4,Target,silhouette,0.0,oct,ICOT_local,8.0,0.529079171047928,0.003434265327860134,-10.0,1468.146388894
4,Target,silhouette,0.0,oct,OCT,9.0,0.5024924710203637,0.01775181889390813,-10.0,0.305276258
4,Target,silhouette,0.0,oct,kmeans_plus,9.0,0.5928690898803927,0.026778835711248998,-10.0,2.18381556
4,Target,silhouette,0.0,oct,hclust,2.0,0.6187945806979066,0.26631728961233314,-10.0,1.586753388
4,Target,silhouette,0.0,oct,gmm,6.0,0.5375990436214734,0.006907102678412806,0.6927611253316359,0.220401155
4,Target,silhouette,0.0,oct,dbscan,0.2,0.4160897939249258,0.031862524354839106,-10.0,0.642286283
