seed,data,criterion,method,K,silhouette,dunn,ari_true,runtime
1,Tetra,dunnindex,True,4.0,0.5035416208491038,0.19966220595159145,1.0,0.0
1,Tetra,dunnindex,ICOT_local,4.0,0.5035416208491038,0.19966220595159145,1.0,821.243713955
1,Tetra,dunnindex,OCT,4.0,0.5035416208491038,0.19966220595159145,1.0,0.193934253
1,Tetra,dunnindex,kmeans_plus,4.0,0.5035416208491038,0.19966220595159145,1.0,1.076759446
1,Tetra,dunnindex,hclust,4.0,0.5035416208491038,0.19966220595159145,1.0,1.087403031
1,Tetra,dunnindex,gmm,4.0,0.5035416208491038,0.19966220595159145,1.0,0.196234251
1,Tetra,dunnindex,dbscan,0.4,0.5035416208491038,0.19966220595159145,-10.0,0.400048847
