seed,data,criterion,method,K,silhouette,dunn,ari_true,runtime
3,Tetra,dunnindex,True,4.0,0.5035416208491038,0.19966220595159145,1.0,0.0
3,Tetra,dunnindex,ICOT_local,4.0,0.5035416208491038,0.19966220595159145,1.0,22.363825121
3,Tetra,dunnindex,OCT,4.0,0.5035416208491038,0.19966220595159145,1.0,0.134544913
3,Tetra,dunnindex,kmeans_plus,4.0,0.5035416208491038,0.19966220595159145,1.0,0.167070059
3,Tetra,dunnindex,hclust,4.0,0.5035416208491038,0.19966220595159145,1.0,1.252473861
3,Tetra,dunnindex,gmm,4.0,0.5035416208491038,0.19966220595159145,1.0,0.194711006
3,Tetra,dunnindex,dbscan,0.2,0.0,Inf,-10.0,0.296237553
