"seed","data","criterion","geom_threshold","warm_start","method","K","silhouette","dunn","ari_true","runtime"
1,"Tetra","silhouette",0.99,"oct","True",4,0.503541620849104,0.199662205951591,1,0
1,"Tetra","silhouette",0.99,"oct","ICOT_local",4,0.503541620849104,0.199662205951591,1,17.591602445
1,"Tetra","silhouette",0.99,"oct","OCT",4,0.503541620849104,0.199662205951591,1,0.112142433
1,"Tetra","silhouette",0.99,"oct","kmeans_plus",4,0.503541620849104,0.199662205951591,1,0.906088523
1,"Tetra","silhouette",0.99,"oct","hclust",4,0.503541620849104,0.199662205951591,1,1.271315749
1,"Tetra","silhouette",0.99,"oct","gmm",4,0.503541620849104,0.199662205951591,1,0.196637692
1,"Tetra","silhouette",0.99,"oct","dbscan",0.4,0.503541620849104,0.199662205951591,-10,0.387067153
