seed,data,criterion,method,K,silhouette,dunn,ari_true,runtime
2,Tetra,dunnindex,True,4.0,0.5035416208491038,0.19966220595159145,1.0,0.0
2,Tetra,dunnindex,ICOT_local,4.0,0.5035416208491038,0.19966220595159145,1.0,22.07151158
2,Tetra,dunnindex,OCT,4.0,0.5035416208491038,0.19966220595159145,1.0,0.131250014
2,Tetra,dunnindex,kmeans_plus,4.0,0.5035416208491038,0.19966220595159145,1.0,0.088316757
2,Tetra,dunnindex,hclust,4.0,0.5035416208491038,0.19966220595159145,1.0,1.243782468
2,Tetra,dunnindex,gmm,4.0,0.5035416208491038,0.19966220595159145,1.0,0.199895455
2,Tetra,dunnindex,dbscan,0.2,0.0,Inf,-10.0,0.33353465
