seed,data,criterion,method,K,silhouette,dunn,ari_true,runtime
3,Tetra,silhouette,True,4.0,0.5035416208491038,0.19966220595159145,1.0,0.0
3,Tetra,silhouette,ICOT_local,4.0,0.5035416208491038,0.19966220595159145,1.0,377.081870674
3,Tetra,silhouette,OCT,4.0,0.5035416208491038,0.19966220595159145,1.0,0.211098746
3,Tetra,silhouette,kmeans_plus,4.0,0.5035416208491038,0.19966220595159145,1.0,1.064071828
3,Tetra,silhouette,hclust,4.0,0.5035416208491038,0.19966220595159145,1.0,1.378155657
3,Tetra,silhouette,gmm,4.0,0.5035416208491038,0.19966220595159145,1.0,0.215488335
3,Tetra,silhouette,dbscan,0.4,0.5035416208491038,0.19966220595159145,-10.0,0.454492193
