seed,data,criterion,method,K,silhouette,dunn,ari_true,runtime
4,Tetra,silhouette,True,4.0,0.5035416208491038,0.19966220595159145,1.0,0.0
4,Tetra,silhouette,ICOT_local,4.0,0.5035416208491038,0.19966220595159145,1.0,355.256119109
4,Tetra,silhouette,OCT,4.0,0.5035416208491038,0.19966220595159145,1.0,0.211269104
4,Tetra,silhouette,kmeans_plus,4.0,0.5035416208491038,0.19966220595159145,1.0,1.024661585
4,Tetra,silhouette,hclust,4.0,0.5035416208491038,0.19966220595159145,1.0,1.318499537
4,Tetra,silhouette,gmm,4.0,0.5035416208491038,0.19966220595159145,1.0,0.200399198
4,Tetra,silhouette,dbscan,0.4,0.5035416208491038,0.19966220595159145,-10.0,0.46702176
