seed,data,criterion,geom_threshold,warm_start,method,K,silhouette,dunn,ari_true,runtime
1,Tetra,silhouette,0.0,oct,True,4.0,0.5035416208491038,0.19966220595159145,1.0,0.0
1,Tetra,silhouette,0.0,oct,ICOT_local,4.0,0.5035416208491038,0.19966220595159145,1.0,205.604867659
1,Tetra,silhouette,0.0,oct,OCT,4.0,0.5035416208491038,0.19966220595159145,1.0,0.122375486
1,Tetra,silhouette,0.0,oct,kmeans_plus,4.0,0.5035416208491038,0.19966220595159145,1.0,1.055717357
1,Tetra,silhouette,0.0,oct,hclust,4.0,0.5035416208491038,0.19966220595159145,1.0,1.235364819
1,Tetra,silhouette,0.0,oct,gmm,4.0,0.5035416208491038,0.19966220595159145,1.0,0.198387248
1,Tetra,silhouette,0.0,oct,dbscan,0.4,0.5035416208491038,0.19966220595159145,-10.0,0.550080562
