seed,data,criterion,method,K,silhouette,dunn,ari_true,runtime
4,Tetra,silhouette,True,4.0,0.5035416208491038,0.19966220595159145,1.0,0.0
4,Tetra,silhouette,ICOT_local,4.0,0.5035416208491038,0.19966220595159145,1.0,19.167807698
4,Tetra,silhouette,OCT,4.0,0.5035416208491038,0.19966220595159145,1.0,0.13489068
4,Tetra,silhouette,kmeans_plus,4.0,0.5035416208491038,0.19966220595159145,1.0,0.081416878
4,Tetra,silhouette,hclust,4.0,0.5035416208491038,0.19966220595159145,1.0,0.901892412
4,Tetra,silhouette,gmm,4.0,0.5035416208491038,0.19966220595159145,1.0,0.217724515
4,Tetra,silhouette,dbscan,0.2,0.0,Inf,-10.0,0.24797781
