seed,data,criterion,geom_threshold,warm_start,method,K,silhouette,dunn,ari_true,runtime
3,Tetra,dunnindex,0.0,oct,True,4.0,0.5035416208491038,0.19966220595159145,1.0,0.0
3,Tetra,dunnindex,0.0,oct,ICOT_local,4.0,0.5035416208491038,0.19966220595159145,1.0,405.973737839
3,Tetra,dunnindex,0.0,oct,OCT,4.0,0.5035416208491038,0.19966220595159145,1.0,0.13849944
3,Tetra,dunnindex,0.0,oct,kmeans_plus,4.0,0.5035416208491038,0.19966220595159145,1.0,1.08322656
3,Tetra,dunnindex,0.0,oct,hclust,4.0,0.5035416208491038,0.19966220595159145,1.0,1.014565617
3,Tetra,dunnindex,0.0,oct,gmm,4.0,0.5035416208491038,0.19966220595159145,1.0,0.238766189
3,Tetra,dunnindex,0.0,oct,dbscan,0.4,0.5035416208491038,0.19966220595159145,-10.0,0.383442876
