seed,data,criterion,geom_threshold,warm_start,method,K,silhouette,dunn,ari_true,runtime
1,Tetra,dunnindex,0.99,none,True,4.0,0.5035416208491038,0.19966220595159145,1.0,0.0
1,Tetra,dunnindex,0.99,none,ICOT_local,4.0,0.5035416208491038,0.19966220595159145,1.0,125.089272201
1,Tetra,dunnindex,0.99,none,OCT,4.0,0.5035416208491038,0.19966220595159145,1.0,0.224239472
1,Tetra,dunnindex,0.99,none,kmeans_plus,4.0,0.5035416208491038,0.19966220595159145,1.0,1.060050457
1,Tetra,dunnindex,0.99,none,hclust,4.0,0.5035416208491038,0.19966220595159145,1.0,1.329968255
1,Tetra,dunnindex,0.99,none,gmm,4.0,0.5035416208491038,0.19966220595159145,1.0,0.209463994
1,Tetra,dunnindex,0.99,none,dbscan,0.4,0.5035416208491038,0.19966220595159145,-10.0,0.470012561
