seed,data,criterion,geom_threshold,warm_start,method,K,silhouette,dunn,ari_true,runtime
3,Tetra,dunnindex,0.0,none,True,4.0,0.5035416208491038,0.19966220595159145,1.0,0.0
3,Tetra,dunnindex,0.0,none,ICOT_local,4.0,0.5035416208491038,0.19966220595159145,1.0,831.891027106
3,Tetra,dunnindex,0.0,none,OCT,4.0,0.5035416208491038,0.19966220595159145,1.0,0.207307795
3,Tetra,dunnindex,0.0,none,kmeans_plus,4.0,0.5035416208491038,0.19966220595159145,1.0,1.080600458
3,Tetra,dunnindex,0.0,none,hclust,4.0,0.5035416208491038,0.19966220595159145,1.0,1.264425332
3,Tetra,dunnindex,0.0,none,gmm,4.0,0.5035416208491038,0.19966220595159145,1.0,0.235543871
3,Tetra,dunnindex,0.0,none,dbscan,0.4,0.5035416208491038,0.19966220595159145,-10.0,0.411059955
