seed,data,criterion,method,K,silhouette,dunn,ari_true,runtime
5,Tetra,dunnindex,True,4.0,0.5035416208491038,0.19966220595159145,1.0,0.0
5,Tetra,dunnindex,ICOT_local,4.0,0.5035416208491038,0.19966220595159145,1.0,815.936456464
5,Tetra,dunnindex,OCT,4.0,0.5035416208491038,0.19966220595159145,1.0,0.138104138
5,Tetra,dunnindex,kmeans_plus,4.0,0.5035416208491038,0.19966220595159145,1.0,0.937036135
5,Tetra,dunnindex,hclust,4.0,0.5035416208491038,0.19966220595159145,1.0,1.169863513
5,Tetra,dunnindex,gmm,4.0,0.5035416208491038,0.19966220595159145,1.0,0.183270453
5,Tetra,dunnindex,dbscan,0.4,0.5035416208491038,0.19966220595159145,-10.0,0.429027204
