seed,data,criterion,method,K,silhouette,dunn,ari_true,runtime
3,Tetra,dunnindex,True,4.0,0.5035416208491038,0.19966220595159145,1.0,0.0
3,Tetra,dunnindex,ICOT_local,4.0,0.5035416208491038,0.19966220595159145,1.0,20.780877935
3,Tetra,dunnindex,OCT,4.0,0.5035416208491038,0.19966220595159145,1.0,0.128346389
3,Tetra,dunnindex,kmeans_plus,4.0,0.5035416208491038,0.19966220595159145,1.0,0.999520743
3,Tetra,dunnindex,hclust,4.0,0.5035416208491038,0.19966220595159145,1.0,1.458505416
3,Tetra,dunnindex,gmm,4.0,0.5035416208491038,0.19966220595159145,1.0,0.208614952
3,Tetra,dunnindex,dbscan,0.4,0.5035416208491038,0.19966220595159145,-10.0,0.430981356
