seed,data,criterion,geom_threshold,warm_start,method,K,silhouette,dunn,ari_true,runtime
5,Tetra,dunnindex,0.9,none,True,4.0,0.5035416208491038,0.19966220595159145,1.0,0.0
5,Tetra,dunnindex,0.9,none,ICOT_local,4.0,0.5035416208491038,0.19966220595159145,1.0,171.902683386
5,Tetra,dunnindex,0.9,none,OCT,4.0,0.5035416208491038,0.19966220595159145,1.0,0.136601825
5,Tetra,dunnindex,0.9,none,kmeans_plus,4.0,0.5035416208491038,0.19966220595159145,1.0,1.037510428
5,Tetra,dunnindex,0.9,none,hclust,4.0,0.5035416208491038,0.19966220595159145,1.0,1.403985359
5,Tetra,dunnindex,0.9,none,gmm,4.0,0.5035416208491038,0.19966220595159145,1.0,0.194934865
5,Tetra,dunnindex,0.9,none,dbscan,0.4,0.5035416208491038,0.19966220595159145,-10.0,0.507616554
