seed,data,criterion,geom_threshold,warm_start,method,K,silhouette,dunn,ari_true,runtime
2,Tetra,dunnindex,0.0,none,True,4.0,0.5035416208491038,0.19966220595159145,1.0,0.0
2,Tetra,dunnindex,0.0,none,ICOT_local,4.0,0.5035416208491038,0.19966220595159145,1.0,865.321239528
2,Tetra,dunnindex,0.0,none,OCT,4.0,0.5035416208491038,0.19966220595159145,1.0,0.213344815
2,Tetra,dunnindex,0.0,none,kmeans_plus,4.0,0.5035416208491038,0.19966220595159145,1.0,1.510005307
2,Tetra,dunnindex,0.0,none,hclust,4.0,0.5035416208491038,0.19966220595159145,1.0,1.046218158
2,Tetra,dunnindex,0.0,none,gmm,4.0,0.5035416208491038,0.19966220595159145,1.0,0.227524526
2,Tetra,dunnindex,0.0,none,dbscan,0.4,0.5035416208491038,0.19966220595159145,-10.0,0.43224945
