"seed","data","criterion","geom_threshold","warm_start","method","K","silhouette","dunn","ari_true","runtime"
5,"Tetra","silhouette",0.99,"oct","True",4,0.503541620849104,0.199662205951591,1,0
5,"Tetra","silhouette",0.99,"oct","ICOT_local",4,0.503541620849104,0.199662205951591,1,17.770006467
5,"Tetra","silhouette",0.99,"oct","OCT",4,0.503541620849104,0.199662205951591,1,0.13353824
5,"Tetra","silhouette",0.99,"oct","kmeans_plus",4,0.503541620849104,0.199662205951591,1,0.85215786
5,"Tetra","silhouette",0.99,"oct","hclust",4,0.503541620849104,0.199662205951591,1,1.339625248
5,"Tetra","silhouette",0.99,"oct","gmm",4,0.503541620849104,0.199662205951591,1,0.187347829
5,"Tetra","silhouette",0.99,"oct","dbscan",0.4,0.503541620849104,0.199662205951591,-10,0.532296241
