"seed","data","criterion","geom_threshold","warm_start","method","K","silhouette","dunn","ari_true","runtime"
4,"Tetra","silhouette",0.99,"oct","True",4,0.503541620849104,0.199662205951591,1,0
4,"Tetra","silhouette",0.99,"oct","ICOT_local",4,0.503541620849104,0.199662205951591,1,17.533549518
4,"Tetra","silhouette",0.99,"oct","OCT",4,0.503541620849104,0.199662205951591,1,0.126527874
4,"Tetra","silhouette",0.99,"oct","kmeans_plus",4,0.503541620849104,0.199662205951591,1,0.936007043
4,"Tetra","silhouette",0.99,"oct","hclust",4,0.503541620849104,0.199662205951591,1,1.17626498
4,"Tetra","silhouette",0.99,"oct","gmm",4,0.503541620849104,0.199662205951591,1,0.205353168
4,"Tetra","silhouette",0.99,"oct","dbscan",0.4,0.503541620849104,0.199662205951591,-10,0.45318306
