seed,data,criterion,geom_threshold,warm_start,method,K,silhouette,dunn,ari_true,runtime
1,Tetra,silhouette,0.9,oct,True,4.0,0.5035416208491038,0.19966220595159145,1.0,0.0
1,Tetra,silhouette,0.9,oct,ICOT_local,4.0,0.5035416208491038,0.19966220595159145,1.0,39.545736315
1,Tetra,silhouette,0.9,oct,OCT,4.0,0.5035416208491038,0.19966220595159145,1.0,0.138637729
1,Tetra,silhouette,0.9,oct,kmeans_plus,4.0,0.5035416208491038,0.19966220595159145,1.0,1.160997734
1,Tetra,silhouette,0.9,oct,hclust,4.0,0.5035416208491038,0.19966220595159145,1.0,1.297319508
1,Tetra,silhouette,0.9,oct,gmm,4.0,0.5035416208491038,0.19966220595159145,1.0,0.208027445
1,Tetra,silhouette,0.9,oct,dbscan,0.4,0.5035416208491038,0.19966220595159145,-10.0,0.831154307
