"seed","data","criterion","geom_threshold","warm_start","method","K","silhouette","dunn","ari_true","runtime"
1,"Tetra","dunnindex",0.99,"oct","True",4,0.503541620849104,0.199662205951591,1,0
1,"Tetra","dunnindex",0.99,"oct","ICOT_local",4,0.503541620849104,0.199662205951591,1,20.125874238
1,"Tetra","dunnindex",0.99,"oct","OCT",4,0.503541620849104,0.199662205951591,1,0.121398574
1,"Tetra","dunnindex",0.99,"oct","kmeans_plus",4,0.503541620849104,0.199662205951591,1,0.983304431
1,"Tetra","dunnindex",0.99,"oct","hclust",4,0.503541620849104,0.199662205951591,1,1.25999832
1,"Tetra","dunnindex",0.99,"oct","gmm",4,0.503541620849104,0.199662205951591,1,0.203472034
1,"Tetra","dunnindex",0.99,"oct","dbscan",0.4,0.503541620849104,0.199662205951591,-10,0.454530377
