seed,data,criterion,method,K,silhouette,dunn,ari_true,runtime
5,Tetra,dunnindex,True,4.0,0.5035416208491038,0.19966220595159145,1.0,0.0
5,Tetra,dunnindex,ICOT_local,4.0,0.5035416208491038,0.19966220595159145,1.0,20.315452225
5,Tetra,dunnindex,OCT,4.0,0.5035416208491038,0.19966220595159145,1.0,0.132473033
5,Tetra,dunnindex,kmeans_plus,4.0,0.5035416208491038,0.19966220595159145,1.0,0.988590553
5,Tetra,dunnindex,hclust,4.0,0.5035416208491038,0.19966220595159145,1.0,1.473767149
5,Tetra,dunnindex,gmm,4.0,0.5035416208491038,0.19966220595159145,1.0,0.207442251
5,Tetra,dunnindex,dbscan,0.4,0.5035416208491038,0.19966220595159145,-10.0,0.478817734
