seed,data,criterion,method,K,silhouette,dunn,ari_true,runtime
2,Tetra,dunnindex,True,4.0,0.5035416208491038,0.19966220595159145,1.0,0.0
2,Tetra,dunnindex,ICOT_local,4.0,0.5035416208491038,0.19966220595159145,1.0,813.929583083
2,Tetra,dunnindex,OCT,4.0,0.5035416208491038,0.19966220595159145,1.0,0.194632675
2,Tetra,dunnindex,kmeans_plus,4.0,0.5035416208491038,0.19966220595159145,1.0,0.994384584
2,Tetra,dunnindex,hclust,4.0,0.5035416208491038,0.19966220595159145,1.0,1.185038002
2,Tetra,dunnindex,gmm,4.0,0.5035416208491038,0.19966220595159145,1.0,0.198455145
2,Tetra,dunnindex,dbscan,0.4,0.5035416208491038,0.19966220595159145,-10.0,0.51859663
