seed,data,criterion,geom_threshold,warm_start,method,K,silhouette,dunn,ari_true,runtime
3,Tetra,silhouette,0.0,oct,True,4.0,0.5035416208491038,0.19966220595159145,1.0,0.0
3,Tetra,silhouette,0.0,oct,ICOT_local,4.0,0.5035416208491038,0.19966220595159145,1.0,205.160918396
3,Tetra,silhouette,0.0,oct,OCT,4.0,0.5035416208491038,0.19966220595159145,1.0,0.140892522
3,Tetra,silhouette,0.0,oct,kmeans_plus,4.0,0.5035416208491038,0.19966220595159145,1.0,1.044020061
3,Tetra,silhouette,0.0,oct,hclust,4.0,0.5035416208491038,0.19966220595159145,1.0,1.483229305
3,Tetra,silhouette,0.0,oct,gmm,4.0,0.5035416208491038,0.19966220595159145,1.0,0.181116372
3,Tetra,silhouette,0.0,oct,dbscan,0.4,0.5035416208491038,0.19966220595159145,-10.0,0.414789836
