seed,data,criterion,method,K,silhouette,dunn,ari_true,runtime
5,Tetra,dunnindex,True,4.0,0.5035416208491038,0.19966220595159145,1.0,0.0
5,Tetra,dunnindex,ICOT_local,4.0,0.5035416208491038,0.19966220595159145,1.0,21.891968178
5,Tetra,dunnindex,OCT,4.0,0.5035416208491038,0.19966220595159145,1.0,0.141163069
5,Tetra,dunnindex,kmeans_plus,4.0,0.5035416208491038,0.19966220595159145,1.0,0.14845656
5,Tetra,dunnindex,hclust,4.0,0.5035416208491038,0.19966220595159145,1.0,0.991476437
5,Tetra,dunnindex,gmm,4.0,0.5035416208491038,0.19966220595159145,1.0,0.166521204
5,Tetra,dunnindex,dbscan,0.2,0.0,Inf,-10.0,0.328648392
