seed,data,criterion,geom_threshold,warm_start,method,K,silhouette,dunn,ari_true,runtime
1,Tetra,dunnindex,0.9,none,True,4.0,0.5035416208491038,0.19966220595159145,1.0,0.0
1,Tetra,dunnindex,0.9,none,ICOT_local,4.0,0.5035416208491038,0.19966220595159145,1.0,184.879160696
1,Tetra,dunnindex,0.9,none,OCT,4.0,0.5035416208491038,0.19966220595159145,1.0,0.324714501
1,Tetra,dunnindex,0.9,none,kmeans_plus,4.0,0.5035416208491038,0.19966220595159145,1.0,0.99485603
1,Tetra,dunnindex,0.9,none,hclust,4.0,0.5035416208491038,0.19966220595159145,1.0,0.994076826
1,Tetra,dunnindex,0.9,none,gmm,4.0,0.5035416208491038,0.19966220595159145,1.0,0.205713597
1,Tetra,dunnindex,0.9,none,dbscan,0.4,0.5035416208491038,0.19966220595159145,-10.0,0.392149093
