seed,data,criterion,method,K,silhouette,dunn,ari_true,runtime
3,Tetra,silhouette,True,4.0,0.5035416208491038,0.19966220595159145,1.0,0.0
3,Tetra,silhouette,ICOT_local,4.0,0.5035416208491038,0.19966220595159145,1.0,19.058960836
3,Tetra,silhouette,OCT,4.0,0.5035416208491038,0.19966220595159145,1.0,0.14329977
3,Tetra,silhouette,kmeans_plus,4.0,0.5035416208491038,0.19966220595159145,1.0,0.147704203
3,Tetra,silhouette,hclust,4.0,0.5035416208491038,0.19966220595159145,1.0,1.178210326
3,Tetra,silhouette,gmm,4.0,0.5035416208491038,0.19966220595159145,1.0,0.219899734
3,Tetra,silhouette,dbscan,0.2,0.0,Inf,-10.0,0.290062298
