seed,data,criterion,geom_threshold,warm_start,method,K,silhouette,dunn,ari_true,runtime
1,Tetra,dunnindex,0.0,oct,True,4.0,0.5035416208491038,0.19966220595159145,1.0,0.0
1,Tetra,dunnindex,0.0,oct,ICOT_local,4.0,0.5035416208491038,0.19966220595159145,1.0,422.257088889
1,Tetra,dunnindex,0.0,oct,OCT,4.0,0.5035416208491038,0.19966220595159145,1.0,0.122108877
1,Tetra,dunnindex,0.0,oct,kmeans_plus,4.0,0.5035416208491038,0.19966220595159145,1.0,1.073622374
1,Tetra,dunnindex,0.0,oct,hclust,4.0,0.5035416208491038,0.19966220595159145,1.0,1.300829551
1,Tetra,dunnindex,0.0,oct,gmm,4.0,0.5035416208491038,0.19966220595159145,1.0,0.2096489
1,Tetra,dunnindex,0.0,oct,dbscan,0.4,0.5035416208491038,0.19966220595159145,-10.0,0.490844747
