seed,data,criterion,method,K,silhouette,dunn,ari_true,runtime
2,Tetra,silhouette,True,4.0,0.5035416208491038,0.19966220595159145,1.0,0.0
2,Tetra,silhouette,ICOT_local,4.0,0.5035416208491038,0.19966220595159145,1.0,370.743435316
2,Tetra,silhouette,OCT,4.0,0.5035416208491038,0.19966220595159145,1.0,0.127630649
2,Tetra,silhouette,kmeans_plus,4.0,0.5035416208491038,0.19966220595159145,1.0,1.070686545
2,Tetra,silhouette,hclust,4.0,0.5035416208491038,0.19966220595159145,1.0,1.329829026
2,Tetra,silhouette,gmm,4.0,0.5035416208491038,0.19966220595159145,1.0,0.187330742
2,Tetra,silhouette,dbscan,0.4,0.5035416208491038,0.19966220595159145,-10.0,0.478412455
