"seed","data","criterion","geom_threshold","warm_start","method","K","silhouette","dunn","ari_true","runtime"
2,"Tetra","silhouette",0.99,"oct","True",4,0.503541620849104,0.199662205951591,1,0
2,"Tetra","silhouette",0.99,"oct","ICOT_local",4,0.503541620849104,0.199662205951591,1,17.443206523
2,"Tetra","silhouette",0.99,"oct","OCT",4,0.503541620849104,0.199662205951591,1,0.113748647
2,"Tetra","silhouette",0.99,"oct","kmeans_plus",4,0.503541620849104,0.199662205951591,1,1.044923186
2,"Tetra","silhouette",0.99,"oct","hclust",4,0.503541620849104,0.199662205951591,1,1.04783895
2,"Tetra","silhouette",0.99,"oct","gmm",4,0.503541620849104,0.199662205951591,1,0.187242811
2,"Tetra","silhouette",0.99,"oct","dbscan",0.4,0.503541620849104,0.199662205951591,-10,0.428143132
