seed,data,criterion,geom_threshold,warm_start,method,K,silhouette,dunn,ari_true,runtime
5,Tetra,silhouette,0.0,none,True,4.0,0.5035416208491038,0.19966220595159145,1.0,0.0
5,Tetra,silhouette,0.0,none,ICOT_local,4.0,0.5035416208491038,0.19966220595159145,1.0,364.141158914
5,Tetra,silhouette,0.0,none,OCT,4.0,0.5035416208491038,0.19966220595159145,1.0,0.210505751
5,Tetra,silhouette,0.0,none,kmeans_plus,4.0,0.5035416208491038,0.19966220595159145,1.0,1.001333621
5,Tetra,silhouette,0.0,none,hclust,4.0,0.5035416208491038,0.19966220595159145,1.0,1.231758037
5,Tetra,silhouette,0.0,none,gmm,4.0,0.5035416208491038,0.19966220595159145,1.0,0.204607994
5,Tetra,silhouette,0.0,none,dbscan,0.4,0.5035416208491038,0.19966220595159145,-10.0,0.490442501
