seed,data,criterion,method,K,silhouette,dunn,ari_true,runtime
4,Tetra,dunnindex,True,4.0,0.5035416208491038,0.19966220595159145,1.0,0.0
4,Tetra,dunnindex,ICOT_local,4.0,0.5035416208491038,0.19966220595159145,1.0,805.771407672
4,Tetra,dunnindex,OCT,4.0,0.5035416208491038,0.19966220595159145,1.0,0.129297667
4,Tetra,dunnindex,kmeans_plus,4.0,0.5035416208491038,0.19966220595159145,1.0,1.016477381
4,Tetra,dunnindex,hclust,4.0,0.5035416208491038,0.19966220595159145,1.0,1.111516239
4,Tetra,dunnindex,gmm,4.0,0.5035416208491038,0.19966220595159145,1.0,0.202841551
4,Tetra,dunnindex,dbscan,0.4,0.5035416208491038,0.19966220595159145,-10.0,0.503465802
