seed,data,criterion,geom_threshold,warm_start,method,K,silhouette,dunn,ari_true,runtime
5,Tetra,dunnindex,0.0,none,True,4.0,0.5035416208491038,0.19966220595159145,1.0,0.0
5,Tetra,dunnindex,0.0,none,ICOT_local,4.0,0.5035416208491038,0.19966220595159145,1.0,1091.868744487
5,Tetra,dunnindex,0.0,none,OCT,4.0,0.5035416208491038,0.19966220595159145,1.0,0.228918649
5,Tetra,dunnindex,0.0,none,kmeans_plus,4.0,0.5035416208491038,0.19966220595159145,1.0,0.834790988
5,Tetra,dunnindex,0.0,none,hclust,4.0,0.5035416208491038,0.19966220595159145,1.0,1.042595531
5,Tetra,dunnindex,0.0,none,gmm,4.0,0.5035416208491038,0.19966220595159145,1.0,0.225789215
5,Tetra,dunnindex,0.0,none,dbscan,0.4,0.5035416208491038,0.19966220595159145,-10.0,0.432880588
