seed,data,criterion,method,K,silhouette,dunn,ari_true,runtime
5,Tetra,silhouette,True,4.0,0.5035416208491038,0.19966220595159145,1.0,0.0
5,Tetra,silhouette,ICOT_local,4.0,0.5035416208491038,0.19966220595159145,1.0,368.368516546
5,Tetra,silhouette,OCT,4.0,0.5035416208491038,0.19966220595159145,1.0,0.23198216
5,Tetra,silhouette,kmeans_plus,4.0,0.5035416208491038,0.19966220595159145,1.0,1.01365549
5,Tetra,silhouette,hclust,4.0,0.5035416208491038,0.19966220595159145,1.0,0.92998518
5,Tetra,silhouette,gmm,4.0,0.5035416208491038,0.19966220595159145,1.0,0.246116211
5,Tetra,silhouette,dbscan,0.4,0.5035416208491038,0.19966220595159145,-10.0,0.567799554
