seed,data,criterion,method,K,silhouette,dunn,ari_true,runtime
1,Tetra,silhouette,True,4.0,0.5035416208491038,0.19966220595159145,1.0,0.0
1,Tetra,silhouette,ICOT_local,4.0,0.5035416208491038,0.19966220595159145,1.0,17.591602445
1,Tetra,silhouette,OCT,4.0,0.5035416208491038,0.19966220595159145,1.0,0.112142433
1,Tetra,silhouette,kmeans_plus,4.0,0.5035416208491038,0.19966220595159145,1.0,0.906088523
1,Tetra,silhouette,hclust,4.0,0.5035416208491038,0.19966220595159145,1.0,1.271315749
1,Tetra,silhouette,gmm,4.0,0.5035416208491038,0.19966220595159145,1.0,0.196637692
1,Tetra,silhouette,dbscan,0.4,0.5035416208491038,0.19966220595159145,-10.0,0.387067153
