seed,data,criterion,geom_threshold,warm_start,method,K,silhouette,dunn,ari_true,runtime
4,Tetra,dunnindex,0.0,oct,True,4.0,0.5035416208491038,0.19966220595159145,1.0,0.0
4,Tetra,dunnindex,0.0,oct,ICOT_local,4.0,0.5035416208491038,0.19966220595159145,1.0,383.459403857
4,Tetra,dunnindex,0.0,oct,OCT,4.0,0.5035416208491038,0.19966220595159145,1.0,0.137401589
4,Tetra,dunnindex,0.0,oct,kmeans_plus,4.0,0.5035416208491038,0.19966220595159145,1.0,1.010758745
4,Tetra,dunnindex,0.0,oct,hclust,4.0,0.5035416208491038,0.19966220595159145,1.0,1.331960021
4,Tetra,dunnindex,0.0,oct,gmm,4.0,0.5035416208491038,0.19966220595159145,1.0,0.208906188
4,Tetra,dunnindex,0.0,oct,dbscan,0.4,0.5035416208491038,0.19966220595159145,-10.0,0.487293811
