seed,data,criterion,geom_threshold,warm_start,method,K,silhouette,dunn,ari_true,runtime
3,Tetra,silhouette,0.0,none,True,4.0,0.5035416208491038,0.19966220595159145,1.0,0.0
3,Tetra,silhouette,0.0,none,ICOT_local,4.0,0.5035416208491038,0.19966220595159145,1.0,363.931060023
3,Tetra,silhouette,0.0,none,OCT,4.0,0.5035416208491038,0.19966220595159145,1.0,0.210076891
3,Tetra,silhouette,0.0,none,kmeans_plus,4.0,0.5035416208491038,0.19966220595159145,1.0,1.049083859
3,Tetra,silhouette,0.0,none,hclust,4.0,0.5035416208491038,0.19966220595159145,1.0,1.151461509
3,Tetra,silhouette,0.0,none,gmm,4.0,0.5035416208491038,0.19966220595159145,1.0,0.192272181
3,Tetra,silhouette,0.0,none,dbscan,0.4,0.5035416208491038,0.19966220595159145,-10.0,0.492787902
