seed,data,criterion,geom_threshold,warm_start,method,K,silhouette,dunn,ari_true,runtime
5,Tetra,silhouette,0.9,oct,True,4.0,0.5035416208491038,0.19966220595159145,1.0,0.0
5,Tetra,silhouette,0.9,oct,ICOT_local,4.0,0.5035416208491038,0.19966220595159145,1.0,37.774214213
5,Tetra,silhouette,0.9,oct,OCT,4.0,0.5035416208491038,0.19966220595159145,1.0,0.24006235
5,Tetra,silhouette,0.9,oct,kmeans_plus,4.0,0.5035416208491038,0.19966220595159145,1.0,1.014222302
5,Tetra,silhouette,0.9,oct,hclust,4.0,0.5035416208491038,0.19966220595159145,1.0,1.292195161
5,Tetra,silhouette,0.9,oct,gmm,4.0,0.5035416208491038,0.19966220595159145,1.0,0.192586429
5,Tetra,silhouette,0.9,oct,dbscan,0.4,0.5035416208491038,0.19966220595159145,-10.0,0.917901349
