"seed","data","criterion","geom_threshold","warm_start","method","K","silhouette","dunn","ari_true","runtime"
3,"Tetra","dunnindex",0.99,"oct","True",4,0.503541620849104,0.199662205951591,1,0
3,"Tetra","dunnindex",0.99,"oct","ICOT_local",4,0.503541620849104,0.199662205951591,1,20.780877935
3,"Tetra","dunnindex",0.99,"oct","OCT",4,0.503541620849104,0.199662205951591,1,0.128346389
3,"Tetra","dunnindex",0.99,"oct","kmeans_plus",4,0.503541620849104,0.199662205951591,1,0.999520743
3,"Tetra","dunnindex",0.99,"oct","hclust",4,0.503541620849104,0.199662205951591,1,1.458505416
3,"Tetra","dunnindex",0.99,"oct","gmm",4,0.503541620849104,0.199662205951591,1,0.208614952
3,"Tetra","dunnindex",0.99,"oct","dbscan",0.4,0.503541620849104,0.199662205951591,-10,0.430981356
