seed,data,criterion,geom_threshold,warm_start,method,K,silhouette,dunn,ari_true,runtime
4,Tetra,dunnindex,0.9,oct,True,4.0,0.5035416208491038,0.19966220595159145,1.0,0.0
4,Tetra,dunnindex,0.9,oct,ICOT_local,4.0,0.5035416208491038,0.19966220595159145,1.0,57.854315792
4,Tetra,dunnindex,0.9,oct,OCT,4.0,0.5035416208491038,0.19966220595159145,1.0,0.138360806
4,Tetra,dunnindex,0.9,oct,kmeans_plus,4.0,0.5035416208491038,0.19966220595159145,1.0,1.036023488
4,Tetra,dunnindex,0.9,oct,hclust,4.0,0.5035416208491038,0.19966220595159145,1.0,1.520688401
4,Tetra,dunnindex,0.9,oct,gmm,4.0,0.5035416208491038,0.19966220595159145,1.0,0.221961259
4,Tetra,dunnindex,0.9,oct,dbscan,0.4,0.5035416208491038,0.19966220595159145,-10.0,0.459016572
