seed,data,criterion,geom_threshold,warm_start,method,K,silhouette,dunn,ari_true,runtime
4,Tetra,dunnindex,0.9,none,True,4.0,0.5035416208491038,0.19966220595159145,1.0,0.0
4,Tetra,dunnindex,0.9,none,ICOT_local,4.0,0.5035416208491038,0.19966220595159145,1.0,168.906266282
4,Tetra,dunnindex,0.9,none,OCT,4.0,0.5035416208491038,0.19966220595159145,1.0,0.129625237
4,Tetra,dunnindex,0.9,none,kmeans_plus,4.0,0.5035416208491038,0.19966220595159145,1.0,0.974406667
4,Tetra,dunnindex,0.9,none,hclust,4.0,0.5035416208491038,0.19966220595159145,1.0,0.872189314
4,Tetra,dunnindex,0.9,none,gmm,4.0,0.5035416208491038,0.19966220595159145,1.0,0.22673978
4,Tetra,dunnindex,0.9,none,dbscan,0.4,0.5035416208491038,0.19966220595159145,-10.0,0.498637077
