seed,data,criterion,geom_threshold,warm_start,method,K,silhouette,dunn,ari_true,runtime
1,Tetra,dunnindex,0.9,oct,True,4.0,0.5035416208491038,0.19966220595159145,1.0,0.0
1,Tetra,dunnindex,0.9,oct,ICOT_local,4.0,0.5035416208491038,0.19966220595159145,1.0,67.216573232
1,Tetra,dunnindex,0.9,oct,OCT,4.0,0.5035416208491038,0.19966220595159145,1.0,0.118219181
1,Tetra,dunnindex,0.9,oct,kmeans_plus,4.0,0.5035416208491038,0.19966220595159145,1.0,0.854329162
1,Tetra,dunnindex,0.9,oct,hclust,4.0,0.5035416208491038,0.19966220595159145,1.0,1.32197686
1,Tetra,dunnindex,0.9,oct,gmm,4.0,0.5035416208491038,0.19966220595159145,1.0,0.215244158
1,Tetra,dunnindex,0.9,oct,dbscan,0.4,0.5035416208491038,0.19966220595159145,-10.0,0.450526656
