seed,data,criterion,geom_threshold,warm_start,method,K,silhouette,dunn,ari_true,runtime
3,Tetra,dunnindex,0.99,none,True,4.0,0.5035416208491038,0.19966220595159145,1.0,0.0
3,Tetra,dunnindex,0.99,none,ICOT_local,4.0,0.5035416208491038,0.19966220595159145,1.0,127.777580525
3,Tetra,dunnindex,0.99,none,OCT,4.0,0.5035416208491038,0.19966220595159145,1.0,0.133397479
3,Tetra,dunnindex,0.99,none,kmeans_plus,4.0,0.5035416208491038,0.19966220595159145,1.0,1.091802888
3,Tetra,dunnindex,0.99,none,hclust,4.0,0.5035416208491038,0.19966220595159145,1.0,1.311411239
3,Tetra,dunnindex,0.99,none,gmm,4.0,0.5035416208491038,0.19966220595159145,1.0,0.211807336
3,Tetra,dunnindex,0.99,none,dbscan,0.4,0.5035416208491038,0.19966220595159145,-10.0,0.707958497
