seed,data,criterion,geom_threshold,warm_start,method,K,silhouette,dunn,ari_true,runtime
2,Tetra,dunnindex,0.99,none,True,4.0,0.5035416208491038,0.19966220595159145,1.0,0.0
2,Tetra,dunnindex,0.99,none,ICOT_local,4.0,0.5035416208491038,0.19966220595159145,1.0,110.970447349
2,Tetra,dunnindex,0.99,none,OCT,4.0,0.5035416208491038,0.19966220595159145,1.0,0.205930547
2,Tetra,dunnindex,0.99,none,kmeans_plus,4.0,0.5035416208491038,0.19966220595159145,1.0,1.093273176
2,Tetra,dunnindex,0.99,none,hclust,4.0,0.5035416208491038,0.19966220595159145,1.0,1.515449652
2,Tetra,dunnindex,0.99,none,gmm,4.0,0.5035416208491038,0.19966220595159145,1.0,0.39276504
2,Tetra,dunnindex,0.99,none,dbscan,0.4,0.5035416208491038,0.19966220595159145,-10.0,0.515457582
