seed,data,criterion,geom_threshold,warm_start,method,K,silhouette,dunn,ari_true,runtime
5,Tetra,silhouette,0.0,oct,True,4.0,0.5035416208491038,0.19966220595159145,1.0,0.0
5,Tetra,silhouette,0.0,oct,ICOT_local,4.0,0.5035416208491038,0.19966220595159145,1.0,221.598955153
5,Tetra,silhouette,0.0,oct,OCT,4.0,0.5035416208491038,0.19966220595159145,1.0,0.145873404
5,Tetra,silhouette,0.0,oct,kmeans_plus,4.0,0.5035416208491038,0.19966220595159145,1.0,1.057550788
5,Tetra,silhouette,0.0,oct,hclust,4.0,0.5035416208491038,0.19966220595159145,1.0,1.133637697
5,Tetra,silhouette,0.0,oct,gmm,4.0,0.5035416208491038,0.19966220595159145,1.0,0.246723678
5,Tetra,silhouette,0.0,oct,dbscan,0.4,0.5035416208491038,0.19966220595159145,-10.0,0.400366181
