seed,data,criterion,geom_threshold,warm_start,method,K,silhouette,dunn,ari_true,runtime
2,Tetra,dunnindex,0.9,none,True,4.0,0.5035416208491038,0.19966220595159145,1.0,0.0
2,Tetra,dunnindex,0.9,none,ICOT_local,4.0,0.5035416208491038,0.19966220595159145,1.0,170.585880328
2,Tetra,dunnindex,0.9,none,OCT,4.0,0.5035416208491038,0.19966220595159145,1.0,0.127015397
2,Tetra,dunnindex,0.9,none,kmeans_plus,4.0,0.5035416208491038,0.19966220595159145,1.0,1.010485491
2,Tetra,dunnindex,0.9,none,hclust,4.0,0.5035416208491038,0.19966220595159145,1.0,1.2272097
2,Tetra,dunnindex,0.9,none,gmm,4.0,0.5035416208491038,0.19966220595159145,1.0,0.218171989
2,Tetra,dunnindex,0.9,none,dbscan,0.4,0.5035416208491038,0.19966220595159145,-10.0,0.435770201
