"seed","data","criterion","geom_threshold","warm_start","method","K","silhouette","dunn","ari_true","runtime"
5,"Tetra","dunnindex",0.99,"oct","True",4,0.503541620849104,0.199662205951591,1,0
5,"Tetra","dunnindex",0.99,"oct","ICOT_local",4,0.503541620849104,0.199662205951591,1,20.315452225
5,"Tetra","dunnindex",0.99,"oct","OCT",4,0.503541620849104,0.199662205951591,1,0.132473033
5,"Tetra","dunnindex",0.99,"oct","kmeans_plus",4,0.503541620849104,0.199662205951591,1,0.988590553
5,"Tetra","dunnindex",0.99,"oct","hclust",4,0.503541620849104,0.199662205951591,1,1.473767149
5,"Tetra","dunnindex",0.99,"oct","gmm",4,0.503541620849104,0.199662205951591,1,0.207442251
5,"Tetra","dunnindex",0.99,"oct","dbscan",0.4,0.503541620849104,0.199662205951591,-10,0.478817734
