seed,data,criterion,geom_threshold,warm_start,method,K,silhouette,dunn,ari_true,runtime
3,TwoDiamonds,dunnindex,0.99,none,True,2.0,0.48591870935773296,0.022004889975551917,1.0,0.0
3,TwoDiamonds,dunnindex,0.99,none,ICOT_local,2.0,0.08934917577530273,0.043543955614666154,0.0,1105.255426706
3,TwoDiamonds,dunnindex,0.99,none,OCT,10.0,0.29967162154287963,0.002961040156539842,-10.0,0.432931099
3,TwoDiamonds,dunnindex,0.99,none,kmeans_plus,10.0,0.34309409535275615,0.024327364016981677,-10.0,2.147952413
3,TwoDiamonds,dunnindex,0.99,none,hclust,9.0,0.3836081090483955,0.04858221203649906,-10.0,2.334311869
3,TwoDiamonds,dunnindex,0.99,none,gmm,7.0,0.34095616661742445,0.017624276697490636,-10.0,0.243679245
3,TwoDiamonds,dunnindex,0.99,none,dbscan,0.1,0.04731615677264487,0.01194496039691997,-10.0,0.582567413
