seed,data,criterion,method,K,silhouette,dunn,ari_true,runtime
2,TwoDiamonds,silhouette,True,2.0,0.48591870935773296,0.022004889975551917,1.0,0.0
2,TwoDiamonds,silhouette,ICOT_local,2.0,0.48591870935773296,0.022004889975551917,1.0,22.283407824
2,TwoDiamonds,silhouette,OCT,2.0,0.48591870935773296,0.022004889975551917,1.0,0.094297898
2,TwoDiamonds,silhouette,kmeans_plus,2.0,0.48591870935773296,0.022004889975551917,1.0,0.125325044
2,TwoDiamonds,silhouette,hclust,2.0,0.48525951981598175,0.034080288605124014,0.9850375245509264,2.269550566
2,TwoDiamonds,silhouette,gmm,2.0,0.48591870935773296,0.022004889975551917,0.0,0.207045373
2,TwoDiamonds,silhouette,dbscan,0.1,-0.4677625352564839,0.001095609684814162,-10.0,0.132878166
