seed,data,criterion,method,K,silhouette,dunn,ari_true,runtime
1,TwoDiamonds,dunnindex,True,2.0,0.48591870935773296,0.022004889975551917,1.0,0.0
1,TwoDiamonds,dunnindex,ICOT_local,2.0,0.08934917577530273,0.043543955614666154,0.0,200.850980504
1,TwoDiamonds,dunnindex,OCT,5.0,0.37790625154148816,0.00640846621180902,-10.0,0.344663001
1,TwoDiamonds,dunnindex,kmeans_plus,5.0,0.381239330587718,0.02398033169828047,-10.0,2.161479627
1,TwoDiamonds,dunnindex,hclust,9.0,0.3836081090483955,0.04858221203649906,-10.0,2.296520043
1,TwoDiamonds,dunnindex,gmm,8.0,0.3377830041672529,0.024819677583950085,-10.0,0.253640132
1,TwoDiamonds,dunnindex,dbscan,0.1,0.04731615677264487,0.01194496039691997,-10.0,0.579509907
