"seed","data","criterion","geom_threshold","warm_start","method","K","silhouette","dunn","ari_true","runtime"
5,"TwoDiamonds","silhouette",0.99,"oct","True",2,0.485918709357733,0.0220048899755519,1,0
5,"TwoDiamonds","silhouette",0.99,"oct","ICOT_local",2,0.485918709357733,0.0220048899755519,1,21.010320595
5,"TwoDiamonds","silhouette",0.99,"oct","OCT",2,0.485918709357733,0.0220048899755519,1,0.086408014
5,"TwoDiamonds","silhouette",0.99,"oct","kmeans_plus",2,0.485918709357733,0.0220048899755519,1,1.83367905
5,"TwoDiamonds","silhouette",0.99,"oct","hclust",2,0.485259519815982,0.034080288605124,0.985037524550926,1.845121859
5,"TwoDiamonds","silhouette",0.99,"oct","gmm",4,0.385948293136288,0.0237418931149128,-10,0.235800513
5,"TwoDiamonds","silhouette",0.99,"oct","dbscan",0.1,0.0473161567726449,0.01194496039692,-10,0.548328398
