seed,data,criterion,geom_threshold,warm_start,method,K,silhouette,dunn,ari_true,runtime
2,TwoDiamonds,dunnindex,0.0,oct,True,2.0,0.485918709357733,0.022004889975551917,1.0,0.0
2,TwoDiamonds,dunnindex,0.0,oct,ICOT_local,6.0,0.3577144738701821,0.04500000000000367,-10.0,4143.432319097
2,TwoDiamonds,dunnindex,0.0,oct,OCT,8.0,0.2807879982816143,0.0029610401565398413,-10.0,0.352346823
2,TwoDiamonds,dunnindex,0.0,oct,kmeans_plus,8.0,0.383852911560598,0.027674417294630483,-10.0,1.909126859
2,TwoDiamonds,dunnindex,0.0,oct,hclust,9.0,0.3836081090483956,0.04858221203649906,-10.0,2.570963437
2,TwoDiamonds,dunnindex,0.0,oct,gmm,9.0,0.34148419737925323,0.020040729143726232,-10.0,0.300174251
2,TwoDiamonds,dunnindex,0.0,oct,dbscan,0.1,0.04731615677264487,0.01194496039691997,-10.0,0.501507483
