seed,data,criterion,geom_threshold,warm_start,method,K,silhouette,dunn,ari_true,runtime
4,TwoDiamonds,dunnindex,0.9,oct,True,2.0,0.48591870935773296,0.022004889975551917,1.0,0.0
4,TwoDiamonds,dunnindex,0.9,oct,ICOT_local,2.0,0.08934917577530273,0.043543955614666154,0.0,1147.689017819
4,TwoDiamonds,dunnindex,0.9,oct,OCT,10.0,0.29967162154287963,0.002961040156539842,-10.0,0.403523498
4,TwoDiamonds,dunnindex,0.9,oct,kmeans_plus,10.0,0.3422158273056736,0.024182802587640863,-10.0,2.23458261
4,TwoDiamonds,dunnindex,0.9,oct,hclust,9.0,0.3836081090483955,0.04858221203649906,-10.0,2.225805824
4,TwoDiamonds,dunnindex,0.9,oct,gmm,10.0,0.34980983025762347,0.017858747809746663,-10.0,0.253060934
4,TwoDiamonds,dunnindex,0.9,oct,dbscan,0.1,0.04731615677264487,0.01194496039691997,-10.0,0.64826122
