"seed","data","criterion","geom_threshold","warm_start","method","K","silhouette","dunn","ari_true","runtime"
5,"TwoDiamonds","dunnindex",0.99,"oct","True",2,0.485918709357733,0.0220048899755519,1,0
5,"TwoDiamonds","dunnindex",0.99,"oct","ICOT_local",2,0.0893491757753027,0.0435439556146662,0,111.901865921
5,"TwoDiamonds","dunnindex",0.99,"oct","OCT",9,0.309531177217611,0.011418417234982,-10,0.366036112
5,"TwoDiamonds","dunnindex",0.99,"oct","kmeans_plus",9,0.369777957956019,0.0239203012811903,-10,1.961579076
5,"TwoDiamonds","dunnindex",0.99,"oct","hclust",9,0.383608109048395,0.0485822120364991,-10,2.268343181
5,"TwoDiamonds","dunnindex",0.99,"oct","gmm",4,0.385948293136288,0.0237418931149128,-10,0.245315707
5,"TwoDiamonds","dunnindex",0.99,"oct","dbscan",0.1,0.0473161567726449,0.01194496039692,-10,0.516241429
