seed,data,criterion,geom_threshold,warm_start,method,K,silhouette,dunn,ari_true,runtime
4,TwoDiamonds,dunnindex,0.9,none,True,2.0,0.48591870935773296,0.022004889975551917,1.0,0.0
4,TwoDiamonds,dunnindex,0.9,none,ICOT_local,2.0,0.08934917577530273,0.043543955614666154,0.0,1508.848967378
4,TwoDiamonds,dunnindex,0.9,none,OCT,10.0,0.29967162154287963,0.002961040156539842,-10.0,0.464997469
4,TwoDiamonds,dunnindex,0.9,none,kmeans_plus,10.0,0.3422158273056736,0.024182802587640863,-10.0,2.157912571
4,TwoDiamonds,dunnindex,0.9,none,hclust,9.0,0.3836081090483955,0.04858221203649906,-10.0,2.288515814
4,TwoDiamonds,dunnindex,0.9,none,gmm,10.0,0.34980983025762347,0.017858747809746663,-10.0,0.31341972
4,TwoDiamonds,dunnindex,0.9,none,dbscan,0.1,0.04731615677264487,0.01194496039691997,-10.0,0.597810798
