seed,data,criterion,geom_threshold,warm_start,method,K,silhouette,dunn,ari_true,runtime
4,TwoDiamonds,silhouette,0.0,none,True,2.0,0.48591870935773296,0.022004889975551917,1.0,0.0
4,TwoDiamonds,silhouette,0.0,none,ICOT_local,2.0,0.48591870935773296,0.022004889975551917,1.0,1636.646690124
4,TwoDiamonds,silhouette,0.0,none,OCT,2.0,0.48591870935773296,0.022004889975551917,1.0,0.085001468
4,TwoDiamonds,silhouette,0.0,none,kmeans_plus,2.0,0.48591870935773296,0.022004889975551917,1.0,2.176733822
4,TwoDiamonds,silhouette,0.0,none,hclust,2.0,0.48525951981598175,0.034080288605124014,0.9850375245509264,2.4757604
4,TwoDiamonds,silhouette,0.0,none,gmm,4.0,0.39529827720279387,0.015564266172430551,-10.0,0.226713758
4,TwoDiamonds,silhouette,0.0,none,dbscan,0.1,0.04731615677264487,0.01194496039691997,-10.0,0.582047978
