seed,data,criterion,method,K,silhouette,dunn,ari_true,runtime
3,TwoDiamonds,silhouette,True,2.0,0.485918709357733,0.022004889975551917,1.0,0.0
3,TwoDiamonds,silhouette,ICOT_local,2.0,0.485918709357733,0.022004889975551917,1.0,1549.278033723
3,TwoDiamonds,silhouette,OCT,2.0,0.485918709357733,0.022004889975551917,1.0,0.153684707
3,TwoDiamonds,silhouette,kmeans_plus,2.0,0.485918709357733,0.022004889975551917,1.0,1.857118606
3,TwoDiamonds,silhouette,hclust,2.0,0.4852595198159819,0.034080288605124014,0.9850375245509264,2.742985288
3,TwoDiamonds,silhouette,gmm,4.0,0.39529827720279387,0.015564266172430551,-10.0,0.241796883
3,TwoDiamonds,silhouette,dbscan,0.1,0.04731615677264487,0.01194496039691997,-10.0,0.547809241
