seed,data,criterion,method,K,silhouette,dunn,ari_true,runtime
1,TwoDiamonds,dunnindex,True,2.0,0.48591870935773296,0.022004889975551917,1.0,0.0
1,TwoDiamonds,dunnindex,ICOT_local,2.0,0.08934917577530273,0.043543955614666154,0.0,416.699035009
1,TwoDiamonds,dunnindex,OCT,9.0,0.30387742535676,0.011418417234981966,-10.0,0.364830185
1,TwoDiamonds,dunnindex,kmeans_plus,9.0,0.3761530809714893,0.023920301281190288,-10.0,0.23059357
1,TwoDiamonds,dunnindex,hclust,9.0,0.3836081090483955,0.04858221203649906,-10.0,2.012859417
1,TwoDiamonds,dunnindex,gmm,2.0,0.48591870935773296,0.022004889975551917,0.0,0.221866077
1,TwoDiamonds,dunnindex,dbscan,0.1,-0.4677625352564839,0.001095609684814162,-10.0,0.272355653
