seed,data,criterion,method,K,silhouette,dunn,ari_true,runtime
3,TwoDiamonds,dunnindex,True,2.0,0.48591870935773296,0.022004889975551917,1.0,0.0
3,TwoDiamonds,dunnindex,ICOT_local,2.0,0.08934917577530273,0.043543955614666154,0.0,2315.357450846
3,TwoDiamonds,dunnindex,OCT,10.0,0.29967162154287963,0.002961040156539842,-10.0,0.413939439
3,TwoDiamonds,dunnindex,kmeans_plus,10.0,0.34309409535275615,0.024327364016981677,-10.0,1.981255915
3,TwoDiamonds,dunnindex,hclust,9.0,0.3836081090483955,0.04858221203649906,-10.0,1.85130388
3,TwoDiamonds,dunnindex,gmm,7.0,0.34095616661742445,0.017624276697490636,-10.0,0.224299438
3,TwoDiamonds,dunnindex,dbscan,0.1,0.04731615677264487,0.01194496039691997,-10.0,0.630314896
