"seed","data","criterion","geom_threshold","warm_start","method","K","silhouette","dunn","ari_true","runtime"
4,"TwoDiamonds","dunnindex",0.99,"oct","True",2,0.485918709357733,0.0220048899755519,1,0
4,"TwoDiamonds","dunnindex",0.99,"oct","ICOT_local",2,0.0893491757753027,0.0435439556146662,0,923.949413607
4,"TwoDiamonds","dunnindex",0.99,"oct","OCT",10,0.29967162154288,0.00296104015653984,-10,0.357517239
4,"TwoDiamonds","dunnindex",0.99,"oct","kmeans_plus",10,0.342215827305674,0.0241828025876409,-10,2.161081643
4,"TwoDiamonds","dunnindex",0.99,"oct","hclust",9,0.383608109048395,0.0485822120364991,-10,2.377753127
4,"TwoDiamonds","dunnindex",0.99,"oct","gmm",10,0.349809830257623,0.0178587478097467,-10,0.245939333
4,"TwoDiamonds","dunnindex",0.99,"oct","dbscan",0.1,0.0473161567726449,0.01194496039692,-10,0.569720909
