"seed","data","criterion","geom_threshold","warm_start","method","K","silhouette","dunn","ari_true","runtime"
1,"TwoDiamonds","silhouette",0.99,"oct","True",2,0.485918709357733,0.0220048899755519,1,0
1,"TwoDiamonds","silhouette",0.99,"oct","ICOT_local",2,0.485918709357733,0.0220048899755519,1,21.215279251
1,"TwoDiamonds","silhouette",0.99,"oct","OCT",2,0.485918709357733,0.0220048899755519,1,0.085018105
1,"TwoDiamonds","silhouette",0.99,"oct","kmeans_plus",2,0.485918709357733,0.0220048899755519,1,2.000325141
1,"TwoDiamonds","silhouette",0.99,"oct","hclust",2,0.485259519815982,0.034080288605124,0.985037524550926,1.996479855
1,"TwoDiamonds","silhouette",0.99,"oct","gmm",2,0.485918709357733,0.0220048899755519,0,0.226500581
1,"TwoDiamonds","silhouette",0.99,"oct","dbscan",0.1,0.0473161567726449,0.01194496039692,-10,0.463192027
