seed,data,criterion,geom_threshold,warm_start,method,K,silhouette,dunn,ari_true,runtime
3,TwoDiamonds,silhouette,0.0,none,True,2.0,0.485918709357733,0.022004889975551917,1.0,0.0
3,TwoDiamonds,silhouette,0.0,none,ICOT_local,2.0,0.485918709357733,0.022004889975551917,1.0,1493.875936617
3,TwoDiamonds,silhouette,0.0,none,OCT,2.0,0.485918709357733,0.022004889975551917,1.0,0.157530551
3,TwoDiamonds,silhouette,0.0,none,kmeans_plus,2.0,0.485918709357733,0.022004889975551917,1.0,1.817629162
3,TwoDiamonds,silhouette,0.0,none,hclust,2.0,0.4852595198159819,0.034080288605124014,0.9850375245509264,1.90558561
3,TwoDiamonds,silhouette,0.0,none,gmm,4.0,0.39529827720279387,0.015564266172430551,-10.0,0.248041028
3,TwoDiamonds,silhouette,0.0,none,dbscan,0.1,0.04731615677264487,0.01194496039691997,-10.0,0.504518623
