seed,data,criterion,geom_threshold,warm_start,method,K,silhouette,dunn,ari_true,runtime
2,TwoDiamonds,dunnindex,0.9,oct,True,2.0,0.48591870935773296,0.022004889975551917,1.0,0.0
2,TwoDiamonds,dunnindex,0.9,oct,ICOT_local,6.0,0.3493578151949204,0.04423713867596292,-10.0,673.556349921
2,TwoDiamonds,dunnindex,0.9,oct,OCT,8.0,0.28078799828161427,0.0029610401565398413,-10.0,0.359300645
2,TwoDiamonds,dunnindex,0.9,oct,kmeans_plus,8.0,0.3838529115605981,0.027674417294630483,-10.0,2.225146395
2,TwoDiamonds,dunnindex,0.9,oct,hclust,9.0,0.3836081090483955,0.04858221203649906,-10.0,2.451125319
2,TwoDiamonds,dunnindex,0.9,oct,gmm,9.0,0.34148419737925323,0.020040729143726232,-10.0,0.266790365
2,TwoDiamonds,dunnindex,0.9,oct,dbscan,0.1,0.04731615677264487,0.01194496039691997,-10.0,0.637711759
