seed,data,criterion,geom_threshold,warm_start,method,K,silhouette,dunn,ari_true,runtime
3,TwoDiamonds,dunnindex,0.0,oct,True,2.0,0.48591870935773296,0.022004889975551917,1.0,0.0
3,TwoDiamonds,dunnindex,0.0,oct,ICOT_local,2.0,0.08934917577530273,0.043543955614666154,0.0,6316.85548561
3,TwoDiamonds,dunnindex,0.0,oct,OCT,10.0,0.29967162154287963,0.002961040156539842,-10.0,0.381445326
3,TwoDiamonds,dunnindex,0.0,oct,kmeans_plus,10.0,0.34309409535275615,0.024327364016981677,-10.0,2.216954098
3,TwoDiamonds,dunnindex,0.0,oct,hclust,9.0,0.3836081090483955,0.04858221203649906,-10.0,2.356617307
3,TwoDiamonds,dunnindex,0.0,oct,gmm,7.0,0.34095616661742445,0.017624276697490636,-10.0,0.286018343
3,TwoDiamonds,dunnindex,0.0,oct,dbscan,0.1,0.04731615677264487,0.01194496039691997,-10.0,0.646671072
