seed,data,criterion,method,K,silhouette,dunn,ari_true,runtime
4,TwoDiamonds,silhouette,True,2.0,0.48591870935773296,0.022004889975551917,1.0,0.0
4,TwoDiamonds,silhouette,ICOT_local,2.0,0.48591870935773296,0.022004889975551917,1.0,1438.094972541
4,TwoDiamonds,silhouette,OCT,2.0,0.48591870935773296,0.022004889975551917,1.0,0.077464717
4,TwoDiamonds,silhouette,kmeans_plus,2.0,0.48591870935773296,0.022004889975551917,1.0,2.022358878
4,TwoDiamonds,silhouette,hclust,2.0,0.48525951981598175,0.034080288605124014,0.9850375245509264,2.128539254
4,TwoDiamonds,silhouette,gmm,4.0,0.39529827720279387,0.015564266172430551,-10.0,0.2237664
4,TwoDiamonds,silhouette,dbscan,0.1,0.04731615677264487,0.01194496039691997,-10.0,0.540753588
