seed,data,criterion,geom_threshold,warm_start,method,K,silhouette,dunn,ari_true,runtime
5,TwoDiamonds,dunnindex,0.9,oct,True,2.0,0.48591870935773296,0.022004889975551917,1.0,0.0
5,TwoDiamonds,dunnindex,0.9,oct,ICOT_local,6.0,0.3493578151949204,0.04423713867596292,-10.0,792.577483403
5,TwoDiamonds,dunnindex,0.9,oct,OCT,9.0,0.30953117721761075,0.011418417234981966,-10.0,0.405734765
5,TwoDiamonds,dunnindex,0.9,oct,kmeans_plus,9.0,0.36977795795601875,0.023920301281190288,-10.0,2.143923963
5,TwoDiamonds,dunnindex,0.9,oct,hclust,9.0,0.3836081090483955,0.04858221203649906,-10.0,2.545716462
5,TwoDiamonds,dunnindex,0.9,oct,gmm,4.0,0.3859482931362884,0.02374189311491283,-10.0,0.261136961
5,TwoDiamonds,dunnindex,0.9,oct,dbscan,0.1,0.04731615677264487,0.01194496039691997,-10.0,0.661796026
