seed,data,criterion,method,K,silhouette,dunn,ari_true,runtime
4,TwoDiamonds,dunnindex,True,2.0,0.48591870935773296,0.022004889975551917,1.0,0.0
4,TwoDiamonds,dunnindex,ICOT_local,2.0,0.08934917577530273,0.043543955614666154,0.0,3061.826454327
4,TwoDiamonds,dunnindex,OCT,10.0,0.29967162154287963,0.002961040156539842,-10.0,0.453963266
4,TwoDiamonds,dunnindex,kmeans_plus,10.0,0.3422158273056736,0.024182802587640863,-10.0,2.168224306
4,TwoDiamonds,dunnindex,hclust,9.0,0.3836081090483955,0.04858221203649906,-10.0,2.262467816
4,TwoDiamonds,dunnindex,gmm,10.0,0.34980983025762347,0.017858747809746663,-10.0,0.260810349
4,TwoDiamonds,dunnindex,dbscan,0.1,0.04731615677264487,0.01194496039691997,-10.0,0.555694939
