seed,data,criterion,geom_threshold,warm_start,method,K,silhouette,dunn,ari_true,runtime
2,TwoDiamonds,silhouette,0.99,none,True,2.0,0.48591870935773296,0.022004889975551917,1.0,0.0
2,TwoDiamonds,silhouette,0.99,none,ICOT_local,2.0,0.48591870935773296,0.022004889975551917,1.0,392.764983216
2,TwoDiamonds,silhouette,0.99,none,OCT,2.0,0.48591870935773296,0.022004889975551917,1.0,0.083989828
2,TwoDiamonds,silhouette,0.99,none,kmeans_plus,2.0,0.48591870935773296,0.022004889975551917,1.0,1.964694465
2,TwoDiamonds,silhouette,0.99,none,hclust,2.0,0.48525951981598175,0.034080288605124014,0.9850375245509264,1.97030186
2,TwoDiamonds,silhouette,0.99,none,gmm,4.0,0.39529827720279387,0.015564266172430551,-10.0,0.21746821
2,TwoDiamonds,silhouette,0.99,none,dbscan,0.1,0.04731615677264487,0.01194496039691997,-10.0,0.506912368
