seed,data,criterion,geom_threshold,warm_start,method,K,silhouette,dunn,ari_true,runtime
2,TwoDiamonds,silhouette,0.9,oct,True,2.0,0.48591870935773296,0.022004889975551917,1.0,0.0
2,TwoDiamonds,silhouette,0.9,oct,ICOT_local,2.0,0.48591870935773296,0.022004889975551917,1.0,124.690065962
2,TwoDiamonds,silhouette,0.9,oct,OCT,2.0,0.48591870935773296,0.022004889975551917,1.0,0.091498484
2,TwoDiamonds,silhouette,0.9,oct,kmeans_plus,2.0,0.48591870935773296,0.022004889975551917,1.0,2.196006772
2,TwoDiamonds,silhouette,0.9,oct,hclust,2.0,0.48525951981598175,0.034080288605124014,0.9850375245509264,2.606470397
2,TwoDiamonds,silhouette,0.9,oct,gmm,4.0,0.39529827720279387,0.015564266172430551,-10.0,0.257722936
2,TwoDiamonds,silhouette,0.9,oct,dbscan,0.1,0.04731615677264487,0.01194496039691997,-10.0,0.667669684
