seed,data,criterion,method,K,silhouette,dunn,ari_true,runtime
3,TwoDiamonds,dunnindex,True,2.0,0.48591870935773296,0.022004889975551917,1.0,0.0
3,TwoDiamonds,dunnindex,ICOT_local,2.0,0.08934917577530273,0.043543955614666154,0.0,442.287945253
3,TwoDiamonds,dunnindex,OCT,9.0,0.2842995740003623,0.002779720921307105,-10.0,0.366126267
3,TwoDiamonds,dunnindex,kmeans_plus,9.0,0.3761530809714893,0.023920301281190288,-10.0,0.216912467
3,TwoDiamonds,dunnindex,hclust,9.0,0.3836081090483955,0.04858221203649906,-10.0,1.891147054
3,TwoDiamonds,dunnindex,gmm,2.0,0.48591870935773296,0.022004889975551917,0.0,0.227479361
3,TwoDiamonds,dunnindex,dbscan,0.1,-0.4677625352564839,0.001095609684814162,-10.0,0.219343197
