seed,data,criterion,geom_threshold,warm_start,method,K,silhouette,dunn,ari_true,runtime
5,TwoDiamonds,dunnindex,0.9,none,True,2.0,0.48591870935773296,0.022004889975551917,1.0,0.0
5,TwoDiamonds,dunnindex,0.9,none,ICOT_local,2.0,0.08934917577530273,0.043543955614666154,0.0,1470.057931507
5,TwoDiamonds,dunnindex,0.9,none,OCT,9.0,0.30953117721761075,0.011418417234981966,-10.0,0.499761661
5,TwoDiamonds,dunnindex,0.9,none,kmeans_plus,9.0,0.36977795795601875,0.023920301281190288,-10.0,2.160904467
5,TwoDiamonds,dunnindex,0.9,none,hclust,9.0,0.3836081090483955,0.04858221203649906,-10.0,2.483235686
5,TwoDiamonds,dunnindex,0.9,none,gmm,4.0,0.3859482931362884,0.02374189311491283,-10.0,0.255339574
5,TwoDiamonds,dunnindex,0.9,none,dbscan,0.1,0.04731615677264487,0.01194496039691997,-10.0,0.5488961
