"seed","data","criterion","geom_threshold","warm_start","method","K","silhouette","dunn","ari_true","runtime"
1,"TwoDiamonds","dunnindex",0.99,"oct","True",2,0.485918709357733,0.0220048899755519,1,0
1,"TwoDiamonds","dunnindex",0.99,"oct","ICOT_local",2,0.0893491757753027,0.0435439556146662,0,200.850980504
1,"TwoDiamonds","dunnindex",0.99,"oct","OCT",5,0.377906251541488,0.00640846621180902,-10,0.344663001
1,"TwoDiamonds","dunnindex",0.99,"oct","kmeans_plus",5,0.381239330587718,0.0239803316982805,-10,2.161479627
1,"TwoDiamonds","dunnindex",0.99,"oct","hclust",9,0.383608109048395,0.0485822120364991,-10,2.296520043
1,"TwoDiamonds","dunnindex",0.99,"oct","gmm",8,0.337783004167253,0.0248196775839501,-10,0.253640132
1,"TwoDiamonds","dunnindex",0.99,"oct","dbscan",0.1,0.0473161567726449,0.01194496039692,-10,0.579509907
