seed,data,criterion,geom_threshold,warm_start,method,K,silhouette,dunn,ari_true,runtime
5,TwoDiamonds,silhouette,0.0,oct,True,2.0,0.48591870935773296,0.022004889975551917,1.0,0.0
5,TwoDiamonds,silhouette,0.0,oct,ICOT_local,2.0,0.48591870935773296,0.022004889975551917,1.0,896.244138771
5,TwoDiamonds,silhouette,0.0,oct,OCT,2.0,0.48591870935773296,0.022004889975551917,1.0,0.096058907
5,TwoDiamonds,silhouette,0.0,oct,kmeans_plus,2.0,0.48591870935773296,0.022004889975551917,1.0,2.083762031
5,TwoDiamonds,silhouette,0.0,oct,hclust,2.0,0.48525951981598175,0.034080288605124014,0.9850375245509264,2.425699581
5,TwoDiamonds,silhouette,0.0,oct,gmm,4.0,0.3859482931362884,0.02374189311491283,-10.0,0.23717111
5,TwoDiamonds,silhouette,0.0,oct,dbscan,0.1,0.04731615677264487,0.01194496039691997,-10.0,0.551882658
