"seed","data","criterion","geom_threshold","warm_start","method","K","silhouette","dunn","ari_true","runtime"
3,"TwoDiamonds","dunnindex",0.99,"oct","True",2,0.485918709357733,0.0220048899755519,1,0
3,"TwoDiamonds","dunnindex",0.99,"oct","ICOT_local",6,0.321435642015252,0.043979995353989,-10,864.466720476
3,"TwoDiamonds","dunnindex",0.99,"oct","OCT",10,0.29967162154288,0.00296104015653984,-10,0.348319521
3,"TwoDiamonds","dunnindex",0.99,"oct","kmeans_plus",10,0.343094095352756,0.0243273640169817,-10,1.995076151
3,"TwoDiamonds","dunnindex",0.99,"oct","hclust",9,0.383608109048395,0.0485822120364991,-10,2.169226487
3,"TwoDiamonds","dunnindex",0.99,"oct","gmm",7,0.340956166617424,0.0176242766974906,-10,0.243636607
3,"TwoDiamonds","dunnindex",0.99,"oct","dbscan",0.1,0.0473161567726449,0.01194496039692,-10,0.561116973
