seed,data,criterion,geom_threshold,warm_start,method,K,silhouette,dunn,ari_true,runtime
3,WingNut,dunnindex,0.0,oct,True,2.0,0.38388491904798483,0.06325961245733609,1.0,0.0
3,WingNut,dunnindex,0.0,oct,ICOT_local,2.0,0.38388491904798483,0.06325961245733609,1.0,9302.364745825
3,WingNut,dunnindex,0.0,oct,OCT,6.0,0.2980212562372944,0.008589954092747216,-10.0,0.379607897
3,WingNut,dunnindex,0.0,oct,kmeans_plus,6.0,0.3134616096515986,0.026000436150459796,-10.0,3.347490821
3,WingNut,dunnindex,0.0,oct,hclust,9.0,0.24567788774680585,0.03638432497911797,-10.0,2.841478948
3,WingNut,dunnindex,0.0,oct,gmm,10.0,0.28965926373672995,0.01867322334376295,-10.0,0.287909948
3,WingNut,dunnindex,0.0,oct,dbscan,0.2,0.026591325018385948,0.019078869592893594,-10.0,0.832640782
