seed,data,criterion,method,K,silhouette,dunn,ari_true,runtime
3,WingNut,silhouette,True,2.0,0.38388491904798483,0.06325961245733609,1.0,0.0
3,WingNut,silhouette,ICOT_local,4.0,0.42189670264969037,0.016522977959242888,-10.0,70.856386246
3,WingNut,silhouette,OCT,4.0,0.4212156061309054,0.011795185575028929,-10.0,0.266819449
3,WingNut,silhouette,kmeans_plus,4.0,0.42326937558428324,0.02374485821766137,-10.0,3.10247907
3,WingNut,silhouette,hclust,4.0,0.4178070327694227,0.03091238170010016,-10.0,2.402664254
3,WingNut,silhouette,gmm,2.0,0.39753651624137015,0.013272337874832396,0.0,0.22457831
3,WingNut,silhouette,dbscan,0.2,0.026591325018385948,0.019078869592893594,-10.0,0.547730612
