"seed","data","criterion","geom_threshold","warm_start","method","K","silhouette","dunn","ari_true","runtime"
3,"WingNut","silhouette",0.99,"oct","True",2,0.383884919047985,0.0632596124573361,1,0
3,"WingNut","silhouette",0.99,"oct","ICOT_local",4,0.42189670264969,0.0165229779592429,-10,70.856386246
3,"WingNut","silhouette",0.99,"oct","OCT",4,0.421215606130905,0.0117951855750289,-10,0.266819449
3,"WingNut","silhouette",0.99,"oct","kmeans_plus",4,0.423269375584283,0.0237448582176614,-10,3.10247907
3,"WingNut","silhouette",0.99,"oct","hclust",4,0.417807032769423,0.0309123817001002,-10,2.402664254
3,"WingNut","silhouette",0.99,"oct","gmm",2,0.39753651624137,0.0132723378748324,0,0.22457831
3,"WingNut","silhouette",0.99,"oct","dbscan",0.2,0.0265913250183859,0.0190788695928936,-10,0.547730612
