seed,data,criterion,geom_threshold,warm_start,method,K,silhouette,dunn,ari_true,runtime
1,WingNut,silhouette,0.0,oct,True,2.0,0.38388491904798483,0.06325961245733609,1.0,0.0
1,WingNut,silhouette,0.0,oct,ICOT_local,4.0,0.4219557684259603,0.01747412869766926,-10.0,1470.830532083
1,WingNut,silhouette,0.0,oct,OCT,4.0,0.4212156061309054,0.011795185575028929,-10.0,0.291113283
1,WingNut,silhouette,0.0,oct,kmeans_plus,4.0,0.42326937558428324,0.02374485821766137,-10.0,3.374645485
1,WingNut,silhouette,0.0,oct,hclust,4.0,0.4178070327694227,0.03091238170010016,-10.0,2.63120944
1,WingNut,silhouette,0.0,oct,gmm,4.0,0.4127100234035696,0.011398637053625796,-10.0,0.24620713
1,WingNut,silhouette,0.0,oct,dbscan,0.2,0.026591325018385948,0.019078869592893594,-10.0,0.67096615
