seed,data,criterion,method,K,silhouette,dunn,ari_true,runtime
4,WingNut,dunnindex,True,2.0,0.38388491904798483,0.06325961245733609,1.0,0.0
4,WingNut,dunnindex,ICOT_local,2.0,0.38388491904798483,0.06325961245733609,1.0,202.475101053
4,WingNut,dunnindex,OCT,6.0,0.30197968543081816,0.008534008530351741,-10.0,0.379810704
4,WingNut,dunnindex,kmeans_plus,6.0,0.3134616096515986,0.026000436150459796,-10.0,3.235125604
4,WingNut,dunnindex,hclust,9.0,0.24567788774680585,0.03638432497911797,-10.0,2.61305647
4,WingNut,dunnindex,gmm,5.0,0.39486276445425733,0.014457701246132713,-10.0,0.278913196
4,WingNut,dunnindex,dbscan,0.2,0.026591325018385948,0.019078869592893594,-10.0,0.689798944
