"seed","data","criterion","geom_threshold","warm_start","method","K","silhouette","dunn","ari_true","runtime"
5,"WingNut","silhouette",0.99,"oct","True",2,0.383884919047985,0.0632596124573361,1,0
5,"WingNut","silhouette",0.99,"oct","ICOT_local",4,0.42189670264969,0.0165229779592429,-10,69.902324831
5,"WingNut","silhouette",0.99,"oct","OCT",4,0.419363000646648,0.00920896463944783,-10,0.263301476
5,"WingNut","silhouette",0.99,"oct","kmeans_plus",4,0.423269375584283,0.0237448582176614,-10,3.102786868
5,"WingNut","silhouette",0.99,"oct","hclust",4,0.417807032769423,0.0309123817001002,-10,2.36823724
5,"WingNut","silhouette",0.99,"oct","gmm",4,0.41271002340357,0.0113986370536258,-10,0.238321556
5,"WingNut","silhouette",0.99,"oct","dbscan",0.2,0.0265913250183859,0.0190788695928936,-10,0.631225907
