"seed","data","criterion","geom_threshold","warm_start","method","K","silhouette","dunn","ari_true","runtime"
3,"WingNut","dunnindex",0.99,"oct","True",2,0.383884919047985,0.0632596124573361,1,0
3,"WingNut","dunnindex",0.99,"oct","ICOT_local",2,0.383884919047985,0.0632596124573361,1,228.214254938
3,"WingNut","dunnindex",0.99,"oct","OCT",6,0.298021256237294,0.00858995409274722,-10,0.3568163
3,"WingNut","dunnindex",0.99,"oct","kmeans_plus",6,0.313461609651599,0.0260004361504598,-10,3.06519494
3,"WingNut","dunnindex",0.99,"oct","hclust",9,0.245677887746806,0.036384324979118,-10,2.550850309
3,"WingNut","dunnindex",0.99,"oct","gmm",10,0.28965926373673,0.018673223343763,-10,0.27991565
3,"WingNut","dunnindex",0.99,"oct","dbscan",0.2,0.0265913250183859,0.0190788695928936,-10,0.678709986
