seed,data,criterion,geom_threshold,warm_start,method,K,silhouette,dunn,ari_true,runtime
3,WingNut,dunnindex,0.9,oct,True,2.0,0.38388491904798494,0.06325961245733609,1.0,0.0
3,WingNut,dunnindex,0.9,oct,ICOT_local,2.0,0.38388491904798494,0.06325961245733609,1.0,1163.786437621
3,WingNut,dunnindex,0.9,oct,OCT,6.0,0.29802125623729436,0.008589954092747216,-10.0,0.344445988
3,WingNut,dunnindex,0.9,oct,kmeans_plus,6.0,0.3134616096515985,0.026000436150459796,-10.0,2.780500056
3,WingNut,dunnindex,0.9,oct,hclust,9.0,0.24567788774680582,0.03638432497911797,-10.0,2.6124243
3,WingNut,dunnindex,0.9,oct,gmm,10.0,0.28965926373673007,0.01867322334376295,-10.0,0.308821688
3,WingNut,dunnindex,0.9,oct,dbscan,0.2,0.026591325018385945,0.019078869592893594,-10.0,0.560915042
