seed,data,criterion,method,K,silhouette,dunn,ari_true,runtime
1,WingNut,silhouette,True,2.0,0.38388491904798483,0.06325961245733609,1.0,0.0
1,WingNut,silhouette,ICOT_local,2.0,0.406475536235419,0.002128504504329525,0.1450031882615113,1949.794447225
1,WingNut,silhouette,OCT,4.0,0.4212156061309054,0.011795185575028929,-10.0,0.358215507
1,WingNut,silhouette,kmeans_plus,4.0,0.42326937558428324,0.02374485821766137,-10.0,3.2515277
1,WingNut,silhouette,hclust,4.0,0.4178070327694227,0.03091238170010016,-10.0,2.717748334
1,WingNut,silhouette,gmm,4.0,0.4127100234035696,0.011398637053625796,-10.0,0.255179656
1,WingNut,silhouette,dbscan,0.2,0.026591325018385948,0.019078869592893594,-10.0,0.656362379
