seed,data,criterion,geom_threshold,warm_start,method,K,silhouette,dunn,ari_true,runtime
5,WingNut,silhouette,0.9,none,True,2.0,0.38388491904798483,0.06325961245733609,1.0,0.0
5,WingNut,silhouette,0.9,none,ICOT_local,2.0,0.406475536235419,0.002128504504329525,0.1450031882615113,797.934266352
5,WingNut,silhouette,0.9,none,OCT,4.0,0.41936300064664805,0.009208964639447835,-10.0,0.360184259
5,WingNut,silhouette,0.9,none,kmeans_plus,4.0,0.42326937558428324,0.02374485821766137,-10.0,3.394781475
5,WingNut,silhouette,0.9,none,hclust,4.0,0.4178070327694227,0.03091238170010016,-10.0,2.6371628
5,WingNut,silhouette,0.9,none,gmm,4.0,0.4127100234035696,0.011398637053625796,-10.0,0.254656126
5,WingNut,silhouette,0.9,none,dbscan,0.2,0.026591325018385948,0.019078869592893594,-10.0,0.687781282
