seed,data,criterion,method,K,silhouette,dunn,ari_true,runtime
3,WingNut,dunnindex,True,2.0,0.38388491904798483,0.06325961245733609,1.0,0.0
3,WingNut,dunnindex,ICOT_local,2.0,0.38388491904798483,0.06325961245733609,1.0,10115.358130968
3,WingNut,dunnindex,OCT,6.0,0.2980212562372944,0.008589954092747216,-10.0,0.483486071
3,WingNut,dunnindex,kmeans_plus,6.0,0.3134616096515986,0.026000436150459796,-10.0,3.364947013
3,WingNut,dunnindex,hclust,9.0,0.24567788774680585,0.03638432497911797,-10.0,2.879516161
3,WingNut,dunnindex,gmm,10.0,0.28965926373672995,0.01867322334376295,-10.0,0.299049613
3,WingNut,dunnindex,dbscan,0.2,0.026591325018385948,0.019078869592893594,-10.0,0.743971027
