"seed","data","criterion","geom_threshold","warm_start","method","K","silhouette","dunn","ari_true","runtime"
4,"WingNut","dunnindex",0.99,"oct","True",2,0.383884919047985,0.0632596124573361,1,0
4,"WingNut","dunnindex",0.99,"oct","ICOT_local",2,0.383884919047985,0.0632596124573361,1,202.475101053
4,"WingNut","dunnindex",0.99,"oct","OCT",6,0.301979685430818,0.00853400853035174,-10,0.379810704
4,"WingNut","dunnindex",0.99,"oct","kmeans_plus",6,0.313461609651599,0.0260004361504598,-10,3.235125604
4,"WingNut","dunnindex",0.99,"oct","hclust",9,0.245677887746806,0.036384324979118,-10,2.61305647
4,"WingNut","dunnindex",0.99,"oct","gmm",5,0.394862764454257,0.0144577012461327,-10,0.278913196
4,"WingNut","dunnindex",0.99,"oct","dbscan",0.2,0.0265913250183859,0.0190788695928936,-10,0.689798944
