seed,data,criterion,geom_threshold,warm_start,method,K,silhouette,dunn,ari_true,runtime
5,WingNut,silhouette,0.9,oct,True,2.0,0.38388491904798483,0.06325961245733609,1.0,0.0
5,WingNut,silhouette,0.9,oct,ICOT_local,4.0,0.4212156061309054,0.011795185575028929,-10.0,222.771768547
5,WingNut,silhouette,0.9,oct,OCT,4.0,0.41936300064664805,0.009208964639447835,-10.0,0.294804151
5,WingNut,silhouette,0.9,oct,kmeans_plus,4.0,0.42326937558428324,0.02374485821766137,-10.0,3.246304434
5,WingNut,silhouette,0.9,oct,hclust,4.0,0.4178070327694227,0.03091238170010016,-10.0,2.355923845
5,WingNut,silhouette,0.9,oct,gmm,4.0,0.4127100234035696,0.011398637053625796,-10.0,0.223768681
5,WingNut,silhouette,0.9,oct,dbscan,0.2,0.026591325018385948,0.019078869592893594,-10.0,0.649889454
