seed,data,criterion,geom_threshold,warm_start,method,K,silhouette,dunn,ari_true,runtime
2,WingNut,silhouette,0.9,oct,True,2.0,0.38388491904798483,0.06325961245733609,1.0,0.0
2,WingNut,silhouette,0.9,oct,ICOT_local,4.0,0.4212156061309054,0.011795185575028929,-10.0,244.160838265
2,WingNut,silhouette,0.9,oct,OCT,4.0,0.4212156061309054,0.011795185575028929,-10.0,0.530117997
2,WingNut,silhouette,0.9,oct,kmeans_plus,4.0,0.42326937558428324,0.02374485821766137,-10.0,3.415726804
2,WingNut,silhouette,0.9,oct,hclust,4.0,0.4178070327694227,0.03091238170010016,-10.0,2.688890409
2,WingNut,silhouette,0.9,oct,gmm,4.0,0.3987081623536687,0.013249435942719387,-10.0,0.236230843
2,WingNut,silhouette,0.9,oct,dbscan,0.2,0.026591325018385948,0.019078869592893594,-10.0,2.145686398
