"seed","data","criterion","geom_threshold","warm_start","method","K","silhouette","dunn","ari_true","runtime"
5,"WingNut","dunnindex",0.99,"oct","True",2,0.383884919047985,0.0632596124573361,1,0
5,"WingNut","dunnindex",0.99,"oct","ICOT_local",2,0.383884919047985,0.0632596124573361,1,216.627599366
5,"WingNut","dunnindex",0.99,"oct","OCT",6,0.301979685430818,0.00853400853035174,-10,0.361964885
5,"WingNut","dunnindex",0.99,"oct","kmeans_plus",6,0.313461609651599,0.0260004361504598,-10,3.152310898
5,"WingNut","dunnindex",0.99,"oct","hclust",9,0.245677887746806,0.036384324979118,-10,2.512586759
5,"WingNut","dunnindex",0.99,"oct","gmm",7,0.350912632005662,0.0231824577151487,-10,0.272300804
5,"WingNut","dunnindex",0.99,"oct","dbscan",0.2,0.0265913250183859,0.0190788695928936,-10,0.705373484
