seed,data,criterion,geom_threshold,warm_start,method,K,silhouette,dunn,ari_true,runtime
5,WingNut,silhouette,0.0,oct,True,2.0,0.38388491904798494,0.06325961245733609,1.0,0.0
5,WingNut,silhouette,0.0,oct,ICOT_local,4.0,0.4219557684259602,0.01747412869766926,-10.0,1430.244621587
5,WingNut,silhouette,0.0,oct,OCT,4.0,0.4193630006466483,0.009208964639447835,-10.0,0.260703354
5,WingNut,silhouette,0.0,oct,kmeans_plus,4.0,0.4232693755842833,0.02374485821766137,-10.0,2.832665078
5,WingNut,silhouette,0.0,oct,hclust,4.0,0.4178070327694229,0.03091238170010016,-10.0,2.099684782
5,WingNut,silhouette,0.0,oct,gmm,4.0,0.41271002340356955,0.011398637053625796,-10.0,0.24064902
5,WingNut,silhouette,0.0,oct,dbscan,0.2,0.026591325018385945,0.019078869592893594,-10.0,0.780141424
