seed,data,criterion,geom_threshold,warm_start,method,K,silhouette,dunn,ari_true,runtime
3,WingNut,dunnindex,0.99,none,True,2.0,0.38388491904798483,0.06325961245733609,1.0,0.0
3,WingNut,dunnindex,0.99,none,ICOT_local,2.0,0.38388491904798483,0.06325961245733609,1.0,2250.67115676
3,WingNut,dunnindex,0.99,none,OCT,6.0,0.2980212562372944,0.008589954092747216,-10.0,0.470158826
3,WingNut,dunnindex,0.99,none,kmeans_plus,6.0,0.3134616096515986,0.026000436150459796,-10.0,3.339968138
3,WingNut,dunnindex,0.99,none,hclust,9.0,0.24567788774680585,0.03638432497911797,-10.0,2.733919887
3,WingNut,dunnindex,0.99,none,gmm,10.0,0.28965926373672995,0.01867322334376295,-10.0,0.300281947
3,WingNut,dunnindex,0.99,none,dbscan,0.2,0.026591325018385948,0.019078869592893594,-10.0,0.721620906
