seed,data,criterion,method,K,silhouette,dunn,ari_true,runtime
5,WingNut,dunnindex,True,2.0,0.38388491904798483,0.06325961245733609,1.0,0.0
5,WingNut,dunnindex,ICOT_local,2.0,0.38388491904798483,0.06325961245733609,1.0,216.627599366
5,WingNut,dunnindex,OCT,6.0,0.30197968543081816,0.008534008530351741,-10.0,0.361964885
5,WingNut,dunnindex,kmeans_plus,6.0,0.3134616096515986,0.026000436150459796,-10.0,3.152310898
5,WingNut,dunnindex,hclust,9.0,0.24567788774680585,0.03638432497911797,-10.0,2.512586759
5,WingNut,dunnindex,gmm,7.0,0.3509126320056622,0.023182457715148683,-10.0,0.272300804
5,WingNut,dunnindex,dbscan,0.2,0.026591325018385948,0.019078869592893594,-10.0,0.705373484
