seed,data,criterion,geom_threshold,warm_start,method,K,silhouette,dunn,ari_true,runtime
5,WingNut,dunnindex,0.9,oct,True,2.0,0.38388491904798494,0.06325961245733609,1.0,0.0
5,WingNut,dunnindex,0.9,oct,ICOT_local,2.0,0.38388491904798494,0.06325961245733609,1.0,901.337499903
5,WingNut,dunnindex,0.9,oct,OCT,6.0,0.30197968543081827,0.008534008530351741,-10.0,0.331537781
5,WingNut,dunnindex,0.9,oct,kmeans_plus,6.0,0.3134616096515985,0.026000436150459796,-10.0,2.692019564
5,WingNut,dunnindex,0.9,oct,hclust,9.0,0.24567788774680582,0.03638432497911797,-10.0,2.32397156
5,WingNut,dunnindex,0.9,oct,gmm,7.0,0.35091263200566225,0.023182457715148683,-10.0,0.288169703
5,WingNut,dunnindex,0.9,oct,dbscan,0.2,0.026591325018385945,0.019078869592893594,-10.0,0.471251466
