seed,data,criterion,geom_threshold,warm_start,method,K,silhouette,dunn,ari_true,runtime
2,WingNut,silhouette,0.0,oct,True,2.0,0.38388491904798494,0.06325961245733609,1.0,0.0
2,WingNut,silhouette,0.0,oct,ICOT_local,4.0,0.4219557684259602,0.01747412869766926,-10.0,1610.039010891
2,WingNut,silhouette,0.0,oct,OCT,4.0,0.4212156061309053,0.011795185575028929,-10.0,0.307751624
2,WingNut,silhouette,0.0,oct,kmeans_plus,4.0,0.4232693755842833,0.02374485821766137,-10.0,2.878600498
2,WingNut,silhouette,0.0,oct,hclust,4.0,0.4178070327694229,0.03091238170010016,-10.0,2.77448205
2,WingNut,silhouette,0.0,oct,gmm,4.0,0.3987081623536686,0.013249435942719387,-10.0,0.35342652
2,WingNut,silhouette,0.0,oct,dbscan,0.2,0.026591325018385945,0.019078869592893594,-10.0,0.744733271
