seed,data,criterion,geom_threshold,warm_start,method,K,silhouette,dunn,ari_true,runtime
3,WingNut,silhouette,0.0,none,True,2.0,0.38388491904798483,0.06325961245733609,1.0,0.0
3,WingNut,silhouette,0.0,none,ICOT_local,2.0,0.406475536235419,0.002128504504329525,0.1450031882615113,2191.626283356
3,WingNut,silhouette,0.0,none,OCT,4.0,0.4212156061309054,0.011795185575028929,-10.0,0.29124454
3,WingNut,silhouette,0.0,none,kmeans_plus,4.0,0.42326937558428324,0.02374485821766137,-10.0,3.282070098
3,WingNut,silhouette,0.0,none,hclust,4.0,0.4178070327694227,0.03091238170010016,-10.0,2.681964344
3,WingNut,silhouette,0.0,none,gmm,2.0,0.39753651624137015,0.013272337874832396,0.0,0.251548452
3,WingNut,silhouette,0.0,none,dbscan,0.2,0.026591325018385948,0.019078869592893594,-10.0,1.60337695
