seed,data,criterion,method,K,silhouette,dunn,ari_true,runtime
4,WingNut,silhouette,True,2.0,0.38388491904798494,0.06325961245733609,1.0,0.0
4,WingNut,silhouette,ICOT_local,2.0,0.406475536235419,0.002128504504329525,0.1450031882615113,1979.13440382
4,WingNut,silhouette,OCT,4.0,0.4212156061309053,0.011795185575028929,-10.0,0.306812039
4,WingNut,silhouette,kmeans_plus,4.0,0.4232693755842833,0.02374485821766137,-10.0,2.520588911
4,WingNut,silhouette,hclust,4.0,0.4178070327694229,0.03091238170010016,-10.0,1.566695567
4,WingNut,silhouette,gmm,4.0,0.41271002340356955,0.011398637053625796,-10.0,0.239131896
4,WingNut,silhouette,dbscan,0.2,0.026591325018385945,0.019078869592893594,-10.0,0.54965455
