seed,data,criterion,geom_threshold,warm_start,method,K,silhouette,dunn,ari_true,runtime
4,WingNut,dunnindex,0.0,oct,True,2.0,0.38388491904798483,0.06325961245733609,1.0,0.0
4,WingNut,dunnindex,0.0,oct,ICOT_local,2.0,0.38388491904798483,0.06325961245733609,1.0,7671.4308231
4,WingNut,dunnindex,0.0,oct,OCT,6.0,0.30197968543081816,0.008534008530351741,-10.0,0.414701839
4,WingNut,dunnindex,0.0,oct,kmeans_plus,6.0,0.3134616096515986,0.026000436150459796,-10.0,3.408520627
4,WingNut,dunnindex,0.0,oct,hclust,9.0,0.24567788774680585,0.03638432497911797,-10.0,2.777098613
4,WingNut,dunnindex,0.0,oct,gmm,5.0,0.39486276445425733,0.014457701246132713,-10.0,0.567080899
4,WingNut,dunnindex,0.0,oct,dbscan,0.2,0.026591325018385948,0.019078869592893594,-10.0,0.821731639
