"seed","K_optclust","kmeans_k","true_k","score_optclust","score_kmeans_bestk","score_kmeans_kc","score_true","ari_optclust_kmeans","ari_true_kmeans","are_true_optclust"
2,3,5,3,0.26792111416827485,0.4182039932429045,0.33608886474093497,0.26423634114378786,0.4626602951706879,0.4215612368745182,0.9001118284337699
