seed,data,criterion,method,K,silhouette,dunn,ari_true,runtime
1,Chainlink,silhouette,True,2.0,0.15763478498426092,0.26492048403569285,1.0,0.0
1,Chainlink,silhouette,ICOT_local,7.0,0.388132812302189,0.006019220697769559,-10.0,158.958551631
1,Chainlink,silhouette,OCT,10.0,0.3164763376776944,0.015319231216855163,-10.0,0.567553734
1,Chainlink,silhouette,kmeans_plus,10.0,0.50127463339641,0.02538549008529749,-10.0,3.039630013
1,Chainlink,silhouette,hclust,10.0,0.4957143380455367,0.037347862999815074,-10.0,2.670187023
1,Chainlink,silhouette,gmm,9.0,0.40673321359096937,0.008027930613522406,-10.0,0.244018838
1,Chainlink,silhouette,dbscan,0.1,0.16840106299247,0.027391540377160826,-10.0,0.663878271
