seed,data,criterion,method,K,silhouette,dunn,ari_true,runtime
4,Chainlink,dunnindex,True,2.0,0.15763478498426092,0.26492048403569285,1.0,0.0
4,Chainlink,dunnindex,ICOT_local,4.0,0.25442968766301377,0.032367021345016005,-10.0,744.631486816
4,Chainlink,dunnindex,OCT,8.0,0.32270733977333393,0.01076091743046717,-10.0,0.633279021
4,Chainlink,dunnindex,kmeans_plus,8.0,0.4972373511964458,0.030232560132560406,-10.0,2.957573524
4,Chainlink,dunnindex,hclust,9.0,0.4765744153896272,0.037347862999815074,-10.0,2.516121269
4,Chainlink,dunnindex,gmm,7.0,0.38069999193562476,0.018931137550817427,-10.0,0.28110458
4,Chainlink,dunnindex,dbscan,0.4,0.15763478498426092,0.26492048403569285,-10.0,0.829903943
