seed,data,criterion,method,K,silhouette,dunn,ari_true,runtime
4,Chainlink,silhouette,True,2.0,0.15763478498426092,0.26492048403569285,1.0,0.0
4,Chainlink,silhouette,ICOT_local,7.0,0.3897963947285192,0.009365729061127998,-10.0,153.260254832
4,Chainlink,silhouette,OCT,10.0,0.3164763376776944,0.015319231216855163,-10.0,0.559261186
4,Chainlink,silhouette,kmeans_plus,10.0,0.50127463339641,0.02538549008529749,-10.0,2.445183706
4,Chainlink,silhouette,hclust,10.0,0.4957143380455367,0.037347862999815074,-10.0,1.993188773
4,Chainlink,silhouette,gmm,10.0,0.402021271061969,0.012550583332063055,-10.0,0.267839227
4,Chainlink,silhouette,dbscan,0.1,0.16840106299247,0.027391540377160826,-10.0,0.467639765
