seed,data,criterion,method,K,silhouette,dunn,ari_true,runtime
2,Chainlink,dunnindex,True,2.0,0.15763478498426092,0.26492048403569285,1.0,0.0
2,Chainlink,dunnindex,ICOT_local,4.0,0.25442968766301377,0.032367021345016005,-10.0,1153.12044257
2,Chainlink,dunnindex,OCT,8.0,0.3868898929628355,0.005509032056401557,-10.0,0.591870787
2,Chainlink,dunnindex,kmeans_plus,8.0,0.49737657070846253,0.03023251389486855,-10.0,3.334464733
2,Chainlink,dunnindex,hclust,9.0,0.4765744153896272,0.037347862999815074,-10.0,2.78224362
2,Chainlink,dunnindex,gmm,7.0,0.31621515964409663,0.016896546374941975,-10.0,0.299719947
2,Chainlink,dunnindex,dbscan,0.4,0.15763478498426092,0.26492048403569285,-10.0,0.744475912
