seed,data,criterion,method,K,silhouette,dunn,ari_true,runtime
3,Chainlink,dunnindex,True,2.0,0.15763478498426092,0.26492048403569285,1.0,0.0
3,Chainlink,dunnindex,ICOT_local,4.0,0.25442968766301377,0.032367021345016005,-10.0,624.684746352
3,Chainlink,dunnindex,OCT,10.0,0.372936337784814,0.009365729061127998,-10.0,0.596937153
3,Chainlink,dunnindex,kmeans_plus,10.0,0.5005161454134772,0.030278447885216504,-10.0,2.923835856
3,Chainlink,dunnindex,hclust,9.0,0.4765744153896272,0.037347862999815074,-10.0,2.598423554
3,Chainlink,dunnindex,gmm,6.0,0.3621089778127158,0.016179409786071814,-10.0,0.28936822
3,Chainlink,dunnindex,dbscan,0.4,0.15763478498426092,0.26492048403569285,-10.0,0.697862134
