seed,data,criterion,method,K,silhouette,dunn,ari_true,runtime
1,Chainlink,dunnindex,True,2.0,0.15763478498426092,0.26492048403569285,1.0,0.0
1,Chainlink,dunnindex,ICOT_local,8.0,0.3390264387432124,0.010773090784784091,-10.0,731.520284414
1,Chainlink,dunnindex,OCT,8.0,0.32270733977333393,0.01076091743046717,-10.0,0.52469798
1,Chainlink,dunnindex,kmeans_plus,8.0,0.49685601160086246,0.030232560132560406,-10.0,3.107089992
1,Chainlink,dunnindex,hclust,9.0,0.4765744153896272,0.037347862999815074,-10.0,2.717050371
1,Chainlink,dunnindex,gmm,6.0,0.3194169016140766,0.016896546374941975,-10.0,0.286650858
1,Chainlink,dunnindex,dbscan,0.4,0.15763478498426092,0.26492048403569285,-10.0,0.667494161
