seed,data,criterion,method,K,silhouette,dunn,ari_true,runtime
5,Chainlink,silhouette,True,2.0,0.15763478498426092,0.26492048403569285,1.0,0.0
5,Chainlink,silhouette,ICOT_local,7.0,0.3900363983680716,0.00626242132285389,-10.0,155.277636984
5,Chainlink,silhouette,OCT,10.0,0.3306788168701537,0.009612842953066978,-10.0,0.577953551
5,Chainlink,silhouette,kmeans_plus,10.0,0.5008042092805474,0.030763942711283587,-10.0,2.961328697
5,Chainlink,silhouette,hclust,10.0,0.4957143380455367,0.037347862999815074,-10.0,2.547926567
5,Chainlink,silhouette,gmm,8.0,0.4188542922588715,0.011488183507627897,-10.0,0.253176301
5,Chainlink,silhouette,dbscan,0.1,0.16840106299247,0.027391540377160826,-10.0,0.650835374
