seed,data,criterion,method,K,silhouette,dunn,ari_true,runtime
1,EngyTime,dunnindex,True,2.0,0.3980326690666044,0.00025852433131516773,1.0,0.0
1,EngyTime,dunnindex,ICOT_local,2.0,0.39451104899698364,0.0640383583898727,0.0,41989.506430395
1,EngyTime,dunnindex,OCT,7.0,0.30368062750187674,0.0012336569769753284,-10.0,1.960570079
1,EngyTime,dunnindex,kmeans_plus,7.0,0.3401399423507815,0.004579593329539787,-10.0,19.924850628
1,EngyTime,dunnindex,hclust,2.0,0.3732246065433146,0.01377078273472417,0.0012525376594728524,16.200725686
1,EngyTime,dunnindex,gmm,10.0,0.3036976396235998,0.00332816888468344,-10.0,1.83306675
1,EngyTime,dunnindex,dbscan,0.3,0.16050865500025896,0.010487179189725322,-10.0,2.830242103
