seed,data,criterion,method,K,silhouette,dunn,ari_true,runtime
1,EngyTime,silhouette,True,2.0,0.39803266906660445,0.00025852433131516773,1.0,0.0
1,EngyTime,silhouette,ICOT_local,2.0,0.5726643055635993,0.05867434691501183,0.0,3063.095924985
1,EngyTime,silhouette,OCT,3.0,0.4337243672183856,0.00352598712520468,-10.0,1.184433255
1,EngyTime,silhouette,kmeans_plus,3.0,0.4378670996929366,0.002508424660185718,-10.0,15.9389313
1,EngyTime,silhouette,hclust,3.0,0.3790901309229524,0.005659890180429381,-10.0,15.06335427
1,EngyTime,silhouette,gmm,3.0,0.43334764897803596,0.0019143963377128072,-10.0,0.783397381
1,EngyTime,silhouette,dbscan,0.3,0.16050865500025896,0.010487179189725322,-10.0,1.736670002
