seed,data,criterion,method,K,silhouette,dunn,ari_true,runtime
5,EngyTime,dunnindex,True,2.0,0.3980326690666044,0.00025852433131516773,1.0,0.0
5,EngyTime,dunnindex,ICOT_local,2.0,0.39451104899698364,0.0640383583898727,0.0,36610.70722957
5,EngyTime,dunnindex,OCT,9.0,0.283767836398881,0.0017346913904846687,-10.0,1.944450011
5,EngyTime,dunnindex,kmeans_plus,9.0,0.3299212638356217,0.004450681269089438,-10.0,19.600829228
5,EngyTime,dunnindex,hclust,2.0,0.3732246065433146,0.01377078273472417,0.0012525376594728524,16.044835132
5,EngyTime,dunnindex,gmm,8.0,0.2783099776090874,0.004526313716901218,-10.0,1.818083403
5,EngyTime,dunnindex,dbscan,0.3,0.16050865500025896,0.010487179189725322,-10.0,2.585502481
