seed,data,criterion,method,K,silhouette,dunn,ari_true,runtime
5,Hepta,silhouette,True,7.0,0.7017012208742637,1.0761834076521397,1.0,0.0
5,Hepta,silhouette,ICOT_local,4.0,0.4550718071196788,0.34253336531800727,-10.0,8.656430953
5,Hepta,silhouette,OCT,7.0,0.3765701115028053,0.027441712311285647,0.4927594520347346,0.077563101
5,Hepta,silhouette,kmeans_plus,7.0,0.7017012208742637,1.0761834076521397,1.0,0.392367367
5,Hepta,silhouette,hclust,7.0,0.7017012208742637,1.0761834076521397,1.0,0.604548966
5,Hepta,silhouette,gmm,10.0,0.5921435843943889,0.14500613456908357,-10.0,0.226391721
5,Hepta,silhouette,dbscan,1.0,0.7017012208742637,1.0761834076521397,-10.0,0.333451987
