seed,data,criterion,method,K,silhouette,dunn,ari_true,runtime
5,Target,silhouette,True,6.0,0.29520828013791023,0.25329913298274587,1.0,0.0
5,Target,silhouette,ICOT_local,8.0,0.529017294345801,0.011412804422496491,-10.0,71.544794188
5,Target,silhouette,OCT,9.0,0.5111713282881235,0.01812856458291214,-10.0,0.286745903
5,Target,silhouette,kmeans_plus,9.0,0.5934930991289754,0.026778835711248998,-10.0,2.045901117
5,Target,silhouette,hclust,2.0,0.6187945806979066,0.26631728961233314,-10.0,1.955427615
5,Target,silhouette,gmm,2.0,0.6345429365291497,0.2536922770389607,-10.0,0.32269747
5,Target,silhouette,dbscan,0.2,0.4160897939249258,0.031862524354839106,-10.0,0.630546064
