seed,data,criterion,method,K,silhouette,dunn,ari_true,runtime
3,Target,silhouette,True,6.0,0.2952082801379103,0.25329913298274587,1.0,0.0
3,Target,silhouette,ICOT_local,8.0,0.5375273031255186,0.0109698936117052,-10.0,81.823259962
3,Target,silhouette,OCT,7.0,0.5235147923245674,0.011134472072741904,-10.0,0.221670068
3,Target,silhouette,kmeans_plus,7.0,0.5891930529287043,0.02876102963518904,-10.0,1.527379846
3,Target,silhouette,hclust,2.0,0.6187945806979065,0.26631728961233314,-10.0,0.96261673
3,Target,silhouette,gmm,5.0,0.5374945015632305,0.010131752642392905,-10.0,0.217446882
3,Target,silhouette,dbscan,0.2,0.4160897939249259,0.031862524354839106,-10.0,0.553023679
