seed,data,criterion,method,K,silhouette,dunn,ari_true,runtime
3,Target,dunnindex,True,6.0,0.29520828013791023,0.25329913298274587,1.0,0.0
3,Target,dunnindex,ICOT_local,5.0,0.5070454045474697,0.54970578533082,-10.0,142.805542959
3,Target,dunnindex,OCT,7.0,0.5235147923245674,0.011134472072741904,-10.0,0.237425857
3,Target,dunnindex,kmeans_plus,7.0,0.5891930529287043,0.02876102963518904,-10.0,2.008517474
3,Target,dunnindex,hclust,5.0,0.5070454045474697,0.54970578533082,-10.0,2.184912637
3,Target,dunnindex,gmm,4.0,0.4860447479973028,0.018885909722034102,-10.0,0.244645534
3,Target,dunnindex,dbscan,0.4,0.27378431592522884,0.1168989585578307,-10.0,0.705813421
