seed,data,criterion,method,K,silhouette,dunn,ari_true,runtime
5,Tetra,silhouette,True,4.0,0.5035416208491038,0.19966220595159145,1.0,0.0
5,Tetra,silhouette,ICOT_local,4.0,0.5035416208491038,0.19966220595159145,1.0,17.770006467
5,Tetra,silhouette,OCT,4.0,0.5035416208491038,0.19966220595159145,1.0,0.13353824
5,Tetra,silhouette,kmeans_plus,4.0,0.5035416208491038,0.19966220595159145,1.0,0.85215786
5,Tetra,silhouette,hclust,4.0,0.5035416208491038,0.19966220595159145,1.0,1.339625248
5,Tetra,silhouette,gmm,4.0,0.5035416208491038,0.19966220595159145,1.0,0.187347829
5,Tetra,silhouette,dbscan,0.4,0.5035416208491038,0.19966220595159145,-10.0,0.532296241
