seed,data,criterion,method,K,silhouette,dunn,ari_true,runtime
4,Tetra,dunnindex,True,4.0,0.5035416208491038,0.19966220595159145,1.0,0.0
4,Tetra,dunnindex,ICOT_local,4.0,0.5035416208491038,0.19966220595159145,1.0,20.318187785
4,Tetra,dunnindex,OCT,4.0,0.5035416208491038,0.19966220595159145,1.0,0.146730203
4,Tetra,dunnindex,kmeans_plus,4.0,0.5035416208491038,0.19966220595159145,1.0,0.990087147
4,Tetra,dunnindex,hclust,4.0,0.5035416208491038,0.19966220595159145,1.0,1.153645117
4,Tetra,dunnindex,gmm,4.0,0.5035416208491038,0.19966220595159145,1.0,0.195813044
4,Tetra,dunnindex,dbscan,0.4,0.5035416208491038,0.19966220595159145,-10.0,0.424924594
