seed,data,criterion,method,K,silhouette,dunn,ari_true,runtime
2,Tetra,dunnindex,True,4.0,0.5035416208491038,0.19966220595159145,1.0,0.0
2,Tetra,dunnindex,ICOT_local,4.0,0.5035416208491038,0.19966220595159145,1.0,20.58229557
2,Tetra,dunnindex,OCT,4.0,0.5035416208491038,0.19966220595159145,1.0,0.123853542
2,Tetra,dunnindex,kmeans_plus,4.0,0.5035416208491038,0.19966220595159145,1.0,0.910210534
2,Tetra,dunnindex,hclust,4.0,0.5035416208491038,0.19966220595159145,1.0,1.240337922
2,Tetra,dunnindex,gmm,4.0,0.5035416208491038,0.19966220595159145,1.0,0.209278905
2,Tetra,dunnindex,dbscan,0.4,0.5035416208491038,0.19966220595159145,-10.0,0.433817481
