seed,data,criterion,method,K,silhouette,dunn,ari_true,runtime
5,TwoDiamonds,silhouette,True,2.0,0.48591870935773296,0.022004889975551917,1.0,0.0
5,TwoDiamonds,silhouette,ICOT_local,2.0,0.48591870935773296,0.022004889975551917,1.0,21.010320595
5,TwoDiamonds,silhouette,OCT,2.0,0.48591870935773296,0.022004889975551917,1.0,0.086408014
5,TwoDiamonds,silhouette,kmeans_plus,2.0,0.48591870935773296,0.022004889975551917,1.0,1.83367905
5,TwoDiamonds,silhouette,hclust,2.0,0.48525951981598175,0.034080288605124014,0.9850375245509264,1.845121859
5,TwoDiamonds,silhouette,gmm,4.0,0.3859482931362884,0.02374189311491283,-10.0,0.235800513
5,TwoDiamonds,silhouette,dbscan,0.1,0.04731615677264487,0.01194496039691997,-10.0,0.548328398
