seed,data,criterion,method,K,silhouette,dunn,ari_true,runtime
1,WingNut,silhouette,True,2.0,0.38388491904798483,0.06325961245733609,1.0,0.0
1,WingNut,silhouette,ICOT_local,4.0,0.42189670264969037,0.016522977959242888,-10.0,70.721097762
1,WingNut,silhouette,OCT,4.0,0.4212156061309054,0.011795185575028929,-10.0,0.272818887
1,WingNut,silhouette,kmeans_plus,4.0,0.42326937558428324,0.02374485821766137,-10.0,3.100289811
1,WingNut,silhouette,hclust,4.0,0.4178070327694227,0.03091238170010016,-10.0,2.625905535
1,WingNut,silhouette,gmm,4.0,0.4127100234035696,0.011398637053625796,-10.0,0.233240044
1,WingNut,silhouette,dbscan,0.2,0.026591325018385948,0.019078869592893594,-10.0,0.629308801
