seed,data,criterion,geom_threshold,warm_start,method,K,silhouette,dunn,ari_true,runtime
1,Atom,silhouette,0.99,oct,True,2.0,0.31132505700394303,0.3710709993544942,1.0,0.0
1,Atom,silhouette,0.99,oct,kmeans_plus,10.0,0.6104897251915291,0.022517135466083516,-10.0,4.422693554
1,Atom,silhouette,0.99,oct,hclust,10.0,0.5926597646210818,0.07451135618031461,-10.0,2.014473058
1,Atom,silhouette,0.99,oct,gmm,8.0,0.567081024472932,0.047197047286333504,-10.0,0.236422653
1,Atom,silhouette,0.99,oct,dbscan,0.5,0.49770442048940633,0.03047991123129875,-10.0,0.565144168
