seed,data,criterion,geom_threshold,warm_start,method,K,silhouette,dunn,ari_true,runtime
5,Atom,dunnindex,0.99,oct,True,2.0,0.3113250570039431,0.3710709993544942,1.0,0.0
5,Atom,dunnindex,0.99,oct,kmeans_plus,5.0,0.5215229180415668,0.05216421536928255,-10.0,4.982562147
5,Atom,dunnindex,0.99,oct,hclust,9.0,0.5762832094519829,0.0972301957730685,-10.0,2.255157
5,Atom,dunnindex,0.99,oct,gmm,3.0,0.364440818053443,0.039719709588322764,-10.0,0.266955166
5,Atom,dunnindex,0.99,oct,dbscan,0.7,0.3113250570039431,0.3710709993544942,-10.0,0.981488488
