seed,data,criterion,geom_threshold,warm_start,method,K,silhouette,dunn,ari_true,runtime
1,Atom,dunnindex,0.99,oct,True,2.0,0.3113250570039431,0.3710709993544942,1.0,0.0
1,Atom,dunnindex,0.99,oct,kmeans_plus,5.0,0.5217064137217107,0.0517431796018897,-10.0,4.640412125
1,Atom,dunnindex,0.99,oct,hclust,9.0,0.5762832094519829,0.0972301957730685,-10.0,2.247909229
1,Atom,dunnindex,0.99,oct,gmm,8.0,0.567081024472932,0.047197047286333504,-10.0,0.249180899
1,Atom,dunnindex,0.99,oct,dbscan,0.86,0.3113250570039431,0.3710709993544942,-10.0,4.717945229
