seed,data,criterion,geom_threshold,warm_start,method,K,silhouette,dunn,ari_true,runtime
2,Atom,dunnindex,0.99,oct,True,2.0,0.3113250570039431,0.3710709993544942,1.0,0.0
2,Atom,dunnindex,0.99,oct,kmeans_plus,5.0,0.5217064137217107,0.0517431796018897,-10.0,4.557584616
2,Atom,dunnindex,0.99,oct,hclust,9.0,0.5762832094519829,0.0972301957730685,-10.0,2.177296448
2,Atom,dunnindex,0.99,oct,gmm,3.0,0.4193251139058258,0.053743048679818384,-10.0,0.248716292
2,Atom,dunnindex,0.99,oct,dbscan,1.0,0.3113250570039431,0.3710709993544942,-10.0,1.361589185
