seed,data,criterion,geom_threshold,warm_start,method,K,silhouette,dunn,ari_true,runtime
3,Atom,dunnindex,0.99,oct,True,2.0,0.3113250570039431,0.3710709993544942,1.0,0.0
3,Atom,dunnindex,0.99,oct,kmeans_plus,5.0,0.5215229180415668,0.05216421536928255,-10.0,4.531588265
3,Atom,dunnindex,0.99,oct,hclust,9.0,0.5762832094519829,0.0972301957730685,-10.0,2.511768338
3,Atom,dunnindex,0.99,oct,gmm,9.0,0.5698121181314744,0.04986713898384981,-10.0,0.269315123
3,Atom,dunnindex,0.99,oct,dbscan,1.0,0.3113250570039431,0.3710709993544942,-10.0,1.397697568
