seed,data,criterion,geom_threshold,warm_start,method,K,silhouette,dunn,ari_true,runtime
5,Atom,silhouette,0.99,oct,True,2.0,0.3113250570039431,0.3710709993544942,1.0,0.0
5,Atom,silhouette,0.99,oct,kmeans_plus,10.0,0.6109447428948346,0.022517135466083516,-10.0,4.634446773
5,Atom,silhouette,0.99,oct,hclust,10.0,0.5926597646210817,0.07451135618031461,-10.0,2.10496527
5,Atom,silhouette,0.99,oct,gmm,7.0,0.5619257980729764,0.03102359648778941,-10.0,0.227509402
5,Atom,silhouette,0.99,oct,dbscan,0.45,0.5090992689297044,0.015072275321927307,-10.0,1.002762007
