seed,data,criterion,geom_threshold,warm_start,method,K,silhouette,dunn,ari_true,runtime
1,Atom,silhouette,0.99,oct,True,2,0.31132505700394303,0.3710709993544942,1,0
1,Atom,silhouette,0.99,oct,kmeans_plus,10,0.6104897251915291,0.022517135466083516,-10,2.109755558
1,Atom,silhouette,0.99,oct,hclust,10,0.5926597646210819,0.07451135618031461,-10,0.265454575
1,Atom,silhouette,0.99,oct,gmm,8,0.5670810244729322,0.047197047286333504,-10,0.072386575
1,Atom,silhouette,0.99,oct,dbscan,0.5,0.4977044204894061,0.03047991123129875,-10,0.518815532
