seed,data,criterion,geom_threshold,warm_start,method,K,silhouette,dunn,ari_true,runtime
4,Atom,dunnindex,0.99,oct,True,2.0,0.3113250570039431,0.3710709993544942,1.0,0.0
4,Atom,dunnindex,0.99,oct,kmeans_plus,5.0,0.5215229180415668,0.05216421536928255,-10.0,4.728370282
4,Atom,dunnindex,0.99,oct,hclust,9.0,0.5762832094519829,0.0972301957730685,-10.0,2.246306258
4,Atom,dunnindex,0.99,oct,gmm,3.0,0.41938313665665006,0.048092931105570474,-10.0,0.278989074
4,Atom,dunnindex,0.99,oct,dbscan,0.86,0.3113250570039431,0.3710709993544942,-10.0,4.432210995
