seed,data,criterion,geom_threshold,warm_start,method,K,silhouette,dunn,ari_true,runtime
2,Atom,silhouette,0.99,oct,True,2.0,0.3113250570039431,0.3710709993544942,1.0,0.0
2,Atom,silhouette,0.99,oct,kmeans_plus,10.0,0.6109015498493182,0.022517135466083516,-10.0,5.077481176
2,Atom,silhouette,0.99,oct,hclust,10.0,0.5926597646210817,0.07451135618031461,-10.0,2.348589522
2,Atom,silhouette,0.99,oct,gmm,7.0,0.5542860641332228,0.026344373553400996,-10.0,0.228092248
2,Atom,silhouette,0.99,oct,dbscan,0.5,0.49770442048940633,0.03047991123129875,-10.0,0.589186485
