seed,data,criterion,geom_threshold,warm_start,method,K,silhouette,dunn,ari_true,runtime
1,Atom,silhouette,0.99,oct,True,2.0,0.31132505700394303,0.3710709993544942,1.0,0.0
1,Atom,silhouette,0.99,oct,kmeans_plus,10.0,0.6104897251915291,0.022517135466083516,-10.0,3.649275299
1,Atom,silhouette,0.99,oct,hclust,10.0,0.5926597646210818,0.07451135618031461,-10.0,1.978830515
1,Atom,silhouette,0.99,oct,gmm,8.0,0.567081024472932,0.047197047286333504,-10.0,0.239581175
1,Atom,silhouette,0.99,oct,dbscan,0.53,0.5402208746963493,0.034279953094926804,-10.0,2.676411815
