seed,data,criterion,geom_threshold,warm_start,method,K,silhouette,dunn,ari_true,runtime
2,Chainlink,dunnindex,0.99,oct,True,2.0,0.15763478498426092,0.26492048403569285,1.0,0.0
2,Chainlink,dunnindex,0.99,oct,kmeans_plus,9.0,0.4768089715926863,0.03649225972479573,-10.0,5.162841597
2,Chainlink,dunnindex,0.99,oct,hclust,9.0,0.4765744153896272,0.037347862999815074,-10.0,2.790924994
2,Chainlink,dunnindex,0.99,oct,gmm,7.0,0.31621515964409663,0.016896546374941975,-10.0,0.285005602
2,Chainlink,dunnindex,0.99,oct,dbscan,0.54,0.15763478498426092,0.26492048403569285,-10.0,4.108965613
