seed,data,criterion,geom_threshold,warm_start,method,K,silhouette,dunn,ari_true,runtime
5,Chainlink,dunnindex,0.99,oct,True,2.0,0.15763478498426092,0.26492048403569285,1.0,0.0
5,Chainlink,dunnindex,0.99,oct,kmeans_plus,9.0,0.4768089715926863,0.03649225972479573,-10.0,5.361891157
5,Chainlink,dunnindex,0.99,oct,hclust,9.0,0.4765744153896272,0.037347862999815074,-10.0,2.87934117
5,Chainlink,dunnindex,0.99,oct,gmm,8.0,0.4188542922588715,0.011488183507627897,-10.0,0.289574225
5,Chainlink,dunnindex,0.99,oct,dbscan,0.95,0.15763478498426092,0.26492048403569285,-10.0,1.226661242
