seed,data,criterion,geom_threshold,warm_start,method,K,silhouette,dunn,ari_true,runtime
1,Chainlink,silhouette,0.99,oct,True,2.0,0.15763478498426092,0.26492048403569285,1.0,0.0
1,Chainlink,silhouette,0.99,oct,kmeans_plus,9.0,0.47421001795996365,0.043880345754359604,-10.0,4.358853055
1,Chainlink,silhouette,0.99,oct,hclust,10.0,0.4957143380455367,0.037347862999815074,-10.0,2.737635642
1,Chainlink,silhouette,0.99,oct,gmm,9.0,0.40673321359096937,0.008027930613522406,-10.0,0.26003341
1,Chainlink,silhouette,0.99,oct,dbscan,0.1,0.21334651929431558,0.019316392650151025,-10.0,0.613379862
