seed,data,criterion,geom_threshold,warm_start,method,K,silhouette,dunn,ari_true,runtime
3,Chainlink,dunnindex,0.99,oct,True,2.0,0.15763478498426092,0.26492048403569285,1.0,0.0
3,Chainlink,dunnindex,0.99,oct,kmeans_plus,9.0,0.4768089715926863,0.03649225972479573,-10.0,5.696311003
3,Chainlink,dunnindex,0.99,oct,hclust,9.0,0.4765744153896272,0.037347862999815074,-10.0,3.092507383
3,Chainlink,dunnindex,0.99,oct,gmm,6.0,0.3621089778127158,0.016179409786071814,-10.0,0.312564788
3,Chainlink,dunnindex,0.99,oct,dbscan,0.4,0.15763478498426092,0.26492048403569285,-10.0,0.747473671
