seed,data,criterion,geom_threshold,warm_start,method,K,silhouette,dunn,ari_true,runtime
4,Chainlink,dunnindex,0.99,oct,True,2.0,0.15763478498426092,0.26492048403569285,1.0,0.0
4,Chainlink,dunnindex,0.99,oct,kmeans_plus,9.0,0.4768089715926863,0.03649225972479573,-10.0,5.198254293
4,Chainlink,dunnindex,0.99,oct,hclust,9.0,0.4765744153896272,0.037347862999815074,-10.0,2.633432302
4,Chainlink,dunnindex,0.99,oct,gmm,7.0,0.38069999193562476,0.018931137550817427,-10.0,0.265559759
4,Chainlink,dunnindex,0.99,oct,dbscan,0.95,0.15763478498426092,0.26492048403569285,-10.0,1.087544067
