seed,data,criterion,geom_threshold,warm_start,method,K,silhouette,dunn,ari_true,runtime
4,Chainlink,silhouette,0.99,oct,True,2.0,0.15763478498426092,0.26492048403569285,1.0,0.0
4,Chainlink,silhouette,0.99,oct,kmeans_plus,9.0,0.4768089715926863,0.03649225972479573,-10.0,5.196694884
4,Chainlink,silhouette,0.99,oct,hclust,10.0,0.4957143380455367,0.037347862999815074,-10.0,2.651178798
4,Chainlink,silhouette,0.99,oct,gmm,10.0,0.402021271061969,0.012550583332063055,-10.0,0.236692513
4,Chainlink,silhouette,0.99,oct,dbscan,0.15,0.3085059347467764,0.03057927438635037,-10.0,1.057777395
