seed,data,criterion,geom_threshold,warm_start,method,K,silhouette,dunn,ari_true,runtime
3,Chainlink,silhouette,0.99,oct,True,2.0,0.15763478498426092,0.26492048403569285,1.0,0.0
3,Chainlink,silhouette,0.99,oct,kmeans_plus,9.0,0.4768089715926863,0.03649225972479573,-10.0,5.700274069
3,Chainlink,silhouette,0.99,oct,hclust,10.0,0.4957143380455367,0.037347862999815074,-10.0,2.686759456
3,Chainlink,silhouette,0.99,oct,gmm,10.0,0.41172391709587774,0.008218948336061179,-10.0,0.250062055
3,Chainlink,silhouette,0.99,oct,dbscan,0.1,0.21334651929431558,0.019316392650151025,-10.0,0.734836205
