seed,data,criterion,geom_threshold,warm_start,method,K,silhouette,dunn,ari_true,runtime
2,Chainlink,silhouette,0.99,oct,True,2.0,0.15763478498426092,0.26492048403569285,1.0,0.0
2,Chainlink,silhouette,0.99,oct,kmeans_plus,10.0,0.48902799194541674,0.03166974204539513,-10.0,5.155270577
2,Chainlink,silhouette,0.99,oct,hclust,10.0,0.4957143380455367,0.037347862999815074,-10.0,2.6174109
2,Chainlink,silhouette,0.99,oct,gmm,9.0,0.4070551493991747,0.008218948336061179,-10.0,0.252855222
2,Chainlink,silhouette,0.99,oct,dbscan,0.15,0.3085059347467764,0.03057927438635037,-10.0,1.100412103
