seed,data,criterion,geom_threshold,warm_start,method,K,silhouette,dunn,ari_true,runtime
5,EngyTime,dunnindex,0.99,oct,True,2.0,0.3980326690666044,0.00025852433131516773,1.0,0.0
5,EngyTime,dunnindex,0.99,oct,kmeans_plus,2.0,0.4162974579708715,0.005112778356764416,0.8124173072083217,20.725917703
5,EngyTime,dunnindex,0.99,oct,hclust,2.0,0.3732246065433146,0.01377078273472417,0.0012525376594728524,15.781187726
5,EngyTime,dunnindex,0.99,oct,gmm,8.0,0.2783099776090874,0.004526313716901218,-10.0,1.805134586
5,EngyTime,dunnindex,0.99,oct,dbscan,0.2,0.17790641026154896,0.009737035310497735,-10.0,3.926593821
