seed,data,criterion,geom_threshold,warm_start,method,K,silhouette,dunn,ari_true,runtime
3,EngyTime,dunnindex,0.99,oct,True,2.0,0.3980326690666044,0.00025852433131516773,1.0,0.0
3,EngyTime,dunnindex,0.99,oct,kmeans_plus,2.0,0.4162974579708715,0.005112778356764416,0.8124173072083217,22.480685565
3,EngyTime,dunnindex,0.99,oct,hclust,2.0,0.3732246065433146,0.01377078273472417,0.0012525376594728524,17.357188575
3,EngyTime,dunnindex,0.99,oct,gmm,7.0,0.34295777760835433,0.004087413110966413,-10.0,1.905940742
3,EngyTime,dunnindex,0.99,oct,dbscan,0.2,0.17790641026154896,0.009737035310497735,-10.0,2.573340865
