seed,data,criterion,geom_threshold,warm_start,method,K,silhouette,dunn,ari_true,runtime
1,EngyTime,silhouette,0.99,oct,True,2.0,0.39803266906660445,0.00025852433131516773,1.0,0.0
1,EngyTime,silhouette,0.99,oct,kmeans_plus,3.0,0.43934788121913027,0.0033518158122102476,-10.0,16.708046331
1,EngyTime,silhouette,0.99,oct,hclust,3.0,0.3790901309229524,0.005659890180429381,-10.0,22.318980389
1,EngyTime,silhouette,0.99,oct,gmm,3.0,0.43334764897803596,0.0019143963377128072,-10.0,0.984921373
1,EngyTime,silhouette,0.99,oct,dbscan,0.2,0.17790641026154902,0.009737035310497735,-10.0,3.289232005
