seed,data,criterion,geom_threshold,warm_start,method,K,silhouette,dunn,ari_true,runtime
3,EngyTime,silhouette,0.99,oct,True,2.0,0.3980326690666044,0.00025852433131516773,1.0,0.0
3,EngyTime,silhouette,0.99,oct,kmeans_plus,3.0,0.43934788121913027,0.0033518158122102476,-10.0,20.295508559
3,EngyTime,silhouette,0.99,oct,hclust,3.0,0.3790901309229524,0.005659890180429381,-10.0,14.920881876
3,EngyTime,silhouette,0.99,oct,gmm,3.0,0.4333476489780359,0.0019143963377128072,-10.0,0.991417838
3,EngyTime,silhouette,0.99,oct,dbscan,0.23,0.449550178841327,0.029380386969707642,-10.0,14.969439429
