seed,data,criterion,geom_threshold,warm_start,method,K,silhouette,dunn,ari_true,runtime
1,EngyTime,dunnindex,0.99,oct,True,2.0,0.3980326690666044,0.00025852433131516773,1.0,0.0
1,EngyTime,dunnindex,0.99,oct,kmeans_plus,2.0,0.4162974579708715,0.005112778356764416,0.8124173072083217,21.113651679
1,EngyTime,dunnindex,0.99,oct,hclust,2.0,0.3732246065433146,0.01377078273472417,0.0012525376594728524,15.848244347
1,EngyTime,dunnindex,0.99,oct,gmm,10.0,0.3036976396235998,0.00332816888468344,-10.0,1.779072115
1,EngyTime,dunnindex,0.99,oct,dbscan,0.23,0.449550178841327,0.029380386969707642,-10.0,15.836088007
