seed,data,criterion,geom_threshold,warm_start,method,K,silhouette,dunn,ari_true,runtime
2,EngyTime,dunnindex,0.99,oct,True,2.0,0.3980326690666044,0.00025852433131516773,1.0,0.0
2,EngyTime,dunnindex,0.99,oct,kmeans_plus,2.0,0.4162974579708715,0.005112778356764416,0.8124173072083217,20.644186501
2,EngyTime,dunnindex,0.99,oct,hclust,2.0,0.3732246065433146,0.01377078273472417,0.0012525376594728524,16.329684262
2,EngyTime,dunnindex,0.99,oct,gmm,5.0,0.36289344918089833,0.005070687952923778,-10.0,1.830678472
2,EngyTime,dunnindex,0.99,oct,dbscan,0.23,0.449550178841327,0.029380386969707642,-10.0,16.032142145
