seed,data,criterion,geom_threshold,warm_start,method,K,silhouette,dunn,ari_true,runtime
5,Hepta,dunnindex,0.99,oct,True,7.0,0.7017012208742637,1.0761834076521397,1.0,0.0
5,Hepta,dunnindex,0.99,oct,kmeans_plus,7.0,0.7017012208742637,1.0761834076521397,1.0,2.92964415
5,Hepta,dunnindex,0.99,oct,hclust,7.0,0.7017012208742637,1.0761834076521397,1.0,0.651347009
5,Hepta,dunnindex,0.99,oct,gmm,4.0,0.4522441874626679,0.3542102027243474,-10.0,0.171344883
5,Hepta,dunnindex,0.99,oct,dbscan,0.7,0.7017012208742637,1.0761834076521397,-10.0,0.425018107
