seed,data,criterion,geom_threshold,warm_start,method,K,silhouette,dunn,ari_true,runtime
3,Hepta,silhouette,0.99,oct,True,7.0,0.7017012208742637,1.0761834076521397,1.0,0.0
3,Hepta,silhouette,0.99,oct,kmeans_plus,7.0,0.7017012208742637,1.0761834076521397,1.0,2.639313217
3,Hepta,silhouette,0.99,oct,hclust,7.0,0.7017012208742637,1.0761834076521397,1.0,0.504881128
3,Hepta,silhouette,0.99,oct,gmm,7.0,0.5836451677030557,0.09651795720719102,0.8206613525741673,0.171583414
3,Hepta,silhouette,0.99,oct,dbscan,0.54,0.7017012208742637,1.0761834076521397,-10.0,1.338640237
