seed,data,criterion,geom_threshold,warm_start,method,K,silhouette,dunn,ari_true,runtime
4,Hepta,silhouette,0.99,oct,True,7.0,0.7017012208742637,1.0761834076521397,1.0,0.0
4,Hepta,silhouette,0.99,oct,kmeans_plus,7.0,0.7017012208742637,1.0761834076521397,1.0,2.438147046
4,Hepta,silhouette,0.99,oct,hclust,7.0,0.7017012208742637,1.0761834076521397,1.0,0.508150501
4,Hepta,silhouette,0.99,oct,gmm,9.0,0.5892599416816287,0.1622665737471999,-10.0,0.172016395
4,Hepta,silhouette,0.99,oct,dbscan,1.0,0.7017012208742637,1.0761834076521397,-10.0,0.468231221
