seed,data,criterion,geom_threshold,warm_start,method,K,silhouette,dunn,ari_true,runtime
4,Hepta,silhouette,0.99,oct,True,7.0,0.7017012208742637,1.0761834076521397,1.0,0.0
4,Hepta,silhouette,0.99,oct,kmeans_plus,7.0,0.7017012208742637,1.0761834076521397,1.0,2.670620369
4,Hepta,silhouette,0.99,oct,hclust,7.0,0.7017012208742637,1.0761834076521397,1.0,0.680693063
4,Hepta,silhouette,0.99,oct,gmm,9.0,0.5892599416816287,0.1622665737471999,-10.0,0.155920082
4,Hepta,silhouette,0.99,oct,dbscan,0.54,0.7017012208742637,1.0761834076521397,-10.0,1.413727275
