seed,data,criterion,geom_threshold,warm_start,method,K,silhouette,dunn,ari_true,runtime
5,Hepta,silhouette,0.99,oct,True,7.0,0.7017012208742637,1.0761834076521397,1.0,0.0
5,Hepta,silhouette,0.99,oct,kmeans_plus,7.0,0.7017012208742637,1.0761834076521397,1.0,2.581664492
5,Hepta,silhouette,0.99,oct,hclust,7.0,0.7017012208742637,1.0761834076521397,1.0,0.508196234
5,Hepta,silhouette,0.99,oct,gmm,10.0,0.5921435843943889,0.14500613456908357,-10.0,0.160913366
5,Hepta,silhouette,0.99,oct,dbscan,1.0,0.7017012208742637,1.0761834076521397,-10.0,0.473303724
