seed,data,criterion,geom_threshold,warm_start,method,K,silhouette,dunn,ari_true,runtime
5,Hepta,dunnindex,0.99,oct,True,7.0,0.7017012208742637,1.0761834076521397,1.0,0.0
5,Hepta,dunnindex,0.99,oct,kmeans_plus,7.0,0.7017012208742637,1.0761834076521397,1.0,2.542058049
5,Hepta,dunnindex,0.99,oct,hclust,7.0,0.7017012208742637,1.0761834076521397,1.0,0.530784972
5,Hepta,dunnindex,0.99,oct,gmm,4.0,0.4522441874626679,0.3542102027243474,-10.0,0.174057065
5,Hepta,dunnindex,0.99,oct,dbscan,1.0,0.7017012208742637,1.0761834076521397,-10.0,0.522762312
