seed,data,criterion,geom_threshold,warm_start,method,K,silhouette,dunn,ari_true,runtime
2,Hepta,dunnindex,0.99,oct,True,7.0,0.7017012208742637,1.0761834076521397,1.0,0.0
2,Hepta,dunnindex,0.99,oct,kmeans_plus,7.0,0.7017012208742637,1.0761834076521397,1.0,2.571806887
2,Hepta,dunnindex,0.99,oct,hclust,7.0,0.7017012208742637,1.0761834076521397,1.0,0.534640379
2,Hepta,dunnindex,0.99,oct,gmm,5.0,0.5393297745506375,0.3519748405369068,-10.0,0.163588047
2,Hepta,dunnindex,0.99,oct,dbscan,0.54,0.7017012208742637,1.0761834076521397,-10.0,1.545641432
