seed,data,criterion,geom_threshold,warm_start,method,K,silhouette,dunn,ari_true,runtime
4,Hepta,silhouette,0.99,oct,True,7.0,0.7017012208742637,1.0761834076521397,1.0,0.0
4,Hepta,silhouette,0.99,oct,kmeans_plus,7.0,0.7017012208742637,1.0761834076521397,1.0,2.908945201
4,Hepta,silhouette,0.99,oct,hclust,7.0,0.7017012208742637,1.0761834076521397,1.0,0.662370209
4,Hepta,silhouette,0.99,oct,gmm,9.0,0.5892599416816287,0.1622665737471999,-10.0,0.172039832
4,Hepta,silhouette,0.99,oct,dbscan,0.7,0.7017012208742637,1.0761834076521397,-10.0,0.319789815
