seed,data,criterion,geom_threshold,warm_start,method,K,silhouette,dunn,ari_true,runtime
3,Hepta,dunnindex,0.99,oct,True,7.0,0.7017012208742637,1.0761834076521397,1.0,0.0
3,Hepta,dunnindex,0.99,oct,kmeans_plus,7.0,0.7017012208742637,1.0761834076521397,1.0,2.648870898
3,Hepta,dunnindex,0.99,oct,hclust,7.0,0.7017012208742637,1.0761834076521397,1.0,0.560898864
3,Hepta,dunnindex,0.99,oct,gmm,2.0,0.09891455491247489,0.27461073520537177,-10.0,0.177148693
3,Hepta,dunnindex,0.99,oct,dbscan,0.54,0.7017012208742637,1.0761834076521397,-10.0,1.603124222
