seed,data,criterion,geom_threshold,warm_start,method,K,silhouette,dunn,ari_true,runtime
3,Hepta,dunnindex,0.99,oct,True,7.0,0.7017012208742637,1.0761834076521397,1.0,0.0
3,Hepta,dunnindex,0.99,oct,kmeans_plus,7.0,0.7017012208742637,1.0761834076521397,1.0,3.931167958
3,Hepta,dunnindex,0.99,oct,hclust,7.0,0.7017012208742637,1.0761834076521397,1.0,0.70600179
3,Hepta,dunnindex,0.99,oct,gmm,2.0,0.09891455491247489,0.27461073520537177,-10.0,0.167785121
3,Hepta,dunnindex,0.99,oct,dbscan,0.7,0.7017012208742637,1.0761834076521397,-10.0,0.429091504
