seed,data,criterion,geom_threshold,warm_start,method,K,silhouette,dunn,ari_true,runtime
1,Hepta,silhouette,0.99,oct,True,7.0,0.7017012208742637,1.0761834076521397,1.0,0.0
1,Hepta,silhouette,0.99,oct,kmeans_plus,7.0,0.7017012208742637,1.0761834076521397,1.0,2.79627339
1,Hepta,silhouette,0.99,oct,hclust,7.0,0.7017012208742637,1.0761834076521397,1.0,0.445562158
1,Hepta,silhouette,0.99,oct,gmm,7.0,0.7017012208742637,1.0761834076521397,1.0,0.187858456
1,Hepta,silhouette,0.99,oct,dbscan,0.7,0.7017012208742637,1.0761834076521397,-10.0,0.351854258
