seed,data,criterion,geom_threshold,warm_start,method,K,silhouette,dunn,ari_true,runtime
4,Hepta,dunnindex,0.99,oct,True,7.0,0.7017012208742637,1.0761834076521397,1.0,0.0
4,Hepta,dunnindex,0.99,oct,kmeans_plus,7.0,0.7017012208742637,1.0761834076521397,1.0,2.523269929
4,Hepta,dunnindex,0.99,oct,hclust,7.0,0.7017012208742637,1.0761834076521397,1.0,0.588442913
4,Hepta,dunnindex,0.99,oct,gmm,4.0,0.4264281928075905,0.35457513285928655,-10.0,0.172880906
4,Hepta,dunnindex,0.99,oct,dbscan,0.54,0.7017012208742637,1.0761834076521397,-10.0,1.49141234
