seed,data,criterion,geom_threshold,warm_start,method,K,silhouette,dunn,ari_true,runtime
5,Hepta,silhouette,0.99,oct,True,7.0,0.7017012208742637,1.0761834076521397,1.0,0.0
5,Hepta,silhouette,0.99,oct,kmeans_plus,7.0,0.7017012208742637,1.0761834076521397,1.0,3.048609612
5,Hepta,silhouette,0.99,oct,hclust,7.0,0.7017012208742637,1.0761834076521397,1.0,0.557863934
5,Hepta,silhouette,0.99,oct,gmm,10.0,0.5921435843943889,0.14500613456908357,-10.0,0.157468983
5,Hepta,silhouette,0.99,oct,dbscan,0.7,0.7017012208742637,1.0761834076521397,-10.0,0.394111518
