seed,data,criterion,geom_threshold,warm_start,method,K,silhouette,dunn,ari_true,runtime
4,Lsun,dunnindex,0.99,oct,True,3.0,0.4393619698491053,0.11705239553975084,1.0,0.0
4,Lsun,dunnindex,0.99,oct,kmeans_plus,4.0,0.5687228019615705,0.055973938452984,-10.0,2.953049793
4,Lsun,dunnindex,0.99,oct,hclust,10.0,0.388729887157816,0.0705328095456078,-10.0,1.175951488
4,Lsun,dunnindex,0.99,oct,gmm,3.0,0.4393619698491053,0.11705239553975084,1.0,0.189614358
4,Lsun,dunnindex,0.99,oct,dbscan,0.35,0.4393619698491053,0.11705239553975084,-10.0,2.071884293
