seed,data,criterion,geom_threshold,warm_start,method,K,silhouette,dunn,ari_true,runtime
3,Lsun,silhouette,0.99,oct,True,3.0,0.4393619698491053,0.11705239553975084,1.0,0.0
3,Lsun,silhouette,0.99,oct,kmeans_plus,4.0,0.5687228019615705,0.055973938452984,-10.0,3.481075916
3,Lsun,silhouette,0.99,oct,hclust,4.0,0.5538263372540496,0.057498749732389484,-10.0,0.583977515
3,Lsun,silhouette,0.99,oct,gmm,6.0,0.5369696674816495,0.01964980293526817,-10.0,0.16751237
3,Lsun,silhouette,0.99,oct,dbscan,0.4,0.4393619698491053,0.11705239553975084,-10.0,0.494287212
