seed,data,criterion,geom_threshold,warm_start,method,K,silhouette,dunn,ari_true,runtime
1,Lsun,silhouette,0.99,oct,True,3.0,0.4393619698491053,0.11705239553975084,1.0,0.0
1,Lsun,silhouette,0.99,oct,kmeans_plus,4.0,0.5687228019615705,0.055973938452984,-10.0,3.032438978
1,Lsun,silhouette,0.99,oct,hclust,4.0,0.5538263372540496,0.057498749732389484,-10.0,0.816991431
1,Lsun,silhouette,0.99,oct,gmm,6.0,0.5384883422905458,0.01964980293526817,-10.0,0.188727707
1,Lsun,silhouette,0.99,oct,dbscan,0.3,0.4393619698491053,0.11705239553975084,-10.0,0.671011257
