seed,data,criterion,geom_threshold,warm_start,method,K,silhouette,dunn,ari_true,runtime
1,Target,silhouette,0.99,oct,True,6.0,0.29520828013791023,0.25329913298274587,1.0,0.0
1,Target,silhouette,0.99,oct,kmeans_plus,9.0,0.5927671569367768,0.009123159709525942,-10.0,4.698405824
1,Target,silhouette,0.99,oct,hclust,2.0,0.6187945806979066,0.26631728961233314,-10.0,1.796589682
1,Target,silhouette,0.99,oct,gmm,8.0,0.5450745856821219,0.009739430501920542,-10.0,0.221286948
1,Target,silhouette,0.99,oct,dbscan,0.2,0.4160897939249258,0.031862524354839106,-10.0,0.730817148
