seed,data,criterion,geom_threshold,warm_start,method,K,silhouette,dunn,ari_true,runtime
3,Target,dunnindex,0.99,oct,True,6.0,0.29520828013791023,0.25329913298274587,1.0,0.0
3,Target,dunnindex,0.99,oct,kmeans_plus,7.0,0.5891930529287043,0.02876102963518904,-10.0,4.092699755
3,Target,dunnindex,0.99,oct,hclust,5.0,0.5070454045474697,0.54970578533082,-10.0,1.993826495
3,Target,dunnindex,0.99,oct,gmm,4.0,0.4860447479973028,0.018885909722034102,-10.0,0.242863973
3,Target,dunnindex,0.99,oct,dbscan,0.54,0.27378431592522884,0.1168989585578307,-10.0,3.392513164
