seed,data,criterion,geom_threshold,warm_start,method,K,silhouette,dunn,ari_true,runtime
5,Target,silhouette,0.99,oct,True,6.0,0.29520828013791023,0.25329913298274587,1.0,0.0
5,Target,silhouette,0.99,oct,kmeans_plus,9.0,0.5928690898803927,0.026778835711248998,-10.0,4.634079195
5,Target,silhouette,0.99,oct,hclust,2.0,0.6187945806979066,0.26631728961233314,-10.0,2.046098146
5,Target,silhouette,0.99,oct,gmm,2.0,0.6345429365291497,0.2536922770389607,-10.0,0.227666061
5,Target,silhouette,0.99,oct,dbscan,0.2,0.4160897939249258,0.031862524354839106,-10.0,0.723089891
