seed,data,criterion,geom_threshold,warm_start,method,K,silhouette,dunn,ari_true,runtime
5,Target,dunnindex,0.99,oct,True,6.0,0.29520828013791023,0.25329913298274587,1.0,0.0
5,Target,dunnindex,0.99,oct,kmeans_plus,7.0,0.5891930529287043,0.02876102963518904,-10.0,4.158503191
5,Target,dunnindex,0.99,oct,hclust,5.0,0.5070454045474697,0.54970578533082,-10.0,1.954034949
5,Target,dunnindex,0.99,oct,gmm,2.0,0.6345429365291497,0.2536922770389607,-10.0,0.239961475
5,Target,dunnindex,0.99,oct,dbscan,0.54,0.27378431592522884,0.1168989585578307,-10.0,3.307286089
