seed,data,criterion,geom_threshold,warm_start,method,K,silhouette,dunn,ari_true,runtime
1,Target,silhouette,0.99,oct,True,6.0,0.29520828013791023,0.25329913298274587,1.0,0.0
1,Target,silhouette,0.99,oct,kmeans_plus,9.0,0.5927671569367768,0.009123159709525942,-10.0,4.095344447
1,Target,silhouette,0.99,oct,hclust,2.0,0.6187945806979066,0.26631728961233314,-10.0,1.84756356
1,Target,silhouette,0.99,oct,gmm,8.0,0.5450745856821219,0.009739430501920542,-10.0,0.213173372
1,Target,silhouette,0.99,oct,dbscan,0.19,0.5325405983767373,0.02323184072042796,-10.0,3.176253106
