seed,data,criterion,geom_threshold,warm_start,method,K,silhouette,dunn,ari_true,runtime
4,Target,silhouette,0.99,oct,True,6.0,0.29520828013791023,0.25329913298274587,1.0,0.0
4,Target,silhouette,0.99,oct,kmeans_plus,9.0,0.5928690898803927,0.026778835711248998,-10.0,4.044266433
4,Target,silhouette,0.99,oct,hclust,2.0,0.6187945806979066,0.26631728961233314,-10.0,1.693708306
4,Target,silhouette,0.99,oct,gmm,6.0,0.5375990436214734,0.006907102678412806,0.6927611253316359,0.228414548
4,Target,silhouette,0.99,oct,dbscan,0.19,0.5325405983767373,0.02323184072042796,-10.0,3.130134948
