seed,data,criterion,geom_threshold,warm_start,method,K,silhouette,dunn,ari_true,runtime
3,Target,silhouette,0.99,oct,True,6.0,0.29520828013791023,0.25329913298274587,1.0,0.0
3,Target,silhouette,0.99,oct,kmeans_plus,9.0,0.5928690898803927,0.026778835711248998,-10.0,4.08093006
3,Target,silhouette,0.99,oct,hclust,2.0,0.6187945806979066,0.26631728961233314,-10.0,2.097450597
3,Target,silhouette,0.99,oct,gmm,5.0,0.5374945015632305,0.010131752642392905,-10.0,0.230958927
3,Target,silhouette,0.99,oct,dbscan,0.15,0.429619052980538,0.008343057539064575,-10.0,1.009760636
