seed,data,criterion,geom_threshold,warm_start,method,K,silhouette,dunn,ari_true,runtime
4,Tetra,silhouette,0.99,oct,True,4.0,0.5035416208491038,0.19966220595159145,1.0,0.0
4,Tetra,silhouette,0.99,oct,kmeans_plus,4.0,0.5035416208491038,0.19966220595159145,1.0,3.312046011
4,Tetra,silhouette,0.99,oct,hclust,4.0,0.5035416208491038,0.19966220595159145,1.0,1.22386205
4,Tetra,silhouette,0.99,oct,gmm,4.0,0.5035416208491038,0.19966220595159145,1.0,0.196932733
4,Tetra,silhouette,0.99,oct,dbscan,0.5,0.3980945468490914,0.12421684306481949,-10.0,0.54818374
