seed,data,criterion,geom_threshold,warm_start,method,K,silhouette,dunn,ari_true,runtime
5,Tetra,dunnindex,0.99,oct,True,4.0,0.5035416208491038,0.19966220595159145,1.0,0.0
5,Tetra,dunnindex,0.99,oct,kmeans_plus,4.0,0.5035416208491038,0.19966220595159145,1.0,2.325219397
5,Tetra,dunnindex,0.99,oct,hclust,4.0,0.5035416208491038,0.19966220595159145,1.0,1.396360552
5,Tetra,dunnindex,0.99,oct,gmm,4.0,0.5035416208491038,0.19966220595159145,1.0,0.223152222
5,Tetra,dunnindex,0.99,oct,dbscan,0.45,0.5035416208491038,0.19966220595159145,-10.0,0.608273136
