seed,data,criterion,geom_threshold,warm_start,method,K,silhouette,dunn,ari_true,runtime
5,Tetra,silhouette,0.99,oct,True,4.0,0.5035416208491038,0.19966220595159145,1.0,0.0
5,Tetra,silhouette,0.99,oct,kmeans_plus,4.0,0.5035416208491038,0.19966220595159145,1.0,3.079094555
5,Tetra,silhouette,0.99,oct,hclust,4.0,0.5035416208491038,0.19966220595159145,1.0,1.273072477
5,Tetra,silhouette,0.99,oct,gmm,4.0,0.5035416208491038,0.19966220595159145,1.0,0.22795817
5,Tetra,silhouette,0.99,oct,dbscan,0.48,0.5035416208491038,0.19966220595159145,-10.0,2.010513886
