seed,data,criterion,geom_threshold,warm_start,method,K,silhouette,dunn,ari_true,runtime
1,Tetra,dunnindex,0.99,oct,True,4.0,0.5035416208491038,0.19966220595159145,1.0,0.0
1,Tetra,dunnindex,0.99,oct,kmeans_plus,4.0,0.5035416208491038,0.19966220595159145,1.0,3.1201648
1,Tetra,dunnindex,0.99,oct,hclust,4.0,0.5035416208491038,0.19966220595159145,1.0,1.122299377
1,Tetra,dunnindex,0.99,oct,gmm,4.0,0.5035416208491038,0.19966220595159145,1.0,0.19120794
1,Tetra,dunnindex,0.99,oct,dbscan,0.45,0.5035416208491038,0.19966220595159145,-10.0,0.732656039
