seed,data,criterion,geom_threshold,warm_start,method,K,silhouette,dunn,ari_true,runtime
1,TwoDiamonds,silhouette,0.99,oct,True,2.0,0.48591870935773296,0.022004889975551917,1.0,0.0
1,TwoDiamonds,silhouette,0.99,oct,kmeans_plus,2.0,0.48591870935773296,0.022004889975551917,1.0,4.355958889
1,TwoDiamonds,silhouette,0.99,oct,hclust,2.0,0.48525951981598175,0.034080288605124014,0.9850375245509264,2.127188598
1,TwoDiamonds,silhouette,0.99,oct,gmm,2.0,0.48591870935773296,0.022004889975551917,0.0,0.217584846
1,TwoDiamonds,silhouette,0.99,oct,dbscan,0.17,0.2661461010551469,0.029782388582745775,-10.0,3.016307939
