seed,data,criterion,geom_threshold,warm_start,method,K,silhouette,dunn,ari_true,runtime
3,TwoDiamonds,dunnindex,0.99,oct,True,2.0,0.48591870935773296,0.022004889975551917,1.0,0.0
3,TwoDiamonds,dunnindex,0.99,oct,kmeans_plus,8.0,0.3855358623199369,0.02740777027451619,-10.0,4.366963268
3,TwoDiamonds,dunnindex,0.99,oct,hclust,9.0,0.3836081090483955,0.04858221203649906,-10.0,2.223233469
3,TwoDiamonds,dunnindex,0.99,oct,gmm,7.0,0.34095616661742445,0.017624276697490636,-10.0,0.252511917
3,TwoDiamonds,dunnindex,0.99,oct,dbscan,0.15,0.005058709691708858,0.02495939564875651,-10.0,0.931843528
