seed,data,criterion,geom_threshold,warm_start,method,K,silhouette,dunn,ari_true,runtime
3,TwoDiamonds,silhouette,0.99,oct,True,2.0,0.48591870935773296,0.022004889975551917,1.0,0.0
3,TwoDiamonds,silhouette,0.99,oct,kmeans_plus,2.0,0.48591870935773296,0.022004889975551917,1.0,4.156732114
3,TwoDiamonds,silhouette,0.99,oct,hclust,2.0,0.48525951981598175,0.034080288605124014,0.9850375245509264,2.199483267
3,TwoDiamonds,silhouette,0.99,oct,gmm,4.0,0.39529827720279387,0.015564266172430551,-10.0,0.225729296
3,TwoDiamonds,silhouette,0.99,oct,dbscan,0.17,0.2661461010551469,0.029782388582745775,-10.0,3.117977105
