seed,data,criterion,geom_threshold,warm_start,method,K,silhouette,dunn,ari_true,runtime
4,TwoDiamonds,dunnindex,0.99,oct,True,2.0,0.48591870935773296,0.022004889975551917,1.0,0.0
4,TwoDiamonds,dunnindex,0.99,oct,kmeans_plus,9.0,0.40327654598518015,0.032819992232505556,-10.0,4.281857089
4,TwoDiamonds,dunnindex,0.99,oct,hclust,9.0,0.3836081090483955,0.04858221203649906,-10.0,2.253192698
4,TwoDiamonds,dunnindex,0.99,oct,gmm,10.0,0.34980983025762347,0.017858747809746663,-10.0,0.259044778
4,TwoDiamonds,dunnindex,0.99,oct,dbscan,0.15,0.005058709691708858,0.02495939564875651,-10.0,0.924386221
