seed,data,criterion,geom_threshold,warm_start,method,K,silhouette,dunn,ari_true,runtime
2,TwoDiamonds,dunnindex,0.99,oct,True,2.0,0.48591870935773296,0.022004889975551917,1.0,0.0
2,TwoDiamonds,dunnindex,0.99,oct,kmeans_plus,8.0,0.38493576507758953,0.02740777027451619,-10.0,4.249832537
2,TwoDiamonds,dunnindex,0.99,oct,hclust,9.0,0.3836081090483955,0.04858221203649906,-10.0,2.130479937
2,TwoDiamonds,dunnindex,0.99,oct,gmm,9.0,0.34148419737925323,0.020040729143726232,-10.0,0.238197788
2,TwoDiamonds,dunnindex,0.99,oct,dbscan,0.17,0.2661461010551469,0.029782388582745775,-10.0,3.28500993
