seed,data,criterion,geom_threshold,warm_start,method,K,silhouette,dunn,ari_true,runtime
5,TwoDiamonds,dunnindex,0.99,oct,True,2.0,0.485918709357733,0.022004889975551917,1.0,0.0
5,TwoDiamonds,dunnindex,0.99,oct,kmeans_plus,10.0,0.3863675475816714,0.03302422392425889,-10.0,3.281235778
5,TwoDiamonds,dunnindex,0.99,oct,hclust,9.0,0.3836081090483956,0.04858221203649906,-10.0,2.0003307
5,TwoDiamonds,dunnindex,0.99,oct,gmm,4.0,0.3859482931362886,0.02374189311491283,-10.0,0.25315601
5,TwoDiamonds,dunnindex,0.99,oct,dbscan,0.1,0.04742603138217521,0.005368614292649572,-10.0,0.564837539
