seed,data,criterion,geom_threshold,warm_start,method,K,silhouette,dunn,ari_true,runtime
3,TwoDiamonds,silhouette,0.99,oct,True,2.0,0.48591870935773296,0.022004889975551917,1.0,0.0
3,TwoDiamonds,silhouette,0.99,oct,kmeans_plus,2.0,0.48591870935773296,0.022004889975551917,1.0,4.640068233
3,TwoDiamonds,silhouette,0.99,oct,hclust,2.0,0.48525951981598175,0.034080288605124014,0.9850375245509264,2.132973055
3,TwoDiamonds,silhouette,0.99,oct,gmm,4.0,0.39529827720279387,0.015564266172430551,-10.0,0.217327378
3,TwoDiamonds,silhouette,0.99,oct,dbscan,0.1,0.04742603138217521,0.005368614292649572,-10.0,0.613472878
