seed,data,criterion,geom_threshold,warm_start,method,K,silhouette,dunn,ari_true,runtime
5,TwoDiamonds,dunnindex,0.99,oct,True,2.0,0.485918709357733,0.022004889975551917,1.0,0.0
5,TwoDiamonds,dunnindex,0.99,oct,kmeans_plus,10.0,0.3863675475816714,0.03302422392425889,-10.0,3.290661523
5,TwoDiamonds,dunnindex,0.99,oct,hclust,9.0,0.3836081090483956,0.04858221203649906,-10.0,2.331617329
5,TwoDiamonds,dunnindex,0.99,oct,gmm,4.0,0.3859482931362886,0.02374189311491283,-10.0,0.248067188
5,TwoDiamonds,dunnindex,0.99,oct,dbscan,0.17,0.26614610105514697,0.029782388582745775,-10.0,2.398867465
