seed,data,criterion,geom_threshold,warm_start,method,K,silhouette,dunn,ari_true,runtime
1,TwoDiamonds,dunnindex,0.99,oct,True,2.0,0.48591870935773296,0.022004889975551917,1.0,0.0
1,TwoDiamonds,dunnindex,0.99,oct,kmeans_plus,9.0,0.40327654598518015,0.032819992232505556,-10.0,5.764722246
1,TwoDiamonds,dunnindex,0.99,oct,hclust,9.0,0.3836081090483955,0.04858221203649906,-10.0,2.147391665
1,TwoDiamonds,dunnindex,0.99,oct,gmm,8.0,0.3377830041672529,0.024819677583950085,-10.0,0.250521219
1,TwoDiamonds,dunnindex,0.99,oct,dbscan,0.1,0.04742603138217521,0.005368614292649572,-10.0,0.640892595
