seed,data,criterion,geom_threshold,warm_start,method,K,silhouette,dunn,ari_true,runtime
4,WingNut,dunnindex,0.99,oct,True,2.0,0.38388491904798483,0.06325961245733609,1.0,0.0
4,WingNut,dunnindex,0.99,oct,kmeans_plus,7.0,0.340655573174621,0.02593638927420094,-10.0,5.338404506
4,WingNut,dunnindex,0.99,oct,hclust,9.0,0.24567788774680585,0.03638432497911797,-10.0,2.557216945
4,WingNut,dunnindex,0.99,oct,gmm,5.0,0.39486276445425733,0.014457701246132713,-10.0,0.268942748
4,WingNut,dunnindex,0.99,oct,dbscan,0.25,0.38388491904798483,0.06325961245733609,-10.0,0.990618224
