seed,data,criterion,geom_threshold,warm_start,method,K,silhouette,dunn,ari_true,runtime
1,WingNut,silhouette,0.99,oct,True,2,0.3838849190479848,0.06325961245733609,1,0
1,WingNut,silhouette,0.99,oct,kmeans_plus,2,0.42568706204814905,0.013985731200547802,0.6702684825487994,4.41749248
1,WingNut,silhouette,0.99,oct,hclust,4,0.4178070327694231,0.03091238170010016,-10,0.994423329
1,WingNut,silhouette,0.99,oct,gmm,4,0.4127100234035696,0.011398637053625796,-10,0.079797043
1,WingNut,silhouette,0.99,oct,dbscan,0.25,0.3838849190479848,0.06325961245733609,-10,1.042350596
