seed,data,criterion,geom_threshold,warm_start,method,K,silhouette,dunn,ari_true,runtime
1,WingNut,silhouette,0.99,oct,True,2.0,0.38388491904798483,0.06325961245733609,1.0,0.0
1,WingNut,silhouette,0.99,oct,kmeans_plus,2.0,0.425687062048149,0.013985731200547802,0.6702684825487994,5.229177353
1,WingNut,silhouette,0.99,oct,hclust,4.0,0.4178070327694227,0.03091238170010016,-10.0,2.756162891
1,WingNut,silhouette,0.99,oct,gmm,4.0,0.4127100234035696,0.011398637053625796,-10.0,0.254275391
1,WingNut,silhouette,0.99,oct,dbscan,0.25,0.38388491904798483,0.06325961245733609,-10.0,1.057463914
