seed,data,criterion,geom_threshold,warm_start,method,K,silhouette,dunn,ari_true,runtime
1,WingNut,dunnindex,0.99,oct,True,2.0,0.38388491904798483,0.06325961245733609,1.0,0.0
1,WingNut,dunnindex,0.99,oct,kmeans_plus,7.0,0.3406964590437909,0.02593638927420094,-10.0,5.447751937
1,WingNut,dunnindex,0.99,oct,hclust,9.0,0.24567788774680585,0.03638432497911797,-10.0,2.808540013
1,WingNut,dunnindex,0.99,oct,gmm,5.0,0.3970973391999453,0.015154080818807333,-10.0,0.275925542
1,WingNut,dunnindex,0.99,oct,dbscan,0.25,0.38388491904798483,0.06325961245733609,-10.0,1.109722133
