seed,data,criterion,geom_threshold,warm_start,method,K,silhouette,dunn,ari_true,runtime
2,WingNut,silhouette,0.99,oct,True,2.0,0.38388491904798483,0.06325961245733609,1.0,0.0
2,WingNut,silhouette,0.99,oct,kmeans_plus,2.0,0.425687062048149,0.013985731200547802,0.6702684825487994,5.304344088
2,WingNut,silhouette,0.99,oct,hclust,4.0,0.4178070327694227,0.03091238170010016,-10.0,2.671567201
2,WingNut,silhouette,0.99,oct,gmm,4.0,0.3987081623536687,0.013249435942719387,-10.0,0.269786082
2,WingNut,silhouette,0.99,oct,dbscan,0.24,0.38388491904798483,0.06325961245733609,-10.0,3.815322068
