seed,data,criterion,geom_threshold,warm_start,method,K,silhouette,dunn,ari_true,runtime
2,WingNut,dunnindex,0.99,oct,True,2.0,0.38388491904798483,0.06325961245733609,1.0,0.0
2,WingNut,dunnindex,0.99,oct,kmeans_plus,7.0,0.340655573174621,0.02593638927420094,-10.0,6.038028061
2,WingNut,dunnindex,0.99,oct,hclust,9.0,0.24567788774680585,0.03638432497911797,-10.0,2.762242461
2,WingNut,dunnindex,0.99,oct,gmm,7.0,0.33986771636498275,0.015585340598030985,-10.0,0.272183541
2,WingNut,dunnindex,0.99,oct,dbscan,0.2,-0.0006104118466973566,0.019078869592893594,-10.0,0.719937835
