seed,data,criterion,geom_threshold,warm_start,method,K,silhouette,dunn,ari_true,runtime
5,WingNut,dunnindex,0.99,oct,True,2.0,0.38388491904798483,0.06325961245733609,1.0,0.0
5,WingNut,dunnindex,0.99,oct,kmeans_plus,7.0,0.3406964590437909,0.02593638927420094,-10.0,4.903472591
5,WingNut,dunnindex,0.99,oct,hclust,9.0,0.24567788774680585,0.03638432497911797,-10.0,2.408286566
5,WingNut,dunnindex,0.99,oct,gmm,7.0,0.35058337516369986,0.015432543035541717,-10.0,0.251182733
5,WingNut,dunnindex,0.99,oct,dbscan,0.2,-0.0006104118466973566,0.019078869592893594,-10.0,0.691715519
