seed,data,criterion,geom_threshold,warm_start,method,K,silhouette,dunn,ari_true,runtime
2,WingNut,silhouette,0.99,oct,True,2.0,0.38388491904798483,0.06325961245733609,1.0,0.0
2,WingNut,silhouette,0.99,oct,kmeans_plus,2.0,0.425687062048149,0.013985731200547802,0.6702684825487994,5.616269136
2,WingNut,silhouette,0.99,oct,hclust,4.0,0.4178070327694227,0.03091238170010016,-10.0,2.768864053
2,WingNut,silhouette,0.99,oct,gmm,4.0,0.3987081623536687,0.013249435942719387,-10.0,0.257680855
2,WingNut,silhouette,0.99,oct,dbscan,0.1,0.04606380119550724,0.003880836815740184,-10.0,0.704613659
