"seed","K_optclust","kmeans_k","true_k","score_optclust","score_kmeans_bestk","score_kmeans_kc","score_true","ari_optclust_kmeans","ari_true_kmeans","are_true_optclust"
2,2,4,2,0.08609288029268126,0.029627328152957315,0.023277029967877658,0.375477264723317,0.025811887429712643,0.18853360320866638,7.509573767858595e-5
